job_id,posting_year,country,region,city,company_name,company_size,industry,job_title,seniority_level,ai_mentioned,ai_keywords,ai_intensity_score,core_skills,ai_skills,salary_usd,salary_change_vs_prev_year_percent,automation_risk_score,reskilling_required,ai_job_displacement_risk,job_description_embedding_cluster,industry_ai_adoption_stage
5e739937-d1b0-44d7-935c-7ebb3fc1f6e8,2014,Taiwan,East Asia,Sydney,Future Technologies,Small,Manufacturing,ML Engineer,Lead,False,,0.11,"SQL, Python, Communication, Software Engineering, Statistics, Business Analysis",Not Specified,57215,0.85,0.87,False,High,13,Emerging
1da6731c-2a17-4fde-b43a-3281912bc31d,2016,Jordan,Middle East,Singapore,Prime Systems,Medium,Healthcare,Software Engineer,Mid,False,,0.11,"Project Management, Python, Communication, Cloud Computing, Research",Not Specified,63931,0.3,0.6,False,Low,15,Emerging
85cccc9e-f1c0-4b09-80c0-ab91b09d6f6b,2014,Peru,South America,Paris,NextGen Solutions,Large,Healthcare,Systems Engineer,Executive,False,,0.03,"Software Engineering, Research, Communication, Python, SQL",Not Specified,39525,1.07,0.89,False,Low,2,Emerging
510a083d-c929-452e-bca9-2224547c3f26,2011,Australia,Oceania,Tokyo,Prime Systems,Startup,Agriculture,ML Engineer,Senior,False,,0.19,"Business Analysis, Cloud Computing, Software Engineering",Not Specified,73953,-3.34,0.75,False,Medium,13,Emerging
e39cdd94-1247-4380-89db-56c8a4b84f06,2017,China,East Asia,Singapore,Global Systems,Enterprise,Tech,Operations Manager,Lead,True,"NLP, deep learning, reinforcement learning",0.53,"SQL, Research, Project Management","NLP, deep learning, reinforcement learning",90257,1.72,0.19,True,High,8,Growing
21f7cb94-8074-4252-b5cc-aff4ef10f046,2018,Pakistan,South Asia,Berlin,Future Technologies,Large,Agriculture,Operations Manager,Lead,True,machine learning,0.75,"Research, Python, SQL, Communication, Statistics, Software Engineering",machine learning,38150,5.57,0.2,True,High,1,Growing
9357ad9b-1bec-4d4f-8f1f-f16f11d59302,2022,Nepal,South Asia,Bangalore,Global Systems,Medium,Agriculture,Research Scientist,Senior,False,,0.02,"Statistics, Business Analysis, SQL, Project Management, Cloud Computing",Not Specified,31038,-3.21,0.89,False,Low,8,Growing
09bdb9b7-3e71-4e27-a2d4-1373b104850f,2023,Mexico,North America,Singapore,Prime Systems,Enterprise,Tech,Product Manager,Lead,False,,0.11,"SQL, Cloud Computing, Research, Statistics, Project Management",Not Specified,103705,2.42,0.8,False,Medium,12,Mature
2a36105f-9ede-4dbf-a803-e49a65790c86,2019,Germany,Europe,Toronto,Global Analytics,Enterprise,Agriculture,Systems Engineer,Executive,True,"reinforcement learning, NLP",0.52,"Business Analysis, Software Engineering, Communication, SQL","reinforcement learning, NLP",97050,5.32,0.17,True,Low,0,Growing
fce15c4e-c867-4d79-8acd-b82136b50b56,2017,Colombia,South America,Toronto,Future Analytics,Enterprise,Healthcare,Research Scientist,Executive,False,,0.11,"Research, Software Engineering, Data Analysis, Statistics, Project Management, Business Analysis",Not Specified,47653,-3.79,0.64,False,Medium,7,Growing
c24dc783-b4fa-49d9-895c-27a0916160da,2011,Mexico,North America,Tokyo,Global Technologies,Small,Retail,AI Researcher,Junior,False,,0.16,"SQL, Project Management, Software Engineering, Statistics, Data Analysis, Business Analysis",Not Specified,75382,2.54,0.88,False,Low,19,Emerging
9a2124ed-634e-4002-b7af-21e5a15bf1bd,2020,Peru,South America,Lagos,NextGen Analytics,Large,Tech,ML Engineer,Executive,False,,0.02,"Communication, Research, Software Engineering, Project Management, Business Analysis",Not Specified,51789,1.36,0.85,False,High,18,Growing
c41a9305-8dd1-4716-8953-2be6a0f256d7,2010,Italy,Europe,Seoul,Prime Systems,Small,Agriculture,Data Scientist,Lead,False,,0.19,"Software Engineering, Communication, Research, Data Analysis, SQL",Not Specified,60960,1.97,0.64,False,Low,8,Emerging
c73e30bb-0373-490b-8bc9-9ec03db8ca84,2016,Argentina,South America,Dubai,Prime Solutions,Startup,Manufacturing,Data Scientist,Junior,False,,0.03,"Cloud Computing, Software Engineering, SQL, Statistics, Research",Not Specified,36035,-4.97,0.74,False,Medium,18,Emerging
710c257b-c349-4af4-b55a-c0dcc23eca59,2013,Egypt,Africa,Bangalore,Future Analytics,Small,Agriculture,Software Engineer,Senior,False,,0.18,"Business Analysis, Cloud Computing, Software Engineering, Project Management, Python",Not Specified,21542,-4.29,0.65,False,High,1,Emerging
7f4d6e30-8692-4032-8cf7-b24f9859c302,2018,South Korea,East Asia,Paris,Prime Solutions,Startup,Tech,ML Engineer,Lead,True,reinforcement learning,0.85,"Software Engineering, SQL, Communication, Data Analysis, Project Management, Business Analysis",reinforcement learning,97664,14.92,0.15,True,Medium,3,Growing
729f4003-da4e-4bbf-ae66-3456c18bbdc2,2025,Japan,East Asia,Seoul,NextGen Systems,Small,Tech,Operations Manager,Mid,True,"deep learning, MLOps, computer vision",0.45,"Communication, Business Analysis, SQL, Research, Data Analysis","deep learning, MLOps, computer vision",125397,5.2,0.14,True,High,17,Mature
6687d3f5-209b-436c-8328-c575fb39d481,2025,South Korea,East Asia,London,Prime Systems,Startup,Agriculture,Software Engineer,Senior,False,,0.05,"Cloud Computing, Python, Research, Data Analysis",Not Specified,84161,-2.13,0.67,False,Low,9,Growing
c43eb502-7458-4d94-b0c5-cc630477600f,2023,Bangladesh,South Asia,Dubai,NextGen Technologies,Small,Healthcare,Operations Manager,Executive,True,"NLP, deep learning",0.44,"Software Engineering, Cloud Computing, Python, Business Analysis, Project Management","NLP, deep learning",43249,13.06,0.17,True,Medium,17,Growing
66500a7a-d158-43ec-acdc-7d07fddc7df4,2024,Germany,Europe,Singapore,Future Solutions,Enterprise,Retail,Data Scientist,Executive,True,"LLMs, computer vision, NLP, deep learning",0.95,"Cloud Computing, Python, Research, Communication, Statistics, Project Management","LLMs, computer vision, NLP, deep learning",131923,6.39,0.21,True,Medium,7,Growing
0182cee0-0d2e-4c4a-8006-3abf2c8ccd20,2016,Pakistan,South Asia,Dubai,Future Technologies,Small,Manufacturing,Software Engineer,Mid,False,,0.18,"Business Analysis, Data Analysis, Project Management, SQL, Cloud Computing",Not Specified,24636,-1.91,0.73,False,Medium,16,Emerging
6979ef4a-dd7b-47cf-ab0f-1e3a13f3082b,2015,New Zealand,Oceania,London,NextGen Technologies,Large,Manufacturing,Systems Engineer,Lead,False,,0.06,"SQL, Business Analysis, Python, Data Analysis, Cloud Computing",Not Specified,83056,3.04,0.74,False,Low,14,Emerging
819e3ccf-4686-4d86-b847-db568a1d95e1,2022,Bangladesh,South Asia,Dubai,NextGen Systems,Startup,Retail,Operations Manager,Executive,False,,0.09,"Business Analysis, SQL, Data Analysis, Python, Communication",Not Specified,28175,4.43,0.7,False,Medium,15,Growing
7061083f-edc9-4dce-b2bb-561097259e17,2017,Brazil,South America,Dubai,NextGen Analytics,Small,Agriculture,Software Engineer,Senior,False,,0.07,"Cloud Computing, Python, Statistics, SQL, Project Management, Software Engineering",Not Specified,48059,1.96,0.76,False,Low,11,Growing
e82d1003-1151-44de-bd5e-beaee0764884,2021,Chile,South America,New York,Future Technologies,Large,Tech,ML Engineer,Lead,True,reinforcement learning,0.45,"SQL, Research, Project Management, Cloud Computing",reinforcement learning,59541,13.31,0.39,True,Low,7,Growing
af0a8661-6ad5-4679-9166-596671dabb4e,2010,Pakistan,South Asia,Berlin,Global Solutions,Small,Manufacturing,AI Researcher,Lead,False,,0.11,"Python, Data Analysis, Cloud Computing, Communication, SQL",Not Specified,21791,-3.9,0.86,False,High,13,Emerging
1c4ec105-0dd1-44b4-93db-b7b75e0267a9,2019,Jordan,Middle East,Seoul,Future Systems,Startup,Retail,Business Analyst,Lead,False,,0.04,"Business Analysis, Research, Python, Cloud Computing",Not Specified,66485,-2.76,0.63,False,High,8,Growing
a939bb64-8624-49aa-b8ad-46fd18628932,2018,United States,North America,Lagos,Global Systems,Medium,Manufacturing,Policy Analyst,Junior,False,,0.04,"Business Analysis, Software Engineering, Statistics, SQL, Data Analysis, Research",Not Specified,77510,1.57,0.62,False,High,10,Growing
b9516a66-1763-42b0-8041-d6e6ba3cf179,2014,Brazil,South America,Tokyo,Global Solutions,Enterprise,Healthcare,Systems Engineer,Intern,True,NLP,0.64,"Communication, Software Engineering, Cloud Computing, Python, SQL",NLP,53628,1.07,0.22,True,Medium,19,Emerging
6d23684e-0fce-4173-8762-a2cdbf72607e,2016,United States,North America,Sydney,NextGen Technologies,Small,Manufacturing,Systems Engineer,Lead,False,,0.15,"Research, Communication, Statistics, Python",Not Specified,77382,-3.8,0.75,False,Medium,1,Emerging
2036d0ba-21d8-4a11-a6da-fe9529ecf877,2024,Thailand,Southeast Asia,Paris,Global Solutions,Medium,Retail,Operations Manager,Senior,True,reinforcement learning,0.64,"Python, Statistics, Cloud Computing",reinforcement learning,56112,8.57,0.12,True,Low,2,Growing
e2b39117-2cdc-4840-8e5f-a9e7e4577a51,2024,New Zealand,Oceania,Seoul,Future Systems,Startup,Agriculture,Policy Analyst,Executive,True,"generative AI, LLMs",0.66,"Python, Project Management, Software Engineering, Research","generative AI, LLMs",115685,5.8,0.13,True,High,16,Growing
b34fc021-a6fc-4643-b9f0-444b52506ca9,2021,Netherlands,Europe,Bangalore,Future Technologies,Large,Manufacturing,Product Manager,Intern,True,"machine learning, MLOps, generative AI",0.76,"Statistics, Cloud Computing, Business Analysis, SQL","machine learning, MLOps, generative AI",97171,6.23,0.3,True,High,2,Growing
7a1e3907-a699-4a0e-a513-fa033cd8d927,2022,Jordan,Middle East,Sao Paulo,Prime Solutions,Small,Retail,Data Scientist,Mid,False,,0.17,"Data Analysis, Project Management, Statistics, Business Analysis, Research",Not Specified,72871,1.85,0.76,False,Low,7,Growing
17957a82-2923-4eac-b2e8-e2d25eb3148c,2012,France,Europe,Nairobi,NextGen Analytics,Startup,Manufacturing,ML Engineer,Junior,False,,0.11,"Communication, Data Analysis, Software Engineering, Python",Not Specified,68153,0.27,0.8,False,Medium,11,Emerging
e34e7dd7-fda0-4519-bffd-f85b465791b9,2013,Nepal,South Asia,Sydney,Global Technologies,Startup,Agriculture,Operations Manager,Mid,False,,0.15,"Business Analysis, Python, Communication",Not Specified,20314,4.05,0.64,False,High,11,Emerging
220c2d55-af8e-4bc8-ad0a-3acd2b8210cf,2012,Egypt,Africa,Berlin,Global Solutions,Small,Retail,Operations Manager,Executive,False,,0.19,"Software Engineering, Communication, Python, Research",Not Specified,21021,1.5,0.84,False,Low,8,Emerging
f5e16521-9d1a-4255-b640-3d96f6f16608,2023,Ghana,Africa,Toronto,Global Analytics,Startup,Healthcare,Product Manager,Mid,True,"deep learning, LLMs, MLOps",0.68,"Statistics, SQL, Communication","deep learning, LLMs, MLOps",40159,12.2,0.22,True,Low,3,Growing
de722795-b511-4a43-9ee1-c19edba66eb5,2011,Pakistan,South Asia,Toronto,NextGen Technologies,Enterprise,Retail,Software Engineer,Executive,False,,0.13,"Python, Cloud Computing, Project Management, Communication, SQL, Business Analysis",Not Specified,22641,1.85,0.89,False,Medium,9,Emerging
7addb9b0-a802-4f58-bbea-3df931fdf060,2025,New Zealand,Oceania,Singapore,Future Systems,Startup,Manufacturing,Product Manager,Senior,False,,0.04,"Software Engineering, Business Analysis, Statistics, SQL, Project Management, Communication",Not Specified,90205,2.81,0.86,False,Medium,16,Growing
34460cc1-f548-4a21-935d-e0e5d4051e35,2015,Nepal,South Asia,Sao Paulo,Future Solutions,Small,Tech,Systems Engineer,Lead,False,,0.14,"Communication, Data Analysis, Software Engineering",Not Specified,22573,-3.74,0.67,False,Medium,11,Emerging
35a7fe95-c9ca-4328-9f3d-c7f78fb443b5,2014,Singapore,Southeast Asia,Toronto,Prime Systems,Medium,Agriculture,Business Analyst,Mid,False,,0.13,"Project Management, Cloud Computing, Software Engineering, SQL, Python, Business Analysis",Not Specified,31076,-3.87,0.82,False,Low,14,Emerging
3de0e43d-d8ba-4158-b131-f011037c39a7,2012,Poland,Europe,Lagos,NextGen Solutions,Medium,Retail,Policy Analyst,Junior,False,,0.11,"Project Management, Data Analysis, Communication",Not Specified,59600,-2.0,0.65,False,Medium,0,Emerging
86b01136-e873-40da-87b4-7dd793bb2049,2023,France,Europe,Tokyo,Future Solutions,Startup,Agriculture,Software Engineer,Mid,False,,0.1,"Research, Cloud Computing, Data Analysis, Statistics",Not Specified,78499,-3.38,0.88,False,Medium,19,Growing
078d35f0-ec46-49a2-bbd1-0d9e44ebc3fb,2015,Australia,Oceania,Seoul,Global Systems,Small,Healthcare,Data Scientist,Executive,False,,0.14,"Project Management, Business Analysis, Python, Communication, Statistics",Not Specified,77107,3.43,0.77,False,High,9,Emerging
dcad2123-283c-47b5-a8e4-4864efe57f34,2013,Egypt,Africa,Tokyo,NextGen Solutions,Large,Manufacturing,Research Scientist,Executive,False,,0.02,"Project Management, Data Analysis, Software Engineering, Cloud Computing, Communication",Not Specified,18385,-1.16,0.78,False,Medium,9,Emerging
eaa26965-97fa-4774-8a02-76351bb03cd6,2011,China,East Asia,Berlin,Future Solutions,Small,Tech,ML Engineer,Senior,False,,0.16,"Communication, Statistics, Software Engineering, Research, Cloud Computing",Not Specified,56978,-3.51,0.87,False,Medium,15,Emerging
89ea6aee-39ca-448e-ae74-1bf56cee1280,2021,Nepal,South Asia,Bangalore,Future Technologies,Enterprise,Manufacturing,Operations Manager,Mid,False,,0.19,"Statistics, Research, Cloud Computing, Data Analysis, Python, Software Engineering",Not Specified,24836,-2.02,0.88,False,High,17,Growing
6a1c823b-0d76-4fbe-807b-bbe865249cc5,2021,Taiwan,East Asia,Seoul,Future Solutions,Medium,Healthcare,ML Engineer,Intern,True,generative AI,0.91,"Project Management, Python, Communication, Statistics",generative AI,107201,14.72,0.16,True,Low,1,Growing
7aaf7b46-64b2-4902-9af9-a5460a52fa3f,2023,United States,North America,Bangalore,Global Systems,Startup,Healthcare,Business Analyst,Lead,False,,0.08,"Statistics, Cloud Computing, Software Engineering",Not Specified,97165,4.37,0.89,False,High,17,Growing
f1483de7-2b46-43f5-8a63-7ba1f13cbf91,2014,New Zealand,Oceania,Lagos,NextGen Systems,Large,Agriculture,Product Manager,Mid,False,,0.16,"Data Analysis, Business Analysis, Research, Cloud Computing",Not Specified,69102,2.31,0.79,False,Medium,2,Emerging
e25f42ca-db03-436d-8cb2-520bf8e9b1a0,2015,China,East Asia,Singapore,Future Systems,Large,Healthcare,Business Analyst,Executive,False,,0.05,"Project Management, Python, SQL, Communication, Data Analysis",Not Specified,58710,-2.64,0.83,False,Low,12,Emerging
da41533d-b43b-474e-b831-9b6dffb08390,2013,New Zealand,Oceania,Dubai,Future Analytics,Medium,Manufacturing,Policy Analyst,Senior,False,,0.04,"Project Management, SQL, Software Engineering, Cloud Computing",Not Specified,63061,-3.47,0.82,False,High,11,Emerging
539b405a-bb48-483e-84ec-b2e97550eb44,2013,Peru,South America,Toronto,Global Technologies,Enterprise,Tech,Research Scientist,Senior,False,,0.04,"Research, Software Engineering, Python",Not Specified,38569,-3.35,0.86,False,Medium,4,Emerging
b474f496-90d2-4f3d-9455-c7d65b15dee1,2024,New Zealand,Oceania,Singapore,Global Systems,Enterprise,Tech,Software Engineer,Senior,True,"machine learning, computer vision, NLP",0.85,"Cloud Computing, Business Analysis, Data Analysis","machine learning, computer vision, NLP",138748,12.52,0.11,True,Low,13,Mature
b13e29e2-ec56-482c-8cbc-f7fbb78ae8b1,2013,Morocco,Africa,Dubai,Global Analytics,Large,Tech,Research Scientist,Executive,False,,0.19,"Project Management, Python, Business Analysis",Not Specified,21909,-2.59,0.62,False,Medium,7,Emerging
75ac8663-4e97-4668-9d2c-1572db4234a7,2011,Australia,Oceania,Nairobi,Future Technologies,Enterprise,Healthcare,Business Analyst,Junior,False,,0.05,"Business Analysis, Cloud Computing, Research, Python",Not Specified,75313,0.76,0.77,False,High,18,Emerging
41520b5c-e9dc-4389-8e60-c4031dd70240,2025,Sweden,Europe,Berlin,Future Analytics,Medium,Tech,ML Engineer,Lead,False,,0.13,"Project Management, Communication, Cloud Computing, Business Analysis, Statistics, SQL",Not Specified,94459,-1.81,0.72,False,Medium,1,Mature
2cb5ba1f-4ad9-418f-9f8f-a28d291b20a4,2023,New Zealand,Oceania,Paris,NextGen Systems,Enterprise,Agriculture,Business Analyst,Senior,True,"LLMs, deep learning",0.58,"SQL, Project Management, Research","LLMs, deep learning",110516,10.85,0.21,True,Medium,6,Growing
c720470f-ee21-452d-87c9-a8b1519ba76f,2013,Germany,Europe,London,Future Analytics,Small,Agriculture,Operations Manager,Lead,False,,0.12,"Project Management, Cloud Computing, SQL, Statistics",Not Specified,60542,-1.46,0.84,False,High,1,Emerging
e90ffa34-e68a-43d1-b3a9-70eb6e22fe22,2022,Nepal,South Asia,Sydney,Prime Technologies,Startup,Retail,Research Scientist,Executive,False,,0.16,"SQL, Cloud Computing, Project Management, Statistics, Python, Business Analysis",Not Specified,26796,-2.72,0.77,False,Medium,4,Growing
44222c73-fa1b-4c2b-8701-91773666f1f6,2022,Japan,East Asia,Sydney,Prime Analytics,Medium,Retail,Software Engineer,Intern,True,LLMs,0.64,"Statistics, Research, SQL",LLMs,112930,6.33,0.13,True,High,19,Growing
aa7e6587-7a35-4c1c-a895-e8c5d6fd938a,2010,Sri Lanka,South Asia,Dubai,NextGen Analytics,Large,Manufacturing,ML Engineer,Junior,False,,0.02,"Cloud Computing, Communication, Software Engineering, SQL, Python",Not Specified,22406,4.05,0.89,False,Low,13,Emerging
67a4a6c7-8a0d-41af-a37d-4f088c20f956,2011,Taiwan,East Asia,Berlin,Global Analytics,Enterprise,Retail,Product Manager,Senior,False,,0.18,"Python, SQL, Cloud Computing",Not Specified,50011,-2.52,0.8,False,Low,16,Emerging
62a27dc0-d4c5-4e67-be51-914574d982ce,2024,Australia,Oceania,Seoul,NextGen Solutions,Large,Retail,Business Analyst,Mid,True,"generative AI, machine learning",0.67,"Project Management, Research, Software Engineering, Data Analysis, Communication, Python","generative AI, machine learning",121289,16.97,0.13,True,Medium,14,Growing
8fa8ba69-175e-49dd-8d30-9786000489a3,2019,India,South Asia,Singapore,Prime Analytics,Startup,Tech,AI Researcher,Senior,True,"reinforcement learning, machine learning, deep learning",0.91,"Data Analysis, Business Analysis, Research, Python","reinforcement learning, machine learning, deep learning",38125,11.71,0.27,True,High,19,Growing
69e80b9e-9d3c-4520-a9f0-acd3e8042a63,2021,China,East Asia,London,NextGen Solutions,Large,Retail,Software Engineer,Junior,False,,0.16,"SQL, Data Analysis, Statistics, Software Engineering, Communication",Not Specified,77670,-2.03,0.78,False,High,12,Growing
afa278bd-bd0d-4071-9ac9-8ed98bd1f841,2025,Taiwan,East Asia,Lagos,Prime Systems,Startup,Healthcare,Research Scientist,Intern,True,"LLMs, machine learning",0.55,"Research, Statistics, Python, Business Analysis, Communication","LLMs, machine learning",112909,7.19,0.24,True,Medium,17,Growing
eeb6aec8-a366-47d9-adfe-30f3cc6fa023,2021,Mexico,North America,Seoul,Global Technologies,Medium,Agriculture,Systems Engineer,Intern,False,,0.03,"Data Analysis, Communication, Project Management, SQL, Statistics",Not Specified,106478,-2.07,0.77,False,Medium,7,Growing
e32e8825-b3ea-4926-aa5c-d33e613fce0b,2014,Taiwan,East Asia,Lagos,Future Solutions,Large,Manufacturing,Operations Manager,Senior,False,,0.02,"Communication, Python, SQL, Statistics, Project Management",Not Specified,67044,2.69,0.72,False,High,11,Emerging
4f038056-f712-442f-bd55-39ce257b9eeb,2013,China,East Asia,Lagos,Future Systems,Small,Tech,Systems Engineer,Executive,False,,0.03,"Software Engineering, SQL, Project Management, Communication",Not Specified,55025,1.8,0.6,False,Low,3,Emerging
5a21090b-cf58-4191-b25b-f995be251304,2021,Chile,South America,London,Global Technologies,Small,Manufacturing,Operations Manager,Mid,False,,0.16,"Data Analysis, Business Analysis, Software Engineering, Research",Not Specified,51779,1.42,0.8,False,Low,2,Growing
9fc686af-ef4a-4cd5-ad8b-707ccf244cdf,2010,Argentina,South America,Seoul,Global Analytics,Startup,Tech,AI Researcher,Mid,False,,0.09,"Business Analysis, Statistics, Cloud Computing, Communication",Not Specified,33771,-3.5,0.88,False,Low,18,Emerging
d805ed7c-f344-416d-b996-f43ee5012207,2011,India,South Asia,Bangalore,Future Solutions,Small,Healthcare,Software Engineer,Lead,False,,0.2,"Python, Statistics, Project Management, Data Analysis, Cloud Computing, Business Analysis",Not Specified,23406,-4.31,0.74,False,High,19,Emerging
5893a551-cc7e-4911-9f7d-320132a2ba4b,2025,Egypt,Africa,Singapore,Prime Systems,Small,Tech,Research Scientist,Intern,True,machine learning,0.91,"Business Analysis, SQL, Python, Project Management",machine learning,40895,11.76,0.31,True,High,4,Mature
c2a5e28a-ee62-4315-ade6-f6913fe4c4a3,2018,Kenya,Africa,Tokyo,NextGen Systems,Large,Retail,ML Engineer,Intern,False,,0.15,"Software Engineering, Communication, Statistics, Project Management",Not Specified,21101,-2.28,0.62,False,Low,17,Growing
5c011160-388e-4964-9858-da35d96d0aac,2024,Pakistan,South Asia,New York,NextGen Solutions,Large,Manufacturing,ML Engineer,Intern,True,deep learning,0.49,"Statistics, Business Analysis, Python, Communication",deep learning,41979,15.74,0.31,True,Medium,8,Growing
5f8b3eb9-b9ef-4387-ac3b-79173ae9d5af,2012,Indonesia,Southeast Asia,Sydney,Prime Systems,Startup,Retail,Systems Engineer,Executive,False,,0.09,"Data Analysis, Statistics, Project Management, SQL, Communication, Research",Not Specified,28632,0.74,0.85,False,Medium,4,Emerging
dd063aa5-ee54-4d86-9f93-03ffc9302eb4,2017,Mexico,North America,Tokyo,NextGen Systems,Large,Manufacturing,Systems Engineer,Executive,False,,0.11,"Software Engineering, Research, Communication, Data Analysis, Cloud Computing",Not Specified,73544,-2.2,0.64,False,High,10,Growing
909c5c14-7ebd-476f-9f4c-349ef78ff263,2015,South Korea,East Asia,Toronto,Future Technologies,Medium,Tech,ML Engineer,Intern,False,,0.01,"Project Management, Cloud Computing, Python, Business Analysis",Not Specified,69145,-2.19,0.84,False,Low,18,Emerging
a7ae56c8-9c38-4bf7-a5ce-eed77b74bdea,2015,South Korea,East Asia,Lagos,Future Technologies,Small,Healthcare,Research Scientist,Junior,False,,0.16,"Research, Cloud Computing, Data Analysis, Project Management, Python, Statistics",Not Specified,66999,4.14,0.61,False,Low,7,Emerging
f0773c84-8832-4060-8a80-85f0c8bba812,2025,Nigeria,Africa,Seoul,Future Systems,Medium,Tech,Data Scientist,Junior,False,,0.04,"SQL, Research, Statistics, Python",Not Specified,23206,2.17,0.88,False,Medium,12,Mature
ce7e57d6-35b1-455c-8e99-78d773a33748,2019,Chile,South America,Singapore,NextGen Solutions,Small,Retail,AI Researcher,Executive,False,,0.15,"Business Analysis, Cloud Computing, Research, SQL",Not Specified,43608,1.39,0.75,False,Low,0,Growing
c849a233-1b86-4a26-be1a-b8bb2d66a63c,2015,China,East Asia,Tokyo,Future Solutions,Enterprise,Retail,ML Engineer,Executive,False,,0.11,"Statistics, Software Engineering, Python",Not Specified,71536,-3.59,0.82,False,Medium,6,Emerging
cdc26498-0875-4856-a7e1-ed28bb0c77d6,2012,Morocco,Africa,Berlin,Prime Analytics,Medium,Retail,Systems Engineer,Mid,False,,0.14,"SQL, Software Engineering, Project Management, Communication, Research, Python",Not Specified,16493,-0.62,0.73,False,Low,9,Emerging
c93d753a-26ef-40d7-98ef-c83260e44b17,2019,New Zealand,Oceania,Sao Paulo,Prime Technologies,Small,Manufacturing,Software Engineer,Intern,True,"MLOps, reinforcement learning, computer vision, machine learning",0.43,"Data Analysis, Cloud Computing, SQL, Project Management","MLOps, reinforcement learning, computer vision, machine learning",98366,6.14,0.35,True,Low,9,Growing
ab43c559-79ca-4640-aa80-5ef4513d85fd,2025,Taiwan,East Asia,New York,Future Analytics,Startup,Manufacturing,Operations Manager,Mid,False,,0.08,"Cloud Computing, Python, Data Analysis, Business Analysis",Not Specified,76664,-1.19,0.66,False,High,3,Growing
88ef5457-74f9-4bb7-840d-71e946aa7713,2016,Colombia,South America,Sydney,Future Solutions,Enterprise,Healthcare,Policy Analyst,Senior,False,,0.18,"Communication, Research, Business Analysis",Not Specified,46431,-4.33,0.72,False,Low,13,Emerging
62e4b180-d008-41de-8642-497beccd4def,2011,Canada,North America,New York,NextGen Solutions,Small,Retail,Operations Manager,Lead,False,,0.16,"Data Analysis, Software Engineering, Statistics, Communication, SQL, Business Analysis",Not Specified,72210,1.35,0.64,False,High,2,Emerging
bfd6eacf-c7d0-44e2-b127-238e6b620225,2022,UAE,Middle East,Tokyo,Future Analytics,Small,Tech,Policy Analyst,Intern,False,,0.16,"Software Engineering, Data Analysis, Research",Not Specified,62172,-2.79,0.67,False,High,0,Mature
1aad090b-6ffb-4b9f-ae7b-fb0dbf12e13e,2019,Kenya,Africa,Paris,Prime Systems,Large,Manufacturing,Data Scientist,Lead,False,,0.17,"Research, Cloud Computing, Communication, Statistics, Python",Not Specified,22578,-2.82,0.69,False,Medium,2,Growing
3510572a-d427-47f3-ac56-6928785500ee,2020,Bangladesh,South Asia,Tokyo,Global Analytics,Medium,Manufacturing,Product Manager,Executive,False,,0.19,"Python, Software Engineering, Cloud Computing, Data Analysis",Not Specified,27181,-3.12,0.76,False,Medium,12,Growing
6d84dd83-4a56-4bc6-8d00-920e79efae8c,2016,China,East Asia,Bangalore,NextGen Technologies,Small,Retail,Business Analyst,Intern,False,,0.13,"Data Analysis, Cloud Computing, Communication, Statistics, Software Engineering, Python",Not Specified,64427,4.41,0.71,False,Low,11,Emerging
0d3e415c-ecb0-4470-bea8-6ebcfdddbb56,2016,France,Europe,Berlin,Global Analytics,Large,Retail,Product Manager,Executive,False,,0.18,"Statistics, Python, Research, Project Management",Not Specified,81136,-3.57,0.86,False,Medium,6,Emerging
96d96af4-e6ec-4b53-aeaa-25001ab1f9a7,2010,Morocco,Africa,Nairobi,Global Systems,Small,Agriculture,Software Engineer,Executive,False,,0.14,"Python, SQL, Business Analysis",Not Specified,19577,-1.25,0.79,False,Medium,12,Emerging
f75b34b3-33e1-4307-b5ec-9267b1067b7c,2016,Kenya,Africa,Singapore,NextGen Systems,Large,Retail,Data Scientist,Executive,False,,0.01,"SQL, Software Engineering, Data Analysis",Not Specified,21216,-2.92,0.88,False,Low,16,Emerging
8fcc59bb-6c2b-4a54-8cc6-7a5e49501e9d,2024,Bangladesh,South Asia,Toronto,Prime Technologies,Startup,Manufacturing,Software Engineer,Junior,True,"NLP, machine learning, computer vision",0.62,"Data Analysis, SQL, Business Analysis","NLP, machine learning, computer vision",39241,15.86,0.31,True,High,15,Growing
bce3cc99-aa7c-4c96-a958-e0f9a80f6ec9,2022,Indonesia,Southeast Asia,Singapore,Global Technologies,Enterprise,Retail,Product Manager,Lead,True,"reinforcement learning, computer vision",0.46,"Business Analysis, Project Management, Software Engineering","reinforcement learning, computer vision",55599,5.6,0.18,True,Medium,12,Growing
b290f526-b029-423d-a2ff-2d0619490a99,2010,United Kingdom,Europe,Tokyo,Future Solutions,Enterprise,Healthcare,Data Scientist,Lead,False,,0.17,"Research, Business Analysis, Communication, Software Engineering",Not Specified,66649,-4.25,0.75,False,Low,2,Emerging
b7a45550-d0ce-4534-8aff-9a4b9cd26320,2025,New Zealand,Oceania,Dubai,Future Analytics,Small,Agriculture,Systems Engineer,Lead,False,,0.03,"Cloud Computing, Business Analysis, Statistics, Data Analysis",Not Specified,103163,-3.96,0.8,False,Medium,4,Growing
f2e2cbe2-426c-46a5-988c-dbd41bebdfa0,2019,Sweden,Europe,Bangalore,Future Technologies,Medium,Agriculture,ML Engineer,Lead,False,,0.19,"SQL, Statistics, Software Engineering, Cloud Computing, Business Analysis",Not Specified,79230,-2.99,0.79,False,High,13,Growing
cc9317d1-26f1-443f-b333-b5316bc8afa0,2023,New Zealand,Oceania,Bangalore,NextGen Systems,Enterprise,Tech,Business Analyst,Junior,True,"NLP, machine learning, generative AI, MLOps",0.51,"Statistics, Software Engineering, SQL","NLP, machine learning, generative AI, MLOps",135983,7.09,0.19,True,High,17,Mature
2c7e1a63-ee64-4e7a-9755-2ccf5e93d313,2016,Australia,Oceania,Bangalore,Future Technologies,Large,Manufacturing,ML Engineer,Lead,True,deep learning,0.93,"Python, Statistics, Software Engineering, Research, SQL",deep learning,114952,-3.81,0.11,True,Low,4,Emerging
1431f42c-f709-4acf-bc2b-0f66526cfc9c,2011,Nepal,South Asia,Berlin,Global Technologies,Large,Manufacturing,Systems Engineer,Lead,False,,0.11,"SQL, Statistics, Project Management, Communication, Research, Data Analysis",Not Specified,17960,2.08,0.76,False,Medium,11,Emerging
4eb068d5-4d51-40c6-a82e-f76c4b57325b,2025,Saudi Arabia,Middle East,Singapore,Prime Systems,Startup,Agriculture,Systems Engineer,Mid,True,"reinforcement learning, deep learning, generative AI",0.74,"Python, Research, Statistics, Cloud Computing, Business Analysis","reinforcement learning, deep learning, generative AI",105188,17.47,0.3,True,Medium,15,Growing
4b0aaea3-3363-4dd9-949c-e768108d0442,2016,Canada,North America,Tokyo,NextGen Analytics,Enterprise,Retail,Software Engineer,Junior,True,deep learning,0.93,"SQL, Data Analysis, Python, Project Management, Statistics, Research",deep learning,125121,0.33,0.29,True,Low,2,Emerging
bab05466-fd54-4f4c-8623-cbad62f93a89,2015,Brazil,South America,Sao Paulo,Global Systems,Enterprise,Manufacturing,Research Scientist,Intern,True,"NLP, computer vision",0.61,"SQL, Statistics, Communication","NLP, computer vision",58551,-0.67,0.11,True,Medium,9,Emerging
4bcaef07-42b5-4b9b-b428-52904722cede,2021,South Korea,East Asia,Berlin,Global Solutions,Medium,Healthcare,ML Engineer,Lead,False,,0.09,"Cloud Computing, SQL, Research, Python",Not Specified,70050,-1.95,0.77,False,High,0,Growing
3638cfd2-d3bc-4625-afac-358e1ff6fabb,2011,Japan,East Asia,Tokyo,Future Technologies,Medium,Agriculture,Operations Manager,Lead,False,,0.2,"Business Analysis, Statistics, Python",Not Specified,56175,2.75,0.71,False,High,7,Emerging
2758afed-f933-441d-a039-6312945f4d36,2024,France,Europe,Tokyo,Global Technologies,Small,Healthcare,Policy Analyst,Mid,True,"reinforcement learning, NLP",0.42,"Software Engineering, Communication, Python, Research, Statistics, Data Analysis","reinforcement learning, NLP",128636,8.01,0.18,True,Low,16,Growing
7c6c50da-115e-41f9-bcde-d9fe9894b8ca,2014,Saudi Arabia,Middle East,Lagos,Global Analytics,Small,Healthcare,Operations Manager,Senior,False,,0.14,"Communication, Data Analysis, Business Analysis, Python",Not Specified,49587,-2.7,0.84,False,Low,1,Emerging
598dac7a-504e-4f1a-a95e-790f8bcc374c,2014,France,Europe,Sydney,Global Solutions,Startup,Agriculture,Software Engineer,Junior,False,,0.03,"Communication, Software Engineering, Research, SQL, Business Analysis, Project Management",Not Specified,60473,4.22,0.75,False,High,4,Emerging
7bb2fc41-cbdc-4cd2-a131-dd207c1a1d6d,2015,Italy,Europe,Paris,Prime Technologies,Large,Retail,Research Scientist,Intern,False,,0.01,"Software Engineering, Python, SQL, Research",Not Specified,66478,-3.68,0.6,False,Medium,4,Emerging
2987dd07-bf83-486b-aec6-fdf75327f46e,2023,Australia,Oceania,Dubai,Global Analytics,Large,Agriculture,ML Engineer,Mid,True,MLOps,0.53,"Project Management, SQL, Cloud Computing, Software Engineering, Business Analysis, Communication",MLOps,137961,15.26,0.21,True,Medium,6,Growing
d70a7945-a010-41af-9c2e-f0ea6b954937,2010,Mexico,North America,London,NextGen Analytics,Startup,Agriculture,Research Scientist,Mid,False,,0.08,"Research, Business Analysis, Statistics, Cloud Computing, Data Analysis",Not Specified,63813,3.04,0.72,False,High,12,Emerging
f4d0a8cf-60eb-492a-b4e5-d814dae3e308,2025,Egypt,Africa,London,NextGen Analytics,Medium,Healthcare,ML Engineer,Intern,True,"LLMs, NLP, reinforcement learning, MLOps",0.83,"Research, Business Analysis, Statistics, Communication","LLMs, NLP, reinforcement learning, MLOps",35423,6.79,0.36,True,High,19,Growing
b1154dff-100d-4c85-95af-aa4d2a8553f0,2022,United States,North America,Singapore,Global Systems,Startup,Tech,Systems Engineer,Senior,False,,0.09,"Communication, Python, Data Analysis, Statistics, Project Management",Not Specified,98063,-4.12,0.68,False,Medium,0,Mature
6e8c6643-0275-4a39-83a8-030bb44c47b9,2019,Australia,Oceania,Lagos,Prime Analytics,Startup,Retail,Research Scientist,Senior,False,,0.19,"Statistics, Software Engineering, Research, Cloud Computing",Not Specified,91864,3.13,0.77,False,Low,15,Growing
df950038-dfe2-4fed-bda9-75878d9d4ac9,2025,Netherlands,Europe,Seoul,Global Analytics,Medium,Manufacturing,Product Manager,Mid,True,MLOps,0.45,"Statistics, Research, Cloud Computing, Data Analysis, Python",MLOps,109498,7.8,0.18,True,Medium,3,Growing
55cf2ef7-e75d-4841-b0df-15541e03e699,2016,Nepal,South Asia,Toronto,Global Analytics,Small,Agriculture,Research Scientist,Mid,False,,0.06,"Data Analysis, Communication, Statistics, Project Management, Software Engineering, Cloud Computing",Not Specified,22361,0.1,0.83,False,High,12,Emerging
e4e2d765-984a-46da-b070-38eb39f9b928,2015,Brazil,South America,Toronto,Future Analytics,Small,Retail,Systems Engineer,Junior,False,,0.13,"Python, Data Analysis, Project Management, Statistics",Not Specified,42790,1.05,0.72,False,Medium,2,Emerging
93762328-b02e-4b9b-a898-cb77dcfebacf,2018,Sri Lanka,South Asia,Toronto,Future Systems,Medium,Healthcare,Systems Engineer,Mid,True,"NLP, reinforcement learning",0.66,"Python, Research, Statistics, SQL","NLP, reinforcement learning",29598,16.99,0.38,True,Medium,17,Growing
cfcb427a-9274-434a-9ddb-ab9bc834fd0d,2017,Taiwan,East Asia,Nairobi,Future Solutions,Large,Healthcare,Policy Analyst,Mid,False,,0.04,"Project Management, SQL, Data Analysis, Research, Software Engineering, Python",Not Specified,58148,1.25,0.75,False,High,14,Growing
d159ab14-d130-4c30-92b0-66c9cead5828,2024,Malaysia,Southeast Asia,Seoul,Future Analytics,Medium,Tech,Data Scientist,Intern,True,"machine learning, NLP",0.83,"Business Analysis, Software Engineering, Project Management, Statistics","machine learning, NLP",51971,11.11,0.16,True,Low,6,Mature
01259e4d-a0d3-467d-ad05-d09397e1da2b,2013,Philippines,Southeast Asia,New York,Global Solutions,Small,Agriculture,Operations Manager,Executive,False,,0.14,"Project Management, Statistics, Python, Business Analysis, Research",Not Specified,30856,-1.77,0.79,False,Low,3,Emerging
7fd17fc2-2a6d-4e79-8f0b-f3c60c5bc3f2,2023,Morocco,Africa,Dubai,NextGen Solutions,Startup,Retail,Software Engineer,Junior,True,"deep learning, computer vision, reinforcement learning",0.4,"Software Engineering, SQL, Statistics, Business Analysis","deep learning, computer vision, reinforcement learning",30215,15.19,0.24,True,High,1,Growing
d24f5028-338a-4120-8c4b-3954860c9109,2014,Canada,North America,Nairobi,Prime Technologies,Startup,Agriculture,Data Scientist,Executive,False,,0.05,"Statistics, Data Analysis, Cloud Computing, Python, Project Management, Communication",Not Specified,89729,2.89,0.83,False,High,9,Emerging
4c3f2f91-1c00-4293-b02c-9a1342685e6d,2016,New Zealand,Oceania,Paris,NextGen Systems,Enterprise,Healthcare,Policy Analyst,Junior,False,,0.15,"Cloud Computing, Communication, Statistics, Project Management, Python, Research",Not Specified,71530,3.31,0.87,False,Medium,5,Emerging
4d6d8e1e-04ad-4c98-bd6f-2e3221418840,2020,Sweden,Europe,Singapore,Future Analytics,Enterprise,Healthcare,Systems Engineer,Executive,False,,0.09,"Communication, Project Management, Research, Software Engineering, Cloud Computing",Not Specified,74544,-1.85,0.9,False,High,8,Growing
88e7473d-a9ca-44d3-9f37-708bc7fac542,2018,France,Europe,Toronto,NextGen Analytics,Enterprise,Retail,Research Scientist,Intern,True,"NLP, machine learning, computer vision",0.71,"Python, Business Analysis, SQL, Research, Communication","NLP, machine learning, computer vision",95330,6.0,0.2,True,Medium,11,Growing
7fdcadac-d56e-4f5d-997e-9f23b1397c7b,2024,UAE,Middle East,Sydney,Global Solutions,Startup,Tech,Operations Manager,Lead,True,"generative AI, MLOps, machine learning",0.41,"Data Analysis, Project Management, Software Engineering","generative AI, MLOps, machine learning",110356,13.44,0.17,True,High,0,Mature
9824967f-68aa-4150-bd80-681d6640c172,2019,United States,North America,Paris,Future Systems,Large,Retail,Business Analyst,Senior,True,"machine learning, NLP",0.78,"Research, Cloud Computing, Project Management","machine learning, NLP",119060,8.93,0.4,True,Low,10,Growing
7ff49f95-d884-48e2-868b-2b2e77bdf855,2023,Nigeria,Africa,Berlin,Prime Analytics,Medium,Tech,Product Manager,Senior,False,,0.04,"Business Analysis, Communication, Python, Cloud Computing",Not Specified,26306,-2.97,0.66,False,High,12,Mature
2a1a39f4-d489-421e-828b-0d6704700f05,2011,Sri Lanka,South Asia,Sydney,Global Analytics,Startup,Agriculture,Policy Analyst,Executive,False,,0.17,"Project Management, Cloud Computing, Software Engineering",Not Specified,17772,4.96,0.76,False,Medium,9,Emerging
53768016-3ae8-4ef0-95ca-0a07b1daf870,2011,Taiwan,East Asia,Lagos,Global Analytics,Medium,Healthcare,Business Analyst,Mid,False,,0.13,"Cloud Computing, Data Analysis, SQL, Software Engineering, Business Analysis, Python",Not Specified,50703,3.69,0.65,False,High,8,Emerging
7890dc19-6787-420e-8b82-3e724f889402,2015,Nigeria,Africa,Bangalore,Future Systems,Startup,Healthcare,Data Scientist,Intern,False,,0.01,"Data Analysis, Communication, Cloud Computing, Software Engineering, Statistics, Business Analysis",Not Specified,22897,1.67,0.85,False,High,17,Emerging
1c401fde-53ae-4e40-9412-1da90b76cf4c,2021,Poland,Europe,Seoul,Global Solutions,Startup,Tech,Operations Manager,Junior,False,,0.06,"Cloud Computing, Statistics, Business Analysis",Not Specified,89316,3.2,0.83,False,High,6,Growing
a259a33d-719e-4e89-8d60-24c4a0262750,2019,UAE,Middle East,Dubai,Global Technologies,Enterprise,Manufacturing,AI Researcher,Mid,False,,0.15,"Software Engineering, Communication, Python, Statistics, SQL",Not Specified,56143,-1.67,0.72,False,Medium,4,Growing
98379c4c-d7c4-47f8-b8c7-bf0fd3b1523c,2022,Australia,Oceania,Seoul,Future Technologies,Enterprise,Healthcare,Policy Analyst,Mid,True,"generative AI, reinforcement learning, machine learning",0.55,"SQL, Statistics, Python, Business Analysis","generative AI, reinforcement learning, machine learning",108418,16.4,0.21,True,Low,2,Growing
c5b7bd2f-469d-457d-9347-b500da87d2d0,2019,Brazil,South America,Lagos,Future Systems,Enterprise,Tech,Research Scientist,Mid,False,,0.07,"Statistics, Project Management, Research, Data Analysis",Not Specified,49639,-3.97,0.83,False,Medium,17,Growing
52167674-c642-4ef6-a131-bcde7683a7ed,2013,Sri Lanka,South Asia,Paris,Future Solutions,Small,Manufacturing,Business Analyst,Junior,False,,0.02,"Communication, Project Management, Data Analysis, Python, Software Engineering",Not Specified,24797,0.6,0.63,False,High,10,Emerging
1a2119d6-757d-4fe4-b044-9f152619ff31,2011,New Zealand,Oceania,Berlin,Prime Solutions,Startup,Healthcare,Business Analyst,Mid,False,,0.14,"Research, SQL, Software Engineering, Cloud Computing",Not Specified,59035,-4.46,0.73,False,Low,2,Emerging
3b3dad0f-c97a-43c5-8c7e-7a41c3e29486,2024,Singapore,Southeast Asia,Sao Paulo,Future Solutions,Large,Manufacturing,Operations Manager,Senior,True,"NLP, MLOps",0.89,"SQL, Software Engineering, Communication","NLP, MLOps",55311,9.72,0.16,True,Medium,15,Growing
3a732a9d-b66b-474d-97c7-3608c87a3ac6,2019,Indonesia,Southeast Asia,Paris,Global Solutions,Enterprise,Retail,Policy Analyst,Senior,False,,0.1,"Communication, Business Analysis, Project Management, Cloud Computing, SQL, Research",Not Specified,37021,2.14,0.63,False,Low,15,Growing
d9e3e5a5-a9c4-4053-b5d8-6f46d39ec715,2016,Taiwan,East Asia,New York,NextGen Analytics,Large,Healthcare,Systems Engineer,Junior,True,"NLP, computer vision, deep learning, MLOps",0.95,"Data Analysis, Business Analysis, Software Engineering","NLP, computer vision, deep learning, MLOps",95495,-3.66,0.12,True,High,19,Emerging
0bd9ccb1-86e6-40ec-9afe-81dac9a0a21b,2024,Japan,East Asia,Lagos,Future Analytics,Large,Agriculture,Policy Analyst,Lead,True,"MLOps, NLP, deep learning, generative AI",0.63,"Python, Communication, Software Engineering, Statistics, Data Analysis","MLOps, NLP, deep learning, generative AI",93182,11.48,0.32,True,Low,18,Growing
31bafc84-119e-4055-8898-d1b2848726fa,2012,Philippines,Southeast Asia,Dubai,Global Technologies,Enterprise,Healthcare,Operations Manager,Executive,False,,0.2,"Research, Cloud Computing, Python",Not Specified,34460,-0.35,0.62,False,Medium,17,Emerging
f974eb35-2d30-4114-92e7-a154be414987,2024,Canada,North America,Lagos,Future Systems,Large,Agriculture,Operations Manager,Lead,True,"MLOps, NLP, reinforcement learning",0.56,"Communication, Python, Cloud Computing, Business Analysis","MLOps, NLP, reinforcement learning",119760,17.0,0.32,True,High,19,Growing
5ae1c2f3-1f83-4430-b827-9ff46d3dc538,2018,Israel,Middle East,Sao Paulo,Global Systems,Startup,Manufacturing,Data Scientist,Senior,True,"computer vision, deep learning, MLOps, NLP",0.59,"Research, SQL, Software Engineering","computer vision, deep learning, MLOps, NLP",91754,7.34,0.26,True,Medium,7,Growing
8a241e0a-2438-4fb5-9806-9d11d5e19204,2016,Israel,Middle East,Dubai,Global Systems,Startup,Tech,Software Engineer,Lead,False,,0.01,"Business Analysis, Data Analysis, SQL, Statistics",Not Specified,60666,3.94,0.67,False,Low,8,Emerging
43a6a1b5-1262-4791-9eb9-69467733ef19,2022,Indonesia,Southeast Asia,Dubai,Future Analytics,Large,Healthcare,Data Scientist,Senior,True,"computer vision, LLMs, generative AI, machine learning",0.9,"Python, Communication, Business Analysis, Data Analysis","computer vision, LLMs, generative AI, machine learning",60811,6.34,0.12,True,Low,10,Growing
7240e821-157e-4db2-b5d0-4e3fc01a6f11,2015,Saudi Arabia,Middle East,Lagos,Future Analytics,Startup,Agriculture,Software Engineer,Executive,False,,0.13,"Project Management, Data Analysis, Python, SQL, Software Engineering, Cloud Computing",Not Specified,54030,-1.1,0.63,False,Low,15,Emerging
c620fd21-a09d-418c-985a-4c52c5e3c371,2014,India,South Asia,Sydney,NextGen Solutions,Small,Retail,Policy Analyst,Junior,False,,0.12,"Project Management, Python, Data Analysis, Research, Statistics, Cloud Computing",Not Specified,21294,-3.79,0.64,False,Medium,5,Emerging
3c7066bf-722f-4174-9c21-b8b35457c8d2,2012,Canada,North America,Nairobi,Prime Technologies,Startup,Tech,AI Researcher,Junior,False,,0.02,"Research, Software Engineering, Business Analysis, SQL, Communication",Not Specified,77578,3.87,0.72,False,High,1,Emerging
db891b94-a5fd-4095-bf0c-47d1f98bca5d,2012,Poland,Europe,Dubai,Future Technologies,Medium,Manufacturing,Operations Manager,Executive,False,,0.11,"Cloud Computing, Python, Project Management, Research",Not Specified,57721,4.87,0.89,False,Low,15,Emerging
7c7d44ef-2016-4a38-8a2f-e0b97fefd2d5,2015,Indonesia,Southeast Asia,Nairobi,Prime Systems,Startup,Tech,Software Engineer,Executive,False,,0.06,"Research, Data Analysis, Communication",Not Specified,33823,-1.66,0.84,False,Low,15,Emerging
fdb35585-129f-4c28-b6af-832ed54baf04,2023,Singapore,Southeast Asia,Sao Paulo,Future Solutions,Small,Healthcare,AI Researcher,Mid,False,,0.09,"Python, Communication, Cloud Computing, SQL",Not Specified,40290,-3.64,0.82,False,Low,14,Growing
7b625b36-bd0f-4a73-a676-e1f10c54d3c1,2015,Thailand,Southeast Asia,Berlin,NextGen Systems,Small,Retail,Systems Engineer,Lead,False,,0.12,"Project Management, Software Engineering, Research, Data Analysis, Python, Communication",Not Specified,37496,1.38,0.78,False,High,7,Emerging
2cb830b2-4030-4ae2-8bc0-dd5c5671e949,2021,South Africa,Africa,Seoul,Global Analytics,Small,Manufacturing,Operations Manager,Junior,False,,0.02,"Data Analysis, Statistics, Software Engineering, Research, Business Analysis, Python",Not Specified,23794,-1.95,0.81,False,High,2,Growing
c8cc6f0f-5e8b-415f-b0bb-735b07330c57,2011,South Korea,East Asia,Sao Paulo,Global Solutions,Large,Manufacturing,Data Scientist,Lead,False,,0.14,"Python, SQL, Business Analysis, Data Analysis, Project Management",Not Specified,58561,0.75,0.66,False,High,1,Emerging
e122817b-7915-4286-a44a-0fa22b88583d,2015,Bangladesh,South Asia,Sao Paulo,Prime Technologies,Startup,Agriculture,AI Researcher,Mid,False,,0.15,"Cloud Computing, Research, Business Analysis, Data Analysis, Python",Not Specified,20505,-1.65,0.76,False,Low,11,Emerging
82d53351-9a02-4448-bcaa-eeb6b8e1e344,2025,Sri Lanka,South Asia,Toronto,Future Systems,Enterprise,Agriculture,AI Researcher,Senior,False,,0.09,"SQL, Business Analysis, Data Analysis",Not Specified,29277,3.25,0.87,False,Medium,2,Growing
9c072f21-14b2-4c42-a362-579b72944614,2015,Italy,Europe,Singapore,NextGen Technologies,Small,Healthcare,Policy Analyst,Executive,False,,0.02,"Statistics, Communication, Data Analysis",Not Specified,79221,0.75,0.73,False,Medium,14,Emerging
97f55e73-86f0-4cd8-8ea6-fba92cbb3942,2013,United States,North America,Sao Paulo,NextGen Technologies,Startup,Manufacturing,Business Analyst,Junior,False,,0.17,"SQL, Research, Software Engineering",Not Specified,75063,-4.08,0.62,False,High,2,Emerging
c0d57fc9-ccb8-424c-b3a3-960678589b1a,2020,Netherlands,Europe,New York,NextGen Solutions,Medium,Manufacturing,Product Manager,Senior,False,,0.14,"Statistics, Data Analysis, SQL, Software Engineering, Business Analysis, Cloud Computing",Not Specified,68542,0.8,0.85,False,Low,6,Growing
96014d0d-b875-49c5-8ed5-952a34a90771,2016,Saudi Arabia,Middle East,Sydney,Global Technologies,Startup,Healthcare,Software Engineer,Intern,False,,0.15,"Software Engineering, SQL, Cloud Computing",Not Specified,52127,-4.81,0.75,False,Low,2,Emerging
93ecf402-790d-4b9f-98c5-987f229c714a,2016,Australia,Oceania,Paris,Prime Solutions,Small,Manufacturing,Research Scientist,Junior,False,,0.11,"SQL, Data Analysis, Statistics, Project Management, Business Analysis, Communication",Not Specified,87597,-4.01,0.66,False,High,7,Emerging
2350ca12-ddee-4ff5-9946-765bb67798d0,2021,Philippines,Southeast Asia,London,Global Technologies,Startup,Healthcare,Systems Engineer,Senior,False,,0.1,"Data Analysis, SQL, Statistics",Not Specified,35173,-0.62,0.8,False,Low,10,Growing
e96d3083-4321-4467-bd04-c2e4afaefad1,2017,Thailand,Southeast Asia,Sydney,Future Technologies,Startup,Healthcare,Business Analyst,Lead,False,,0.01,"SQL, Research, Software Engineering",Not Specified,31598,1.78,0.89,False,Medium,6,Growing
43c2bbe8-d84a-4ae2-8e18-a63cd2c2fab6,2025,Qatar,Middle East,Seoul,Prime Analytics,Medium,Agriculture,Operations Manager,Intern,True,machine learning,0.94,"Data Analysis, Research, Cloud Computing",machine learning,113074,6.55,0.24,True,High,5,Growing
f5c7e6fd-75a3-4a9d-b002-7116a6adcea8,2014,Thailand,Southeast Asia,Dubai,Prime Analytics,Large,Manufacturing,Policy Analyst,Junior,False,,0.02,"Business Analysis, Cloud Computing, Software Engineering",Not Specified,35364,1.6,0.81,False,High,12,Emerging
a3db34d0-3a6a-46ae-a0b3-ba7f7c2abab6,2020,Bangladesh,South Asia,Nairobi,Future Analytics,Startup,Tech,Software Engineer,Senior,False,,0.03,"Statistics, Business Analysis, Communication, Python, Software Engineering",Not Specified,24957,3.1,0.78,False,Low,7,Growing
6af6333b-c493-4bad-bb91-5fa93adb8f97,2015,Philippines,Southeast Asia,Toronto,Future Analytics,Enterprise,Tech,Research Scientist,Executive,False,,0.12,"Research, Project Management, Statistics",Not Specified,31529,4.62,0.82,False,Medium,4,Emerging
8943f3c7-0495-4e35-a6f8-eb6af6aeec57,2011,UAE,Middle East,Sao Paulo,Global Technologies,Small,Tech,Operations Manager,Senior,False,,0.08,"Business Analysis, Cloud Computing, Research",Not Specified,53646,2.01,0.87,False,Low,7,Emerging
8ae4fbda-b5b8-4996-bacb-aa69d8346a7d,2024,New Zealand,Oceania,Dubai,Global Systems,Startup,Tech,ML Engineer,Junior,True,"reinforcement learning, MLOps",0.75,"Communication, Business Analysis, Statistics, Project Management","reinforcement learning, MLOps",109956,7.6,0.19,True,Medium,4,Mature
5f7b52e2-9d87-4443-baa4-d10541f34ad8,2020,Saudi Arabia,Middle East,Paris,NextGen Systems,Small,Manufacturing,Operations Manager,Junior,True,"NLP, computer vision, MLOps",0.92,"Data Analysis, Python, Business Analysis, Cloud Computing, Project Management","NLP, computer vision, MLOps",101492,7.92,0.38,True,High,8,Growing
523e05cc-5159-4570-aee5-ee62d46086ce,2021,Germany,Europe,Nairobi,Future Solutions,Enterprise,Healthcare,Operations Manager,Senior,True,"reinforcement learning, MLOps, generative AI, computer vision",0.47,"Business Analysis, Project Management, Research, Communication","reinforcement learning, MLOps, generative AI, computer vision",118877,7.48,0.36,True,Medium,6,Growing
84d5ba3a-f9a5-4722-9055-129b073166f6,2023,Japan,East Asia,New York,Prime Technologies,Startup,Healthcare,Product Manager,Executive,True,"computer vision, LLMs, reinforcement learning",0.9,"Project Management, Business Analysis, Research, Statistics, Cloud Computing, Data Analysis","computer vision, LLMs, reinforcement learning",102844,13.9,0.24,True,Low,3,Growing
f7f52bae-1e3a-4eb4-b019-1e7572996148,2011,Australia,Oceania,Lagos,Global Systems,Small,Retail,Business Analyst,Lead,False,,0.07,"Cloud Computing, Business Analysis, Statistics, SQL, Communication, Python",Not Specified,69086,1.71,0.84,False,High,5,Emerging
e57a3c91-6387-49bf-9728-15b29d31c6b3,2025,Saudi Arabia,Middle East,Seoul,Future Solutions,Large,Retail,Systems Engineer,Mid,True,"MLOps, deep learning, NLP",0.46,"Communication, Cloud Computing, Statistics, Project Management, SQL","MLOps, deep learning, NLP",87619,6.66,0.36,True,Medium,15,Growing
2c0703db-37c0-4b42-a7da-bca59acc06c4,2019,Argentina,South America,New York,NextGen Analytics,Small,Healthcare,Software Engineer,Junior,False,,0.16,"SQL, Statistics, Python, Data Analysis, Research, Software Engineering",Not Specified,45293,1.63,0.66,False,Medium,11,Growing
ddb4e2b1-37c9-4ecb-bd2a-6a7d1eb6aa2a,2014,Chile,South America,Sao Paulo,Global Solutions,Startup,Tech,Data Scientist,Executive,False,,0.14,"Statistics, Data Analysis, Project Management, Business Analysis, Python, Research",Not Specified,38963,1.28,0.68,False,Medium,1,Emerging
12555f8b-8980-4ee4-8994-5cf25f130db5,2014,Saudi Arabia,Middle East,London,Prime Analytics,Small,Manufacturing,Software Engineer,Senior,False,,0.06,"Statistics, Cloud Computing, SQL, Business Analysis, Research",Not Specified,48401,-4.23,0.61,False,Low,3,Emerging
e1c83516-2637-4542-aee5-8c4c4c22721d,2025,United States,North America,Berlin,Prime Analytics,Small,Healthcare,Operations Manager,Intern,True,"deep learning, NLP",0.82,"Communication, Project Management, Research, Data Analysis, Cloud Computing, Software Engineering","deep learning, NLP",127101,10.48,0.13,True,Low,10,Growing
cdfa9da7-4a33-4786-96b8-f3f2cbb4639b,2025,Singapore,Southeast Asia,Tokyo,NextGen Solutions,Large,Retail,Research Scientist,Executive,False,,0.0,"Data Analysis, Cloud Computing, Business Analysis, Project Management, Statistics, Communication",Not Specified,40733,-3.08,0.7,False,Medium,5,Growing
451b8785-b18b-4b5e-9596-960ab3083db7,2012,United Kingdom,Europe,New York,Future Technologies,Large,Retail,Policy Analyst,Lead,True,"machine learning, MLOps",0.52,"Python, Software Engineering, Research","machine learning, MLOps",82570,-1.6,0.21,True,Low,3,Emerging
7bdd420f-d678-4ab1-8fff-910cfa802fbc,2011,Peru,South America,Lagos,Prime Analytics,Startup,Agriculture,Software Engineer,Junior,False,,0.02,"Statistics, Data Analysis, SQL, Business Analysis, Software Engineering",Not Specified,32863,-1.38,0.82,False,Medium,13,Emerging
05e4375a-339a-4210-bf4d-a35d6fcb5293,2020,Brazil,South America,Sao Paulo,NextGen Systems,Large,Retail,Policy Analyst,Mid,False,,0.03,"Business Analysis, Research, Cloud Computing, Statistics, Communication, Data Analysis",Not Specified,39514,2.59,0.8,False,Medium,0,Growing
977ef8f7-4829-4d6a-9388-d8eb42342168,2024,Poland,Europe,Paris,Future Systems,Enterprise,Healthcare,Research Scientist,Senior,False,,0.02,"SQL, Statistics, Cloud Computing",Not Specified,77855,-0.27,0.82,False,Low,16,Growing
f596a2b8-7f76-4951-9f16-e6ce104dc35b,2021,Germany,Europe,Bangalore,NextGen Technologies,Medium,Manufacturing,Operations Manager,Intern,True,"machine learning, MLOps, deep learning, generative AI",0.83,"Research, Statistics, SQL","machine learning, MLOps, deep learning, generative AI",109097,17.18,0.19,True,Low,13,Growing
3519991e-a894-4c28-bde1-4ea15c0348cc,2024,Mexico,North America,Paris,Global Systems,Startup,Manufacturing,AI Researcher,Lead,False,,0.14,"Communication, Research, Project Management",Not Specified,101546,2.96,0.81,False,Medium,16,Growing
93382d5d-0eca-48d0-b335-b7eb35f0428b,2015,United States,North America,Nairobi,Future Analytics,Medium,Tech,Research Scientist,Intern,False,,0.05,"Python, Statistics, Business Analysis, SQL, Project Management, Communication",Not Specified,85465,3.88,0.73,False,High,10,Emerging
af2203b3-4e6f-475c-9bd5-1b042a57d9ec,2020,Sweden,Europe,Tokyo,Prime Analytics,Large,Manufacturing,Software Engineer,Mid,False,,0.18,"Statistics, Software Engineering, Business Analysis",Not Specified,67513,-2.6,0.78,False,Low,15,Growing
024a0f35-1e55-4907-9012-3b49ac2b5ff1,2017,Canada,North America,Berlin,Future Analytics,Medium,Tech,Operations Manager,Intern,False,,0.12,"Data Analysis, Statistics, Communication, Business Analysis",Not Specified,74574,2.63,0.8,False,Low,17,Growing
17ac5300-c3f1-4442-be71-e41087c31c0a,2011,Taiwan,East Asia,Toronto,Future Solutions,Large,Tech,Systems Engineer,Mid,False,,0.12,"Communication, Research, Cloud Computing, Python",Not Specified,59251,-3.33,0.62,False,Low,17,Emerging
ea68bd09-ac70-4a0b-9608-bb9ccc33ef32,2014,Mexico,North America,Lagos,Prime Analytics,Enterprise,Tech,Policy Analyst,Intern,False,,0.18,"Research, Python, Software Engineering",Not Specified,82462,-0.87,0.87,False,High,3,Emerging
e01cbe29-05fd-4b59-bac7-fa62b72e21ef,2017,Australia,Oceania,Dubai,Global Technologies,Medium,Tech,Systems Engineer,Intern,False,,0.11,"Project Management, Data Analysis, Statistics, Research",Not Specified,74314,-1.08,0.7,False,Low,3,Growing
4c43caa4-5f32-4bbe-a108-3c0427620cfd,2017,Canada,North America,Seoul,Future Analytics,Small,Tech,AI Researcher,Senior,False,,0.09,"Python, Statistics, Communication, Software Engineering",Not Specified,77410,-0.19,0.83,False,Medium,0,Growing
45198311-123d-4040-a540-39743a3225c0,2014,Australia,Oceania,Tokyo,Future Technologies,Large,Manufacturing,AI Researcher,Mid,False,,0.12,"Statistics, Research, Project Management, SQL",Not Specified,78599,-4.56,0.61,False,Low,0,Emerging
476b449e-9387-4a10-b223-730b3d8c77e2,2013,Italy,Europe,Tokyo,Future Solutions,Small,Tech,ML Engineer,Lead,False,,0.16,"SQL, Communication, Data Analysis, Research, Business Analysis, Statistics",Not Specified,57767,4.36,0.69,False,High,12,Emerging
e21f432e-d4ff-4dc9-b25f-673831afc018,2016,Kenya,Africa,Berlin,Future Systems,Medium,Retail,Business Analyst,Mid,False,,0.16,"Business Analysis, Communication, Python, Project Management, Statistics",Not Specified,22409,-2.26,0.81,False,High,4,Emerging
873cb2a6-b99a-49ab-a803-e900c39514c8,2016,South Africa,Africa,Tokyo,Prime Solutions,Large,Manufacturing,AI Researcher,Intern,False,,0.13,"Software Engineering, SQL, Business Analysis, Cloud Computing",Not Specified,19065,0.75,0.69,False,Low,16,Emerging
63017ac1-0abe-4e16-9c03-5fabe047a5ce,2015,Taiwan,East Asia,Sydney,Future Analytics,Small,Manufacturing,AI Researcher,Senior,False,,0.09,"Python, Cloud Computing, SQL",Not Specified,55151,1.94,0.82,False,High,4,Emerging
dae230c7-2dd4-492a-92d2-e853efbf2221,2011,Spain,Europe,Sao Paulo,Global Analytics,Small,Agriculture,Business Analyst,Senior,False,,0.01,"Communication, Python, Research",Not Specified,64299,0.23,0.8,False,Medium,6,Emerging
d5887cc5-49fd-4d92-a86c-594f075aad13,2013,Italy,Europe,Lagos,Future Analytics,Large,Retail,Software Engineer,Mid,False,,0.19,"Communication, Software Engineering, Business Analysis",Not Specified,69200,-1.68,0.79,False,High,7,Emerging
eabf299d-2501-458c-8ccd-fb550a1a37e9,2017,Australia,Oceania,London,Global Technologies,Enterprise,Tech,Product Manager,Senior,False,,0.02,"Project Management, Data Analysis, Business Analysis, SQL, Statistics",Not Specified,72430,-0.72,0.67,False,Low,7,Growing
73c29cda-0407-4ba5-8e1d-6bfbf6a3e6ca,2020,Philippines,Southeast Asia,Singapore,Future Technologies,Medium,Healthcare,AI Researcher,Lead,True,MLOps,0.76,"Project Management, Communication, Business Analysis",MLOps,51134,5.31,0.35,True,High,10,Growing
29f19551-5395-4a50-94a0-d01d1146d2a5,2024,Malaysia,Southeast Asia,Lagos,Future Analytics,Large,Manufacturing,Systems Engineer,Senior,True,"deep learning, NLP, reinforcement learning, computer vision",0.51,"Statistics, Business Analysis, Software Engineering, Data Analysis, Communication, Cloud Computing","deep learning, NLP, reinforcement learning, computer vision",67085,5.05,0.36,True,Low,13,Growing
318a092d-3a2d-4e1e-bedd-ece6e77e5d8a,2022,United States,North America,Lagos,Prime Solutions,Small,Healthcare,Data Scientist,Executive,False,,0.19,"Business Analysis, Project Management, Research, Software Engineering, Python, Data Analysis",Not Specified,102947,2.52,0.7,False,High,0,Growing
6a6d611a-8a0e-4044-84cf-9a3ff1d06173,2024,Italy,Europe,Dubai,Global Technologies,Medium,Healthcare,Systems Engineer,Junior,True,"machine learning, reinforcement learning",0.82,"Cloud Computing, Communication, Business Analysis, Research, Data Analysis, Project Management","machine learning, reinforcement learning",124447,16.92,0.22,True,High,2,Growing
e0d15050-374b-45bd-8659-3852d9b8ad48,2021,Peru,South America,Seoul,Prime Systems,Medium,Healthcare,Software Engineer,Intern,False,,0.19,"Research, Business Analysis, Cloud Computing, Statistics, Project Management, SQL",Not Specified,45125,-1.92,0.9,False,Low,11,Growing
019c1a18-4831-4c10-bf45-d34acf8db4e0,2020,UAE,Middle East,London,NextGen Systems,Enterprise,Tech,Systems Engineer,Lead,True,"deep learning, machine learning, MLOps, NLP",0.81,"Software Engineering, Communication, Statistics, Cloud Computing, Project Management","deep learning, machine learning, MLOps, NLP",77547,12.57,0.4,True,Medium,11,Growing
5ac62e14-3a2c-422e-bb31-544aab191c26,2017,Bangladesh,South Asia,Toronto,Prime Technologies,Large,Retail,Data Scientist,Lead,False,,0.01,"Research, Cloud Computing, Project Management",Not Specified,23154,-1.7,0.63,False,Medium,14,Growing
b2e84124-235c-436d-abda-f4f123edf94a,2016,Jordan,Middle East,London,Future Analytics,Enterprise,Healthcare,ML Engineer,Senior,False,,0.16,"Software Engineering, Research, Project Management",Not Specified,62834,-4.68,0.75,False,Low,6,Emerging
e4fe7157-a568-4d6b-ad68-237954186ae0,2014,Bangladesh,South Asia,Seoul,Future Technologies,Enterprise,Agriculture,Operations Manager,Executive,False,,0.02,"Data Analysis, Cloud Computing, Communication, Statistics, Business Analysis, Python",Not Specified,19101,3.52,0.69,False,High,10,Emerging
ef02bc5e-5840-4908-905d-db95aed67a91,2013,Jordan,Middle East,Nairobi,Future Technologies,Enterprise,Manufacturing,AI Researcher,Executive,False,,0.17,"Python, Data Analysis, Software Engineering, Statistics",Not Specified,54418,2.04,0.71,False,Medium,9,Emerging
836d5380-a8ee-428a-8379-db789370d282,2022,United Kingdom,Europe,Seoul,Prime Systems,Large,Retail,ML Engineer,Mid,True,"MLOps, computer vision, machine learning",0.69,"Cloud Computing, Software Engineering, Data Analysis","MLOps, computer vision, machine learning",106804,14.05,0.16,True,High,4,Growing
4568bead-24e8-4316-905f-268770635f83,2025,Philippines,Southeast Asia,Berlin,Prime Analytics,Small,Manufacturing,ML Engineer,Intern,True,"machine learning, NLP",0.8,"Statistics, Software Engineering, Data Analysis","machine learning, NLP",62282,13.82,0.4,True,Low,3,Growing
f170d667-f808-4972-bd80-9edd03e02dc2,2023,New Zealand,Oceania,Lagos,Prime Systems,Large,Healthcare,Operations Manager,Executive,True,computer vision,0.62,"Cloud Computing, Software Engineering, Statistics, Python, Business Analysis, Research",computer vision,119002,12.75,0.15,True,Low,3,Growing
4e5826ce-0922-476d-b3cd-d87ccb2eaa39,2017,Philippines,Southeast Asia,Berlin,Prime Analytics,Enterprise,Tech,Systems Engineer,Mid,False,,0.11,"SQL, Statistics, Communication, Research",Not Specified,33835,2.45,0.84,False,High,5,Growing
9a6ee917-500d-46f8-8564-9d949ab3e2aa,2022,China,East Asia,Seoul,Global Technologies,Enterprise,Agriculture,Software Engineer,Junior,False,,0.11,"Python, Research, Software Engineering, Business Analysis",Not Specified,65014,3.37,0.76,False,Medium,3,Growing
759394c3-a8e5-4ebf-9f14-caaa05899675,2016,United States,North America,Singapore,NextGen Analytics,Startup,Healthcare,Data Scientist,Junior,False,,0.17,"Python, Research, Cloud Computing, Statistics, Software Engineering",Not Specified,71077,4.8,0.75,False,Medium,4,Emerging
96bc1f3e-046e-4c80-a417-aba60fcb3230,2020,Philippines,Southeast Asia,New York,NextGen Technologies,Medium,Agriculture,Business Analyst,Junior,False,,0.1,"Communication, Research, Project Management, Cloud Computing",Not Specified,41198,1.63,0.61,False,Medium,8,Growing
8b147a86-051e-4f85-985d-1aa9f102f2ee,2012,Sweden,Europe,Sao Paulo,Prime Technologies,Medium,Agriculture,Policy Analyst,Junior,False,,0.13,"Cloud Computing, Project Management, Statistics",Not Specified,57176,-0.44,0.88,False,High,16,Emerging
a79126fe-09f9-47cc-882a-e3d5c00f535a,2014,Sweden,Europe,Sao Paulo,Prime Systems,Large,Retail,Product Manager,Executive,False,,0.19,"Statistics, Communication, Cloud Computing",Not Specified,62109,-2.3,0.76,False,Low,7,Emerging
fa6a30ec-e3af-4a97-b6fd-e936db8692b3,2022,Egypt,Africa,Lagos,Prime Systems,Medium,Retail,Product Manager,Executive,True,"LLMs, machine learning",0.94,"SQL, Project Management, Cloud Computing, Python","LLMs, machine learning",35878,10.71,0.14,True,Low,12,Growing
a89693a3-9be3-48b2-abaf-dc703cdb4e48,2011,South Korea,East Asia,Toronto,NextGen Solutions,Small,Healthcare,Systems Engineer,Lead,False,,0.19,"Data Analysis, SQL, Research, Business Analysis, Python, Software Engineering",Not Specified,64857,-3.81,0.75,False,Low,11,Emerging
3a88ad5e-2e2b-46bd-aed9-31ff54449105,2017,Australia,Oceania,London,Prime Technologies,Medium,Tech,Research Scientist,Junior,False,,0.12,"Project Management, Cloud Computing, SQL, Business Analysis",Not Specified,67041,-0.2,0.68,False,Medium,7,Growing
982082d3-6604-4928-8616-2331165bb039,2025,Italy,Europe,Nairobi,Future Solutions,Medium,Retail,AI Researcher,Executive,True,machine learning,0.78,"Project Management, Business Analysis, SQL, Python, Software Engineering",machine learning,131682,6.69,0.21,True,High,19,Growing
e45357dd-3678-4907-b8fd-addec9d39a96,2011,Spain,Europe,Seoul,Global Technologies,Small,Agriculture,AI Researcher,Lead,False,,0.13,"Python, Statistics, Research",Not Specified,69995,-2.22,0.64,False,Medium,2,Emerging
08319b64-0cb4-47e8-99a1-f867a590455d,2013,Jordan,Middle East,Berlin,Future Solutions,Startup,Tech,AI Researcher,Executive,True,"machine learning, MLOps, computer vision",0.48,"SQL, Software Engineering, Data Analysis, Python, Communication, Business Analysis","machine learning, MLOps, computer vision",85734,-4.76,0.23,True,Medium,11,Emerging
67c1ff26-6e41-4ae1-8b3e-a05b1c48f810,2010,UAE,Middle East,London,Global Analytics,Small,Healthcare,Business Analyst,Junior,False,,0.08,"Statistics, Data Analysis, Research",Not Specified,53320,2.86,0.74,False,Medium,11,Emerging
bc8fcf84-d21a-40d9-ad13-c4941273a84d,2025,Nepal,South Asia,Sydney,NextGen Technologies,Startup,Healthcare,AI Researcher,Intern,True,"generative AI, MLOps, deep learning",0.56,"SQL, Data Analysis, Business Analysis, Statistics","generative AI, MLOps, deep learning",36265,16.09,0.39,True,Low,13,Growing
c392986e-1eeb-483f-b1d3-f3607d6cbdbc,2014,UAE,Middle East,Toronto,Future Solutions,Startup,Tech,AI Researcher,Senior,False,,0.03,"Cloud Computing, SQL, Business Analysis, Research",Not Specified,50293,-1.04,0.73,False,High,6,Emerging
886e36ba-4763-46b0-81f6-0e1bae4f5fa6,2021,Brazil,South America,Tokyo,Global Technologies,Startup,Retail,Business Analyst,Intern,True,"deep learning, machine learning",0.52,"Communication, Software Engineering, Python","deep learning, machine learning",55609,16.83,0.16,True,Low,10,Growing
c326e290-7621-4132-ae37-6334fcaa63a7,2010,Chile,South America,Berlin,Global Solutions,Medium,Retail,Systems Engineer,Executive,False,,0.1,"Research, Data Analysis, Python",Not Specified,33051,-1.09,0.71,False,High,12,Emerging
f0e7f096-eb9d-46a1-8c08-0a40551c4a06,2011,Vietnam,Southeast Asia,Tokyo,NextGen Technologies,Small,Manufacturing,Policy Analyst,Lead,False,,0.09,"Software Engineering, Data Analysis, Statistics, Research, Business Analysis",Not Specified,34470,-4.07,0.82,False,High,13,Emerging
c960bf44-8414-495b-b705-4057194f2ed8,2012,Saudi Arabia,Middle East,Toronto,Future Analytics,Enterprise,Manufacturing,ML Engineer,Intern,False,,0.02,"Python, Statistics, Cloud Computing, Project Management, Business Analysis, Software Engineering",Not Specified,47899,2.72,0.68,False,High,4,Emerging
d58652c4-40eb-4453-aa3c-73c594dea4d4,2020,Malaysia,Southeast Asia,Dubai,Global Technologies,Startup,Retail,Policy Analyst,Intern,False,,0.1,"SQL, Cloud Computing, Business Analysis, Communication",Not Specified,36225,3.76,0.8,False,High,12,Growing
0bf9f53e-1144-4812-9eb1-15d79f01cc62,2011,Qatar,Middle East,Nairobi,Prime Systems,Small,Agriculture,Product Manager,Senior,False,,0.03,"Project Management, Python, Communication, Business Analysis, Research, Software Engineering",Not Specified,47073,0.68,0.9,False,Medium,8,Emerging
70c3843e-ee46-44a3-9d98-16f138f0909e,2023,Australia,Oceania,Seoul,Future Systems,Enterprise,Retail,ML Engineer,Senior,True,computer vision,0.44,"Software Engineering, Statistics, SQL, Business Analysis",computer vision,132863,13.01,0.2,True,High,13,Growing
30bf1bc1-ab15-4b40-8df2-7a6aaace56f8,2010,Bangladesh,South Asia,Sydney,Future Solutions,Medium,Manufacturing,Policy Analyst,Senior,False,,0.17,"SQL, Data Analysis, Software Engineering, Project Management, Research",Not Specified,21195,1.49,0.74,False,Low,17,Emerging
12355a42-c755-4ddd-a535-d64fec63db94,2022,Sweden,Europe,Sydney,Global Analytics,Large,Manufacturing,Research Scientist,Lead,True,deep learning,0.84,"Software Engineering, Research, Python",deep learning,100661,13.45,0.28,True,High,9,Growing
b7360321-f197-4656-8cc7-91e2d46ee37a,2010,Mexico,North America,Berlin,NextGen Systems,Enterprise,Agriculture,ML Engineer,Mid,False,,0.04,"Software Engineering, Project Management, SQL, Data Analysis, Statistics",Not Specified,67162,3.99,0.61,False,High,9,Emerging
d7b892f2-ec1a-4f0a-a0f8-f6c2fb6e0faf,2013,Australia,Oceania,Sao Paulo,Prime Analytics,Medium,Agriculture,Product Manager,Mid,False,,0.19,"Project Management, Python, Software Engineering, Communication",Not Specified,77384,1.71,0.77,False,Low,8,Emerging
2354d1ba-e2ee-4eaf-8080-bcf890895e13,2019,Colombia,South America,Sydney,Future Analytics,Medium,Manufacturing,Operations Manager,Executive,False,,0.08,"Statistics, SQL, Python",Not Specified,45202,-1.87,0.78,False,Low,1,Growing
70bf1e1b-f3b7-48d2-997a-594e7f634bfe,2013,United States,North America,Paris,Global Systems,Large,Retail,Business Analyst,Intern,False,,0.02,"Python, Cloud Computing, SQL",Not Specified,81429,3.12,0.84,False,Medium,10,Emerging
44086825-e553-4f34-aea9-bfa97813511a,2015,South Korea,East Asia,Sydney,Prime Systems,Enterprise,Healthcare,Policy Analyst,Lead,False,,0.03,"Communication, Software Engineering, Research, Data Analysis",Not Specified,70116,2.53,0.87,False,Medium,15,Emerging
b33e5c7c-ade8-4018-81be-f0e54763733f,2018,Nigeria,Africa,Lagos,Global Systems,Startup,Manufacturing,Operations Manager,Intern,False,,0.17,"Python, Project Management, Software Engineering, Business Analysis",Not Specified,20594,1.47,0.86,False,Medium,6,Growing
c00926fa-0d05-49a2-a896-135fd15cf007,2015,Qatar,Middle East,Toronto,NextGen Solutions,Enterprise,Manufacturing,Data Scientist,Senior,False,,0.03,"Statistics, Cloud Computing, SQL, Research, Python, Data Analysis",Not Specified,63989,2.45,0.67,False,Medium,6,Emerging
2ee631b0-f2d9-47d1-a871-309b29cd6f34,2023,Sweden,Europe,Sydney,NextGen Solutions,Medium,Agriculture,Policy Analyst,Lead,True,"generative AI, machine learning, MLOps",0.76,"Research, Business Analysis, SQL, Statistics, Python, Software Engineering","generative AI, machine learning, MLOps",124886,10.49,0.19,True,Low,7,Growing
4f5a3b19-2124-430d-9948-6fdff69a0ac9,2011,Brazil,South America,Sydney,Prime Systems,Small,Manufacturing,AI Researcher,Executive,False,,0.02,"Software Engineering, Project Management, Data Analysis, Business Analysis, SQL",Not Specified,33091,1.2,0.81,False,Medium,9,Emerging
5aa67868-36bb-4e62-b700-e580d5eb019b,2013,UAE,Middle East,Berlin,Future Systems,Enterprise,Healthcare,ML Engineer,Junior,False,,0.12,"Software Engineering, Data Analysis, Python, Statistics, Project Management",Not Specified,58409,3.53,0.81,False,Medium,10,Emerging
9a1dec0f-f335-4815-953a-7b0c00e6477a,2018,Singapore,Southeast Asia,Tokyo,Global Technologies,Startup,Agriculture,Systems Engineer,Executive,True,"deep learning, reinforcement learning, NLP, MLOps",0.42,"Cloud Computing, Research, Software Engineering","deep learning, reinforcement learning, NLP, MLOps",53292,14.05,0.23,True,High,5,Growing
08c01c20-74b0-45d1-9a65-efe09b47665d,2015,New Zealand,Oceania,Dubai,Global Systems,Large,Manufacturing,Operations Manager,Mid,False,,0.16,"Business Analysis, Statistics, Python",Not Specified,63887,-4.59,0.68,False,Low,8,Emerging
624bf4ab-03b9-4a02-a063-0a207c16c76d,2019,Netherlands,Europe,London,Future Technologies,Enterprise,Agriculture,Data Scientist,Senior,True,reinforcement learning,0.55,"Project Management, Business Analysis, Research, Communication, Python",reinforcement learning,122551,7.56,0.28,True,Medium,9,Growing
91c003b4-b9b4-4147-8e4f-4a4fe6be2480,2023,Saudi Arabia,Middle East,Sao Paulo,Prime Technologies,Enterprise,Retail,Systems Engineer,Senior,True,"LLMs, deep learning",0.63,"Data Analysis, Research, Software Engineering","LLMs, deep learning",88529,8.96,0.19,True,High,10,Growing
b3fba644-8281-4ccb-8c3b-e848a265dd10,2024,New Zealand,Oceania,Bangalore,NextGen Solutions,Large,Retail,ML Engineer,Lead,True,"reinforcement learning, machine learning, LLMs, MLOps",0.93,"Python, Business Analysis, Data Analysis, Project Management, Statistics","reinforcement learning, machine learning, LLMs, MLOps",126154,14.83,0.28,True,Low,14,Growing
b5fd08a3-3c7c-4504-b775-4e3c5db52782,2014,Spain,Europe,London,Global Technologies,Medium,Manufacturing,Research Scientist,Intern,False,,0.19,"Project Management, Communication, SQL",Not Specified,73361,1.24,0.66,False,Medium,0,Emerging
a2f658d3-ef24-4138-85ad-13e928f95e5c,2022,New Zealand,Oceania,London,Prime Technologies,Startup,Tech,Data Scientist,Junior,True,"NLP, MLOps, deep learning, LLMs",0.54,"Project Management, Data Analysis, Communication, Software Engineering","NLP, MLOps, deep learning, LLMs",127946,10.71,0.3,True,Medium,9,Mature
33df696c-75ad-49c9-9755-bcfdf1df4680,2025,UAE,Middle East,Dubai,Prime Systems,Medium,Retail,Research Scientist,Mid,True,reinforcement learning,0.63,"Communication, Software Engineering, Python",reinforcement learning,99211,5.36,0.24,True,Medium,4,Growing
7ff4a5d8-b726-4890-bd2b-daf041ca5879,2024,Philippines,Southeast Asia,Lagos,Prime Systems,Startup,Manufacturing,ML Engineer,Executive,False,,0.07,"Statistics, Communication, Software Engineering, Research",Not Specified,47147,0.03,0.7,False,Low,8,Growing
d9375a32-1f84-46be-b37f-d1600e9ba3fc,2010,Malaysia,Southeast Asia,Tokyo,Future Analytics,Medium,Healthcare,Operations Manager,Executive,False,,0.09,"Project Management, Communication, Data Analysis, Research, Cloud Computing",Not Specified,26698,1.37,0.77,False,Low,2,Emerging
1b22f824-4672-41e1-9503-1ab3d3d8802d,2025,Sri Lanka,South Asia,Sao Paulo,Global Analytics,Small,Manufacturing,Data Scientist,Senior,True,machine learning,0.83,"Data Analysis, Business Analysis, Research, Cloud Computing, SQL, Python",machine learning,44392,11.94,0.36,True,Medium,3,Growing
f0bdc047-b91d-4e99-9302-1dc03e67eceb,2016,Bangladesh,South Asia,Nairobi,Global Systems,Large,Retail,AI Researcher,Intern,False,,0.05,"Python, Data Analysis, Software Engineering",Not Specified,20711,-4.9,0.72,False,Low,9,Emerging
b9c8aef6-06fb-4110-965b-4d2e33c7b1de,2013,Israel,Middle East,Berlin,NextGen Solutions,Medium,Tech,Policy Analyst,Junior,False,,0.14,"Statistics, Data Analysis, Python",Not Specified,56492,-2.2,0.66,False,Low,14,Emerging
a3929dee-a4d2-4e35-a43f-efc99d6a3d79,2019,Australia,Oceania,Seoul,Future Technologies,Enterprise,Tech,Data Scientist,Mid,False,,0.19,"Business Analysis, Python, SQL, Cloud Computing, Project Management, Data Analysis",Not Specified,92704,2.54,0.7,False,High,14,Growing
363bd091-a5b4-497e-b5ba-8d4563cc9b1f,2017,Mexico,North America,New York,NextGen Solutions,Medium,Tech,Software Engineer,Intern,False,,0.0,"SQL, Research, Communication, Software Engineering, Business Analysis, Data Analysis",Not Specified,93464,3.49,0.76,False,High,11,Growing
5a37475e-19d3-4045-b1c0-e2373a5b0ff4,2023,China,East Asia,Singapore,Global Solutions,Small,Manufacturing,ML Engineer,Lead,True,"generative AI, computer vision, reinforcement learning",0.61,"SQL, Project Management, Statistics","generative AI, computer vision, reinforcement learning",121237,8.82,0.11,True,High,16,Growing
855486fa-c057-4aee-86b0-9bb7225b3ea0,2022,Pakistan,South Asia,Sao Paulo,Prime Systems,Small,Tech,Policy Analyst,Intern,True,deep learning,0.93,"Research, Communication, Software Engineering, Data Analysis, Business Analysis, SQL",deep learning,43704,12.35,0.4,True,High,9,Mature
1ba4c0d6-f999-4f55-875d-92bb3f933e10,2017,Kenya,Africa,Sydney,Future Systems,Small,Retail,Product Manager,Lead,False,,0.15,"Statistics, Software Engineering, Project Management",Not Specified,19267,-2.59,0.82,False,Medium,13,Growing
6761d052-0238-46b2-8847-afa86999bcc1,2014,Ghana,Africa,Bangalore,Future Solutions,Small,Agriculture,Software Engineer,Intern,False,,0.08,"Business Analysis, Research, Data Analysis, Cloud Computing, Project Management, SQL",Not Specified,20672,-3.62,0.68,False,Low,14,Emerging
94b9cf77-cfad-4804-9a18-27f93e685689,2014,Australia,Oceania,Lagos,Future Systems,Enterprise,Tech,AI Researcher,Mid,False,,0.13,"Statistics, Python, Business Analysis, Data Analysis, Software Engineering, Project Management",Not Specified,71785,-1.8,0.65,False,Medium,5,Emerging
e24be4c2-1f62-4984-9997-143ca2603a5d,2016,Germany,Europe,Nairobi,NextGen Systems,Enterprise,Agriculture,Operations Manager,Intern,False,,0.01,"Project Management, Cloud Computing, Business Analysis, Statistics, Communication",Not Specified,79349,4.6,0.76,False,High,4,Emerging
0b49bbf4-57c4-40bc-8263-054cbeb3bb64,2012,Philippines,Southeast Asia,Sao Paulo,Global Systems,Startup,Retail,AI Researcher,Junior,False,,0.19,"Project Management, Communication, Cloud Computing, Research, SQL, Business Analysis",Not Specified,34606,-1.82,0.85,False,Low,15,Emerging
02172c71-7264-4931-8123-0c5b4f5e760d,2017,Italy,Europe,Tokyo,Global Solutions,Large,Manufacturing,Systems Engineer,Senior,False,,0.13,"Project Management, Business Analysis, SQL, Software Engineering, Communication",Not Specified,74731,0.43,0.69,False,Medium,3,Growing
7b3742be-d0c8-4c0c-b155-c9ec43982e60,2012,Bangladesh,South Asia,Singapore,Future Analytics,Enterprise,Tech,AI Researcher,Lead,True,"deep learning, MLOps",0.62,"Python, Communication, Research, Business Analysis","deep learning, MLOps",31619,-2.1,0.15,True,High,3,Emerging
d3f62e08-655a-412c-b9a3-e7ed67b18e45,2025,New Zealand,Oceania,Seoul,Prime Analytics,Small,Tech,ML Engineer,Executive,True,computer vision,0.75,"SQL, Communication, Research, Cloud Computing, Statistics",computer vision,139394,5.44,0.32,True,High,13,Mature
a752fd8b-81ad-4882-924a-a588b96049df,2023,Argentina,South America,Lagos,Global Analytics,Medium,Agriculture,AI Researcher,Lead,True,"MLOps, machine learning",0.95,"Business Analysis, Project Management, Software Engineering","MLOps, machine learning",72759,17.37,0.33,True,Medium,15,Growing
b22c7197-0445-4013-92d9-a55c43b7a9df,2020,Chile,South America,Seoul,Prime Technologies,Startup,Healthcare,Data Scientist,Senior,True,"computer vision, MLOps",0.92,"Business Analysis, Cloud Computing, Statistics, Communication, SQL","computer vision, MLOps",65485,6.09,0.22,True,Low,10,Growing
dab15c77-9226-42bd-ad95-00e8d5be1691,2025,France,Europe,Paris,Global Technologies,Medium,Tech,Policy Analyst,Senior,True,NLP,0.68,"Business Analysis, Software Engineering, Statistics, Data Analysis, Cloud Computing, Communication",NLP,119596,13.64,0.2,True,High,2,Mature
d3a40f9f-90bb-4591-8d27-d5957c8a9890,2018,South Africa,Africa,Sydney,Future Technologies,Large,Healthcare,Data Scientist,Mid,False,,0.1,"Statistics, Business Analysis, Project Management, Cloud Computing, Research, SQL",Not Specified,24254,1.85,0.77,False,Medium,11,Growing
7cdbc065-cc24-496d-91aa-5e3c99208149,2011,Philippines,Southeast Asia,Singapore,Future Technologies,Startup,Retail,Research Scientist,Executive,False,,0.06,"Research, Python, Business Analysis, Project Management, Statistics",Not Specified,34168,1.55,0.82,False,High,1,Emerging
8a00ceff-9e2c-4c1f-b469-db09c91fe9fe,2014,Argentina,South America,Sao Paulo,Global Solutions,Startup,Manufacturing,Business Analyst,Lead,False,,0.01,"SQL, Statistics, Software Engineering, Cloud Computing, Research",Not Specified,40476,1.89,0.72,False,Low,18,Emerging
1563989b-aeb7-49d0-9ca1-3a86cd298b67,2022,UAE,Middle East,Toronto,Future Systems,Small,Manufacturing,Operations Manager,Mid,True,"MLOps, deep learning, reinforcement learning",0.55,"Statistics, Research, Software Engineering, Business Analysis, Communication","MLOps, deep learning, reinforcement learning",86609,17.73,0.18,True,High,5,Growing
ab0392e5-275e-4b93-b037-c15ba57f8651,2022,Mexico,North America,Nairobi,Future Systems,Enterprise,Healthcare,Policy Analyst,Junior,True,"generative AI, reinforcement learning, MLOps, NLP",0.51,"Project Management, Software Engineering, Cloud Computing, Python, Business Analysis","generative AI, reinforcement learning, MLOps, NLP",141262,11.55,0.35,True,High,5,Growing
a129fcfe-5f8d-4d40-934d-3730744e9dce,2024,Indonesia,Southeast Asia,Sydney,Prime Solutions,Medium,Retail,Product Manager,Executive,True,generative AI,0.79,"Data Analysis, Statistics, Cloud Computing",generative AI,61956,16.3,0.1,True,Low,14,Growing
9825eda2-f942-4b5a-8bc0-4db8d5fefbd7,2022,Jordan,Middle East,Bangalore,NextGen Solutions,Small,Tech,Operations Manager,Senior,True,"computer vision, LLMs, deep learning",0.47,"Software Engineering, Python, Data Analysis, SQL","computer vision, LLMs, deep learning",90434,17.48,0.39,True,Low,9,Mature
7c13d076-14c8-41f0-b4bb-3f4cd777c393,2014,Colombia,South America,Dubai,Prime Systems,Small,Retail,Product Manager,Senior,False,,0.07,"Project Management, Data Analysis, Communication",Not Specified,36650,1.75,0.86,False,Medium,11,Emerging
cb0c4c64-d24d-4780-bd0b-4ec2a1d8fe77,2023,New Zealand,Oceania,Sydney,Future Solutions,Large,Tech,Data Scientist,Lead,True,reinforcement learning,0.65,"Data Analysis, Cloud Computing, Statistics, Project Management, Python",reinforcement learning,109416,12.79,0.21,True,Medium,10,Mature
d9388417-d07c-4a11-9b87-13322f3c72e1,2013,UAE,Middle East,Berlin,Prime Analytics,Startup,Retail,Business Analyst,Mid,False,,0.08,"Communication, Project Management, Software Engineering, Python, Business Analysis, Data Analysis",Not Specified,49190,0.35,0.64,False,Medium,1,Emerging
34e82377-b16e-4d26-ad5b-08bb5cdb3b69,2022,Germany,Europe,London,Prime Systems,Startup,Agriculture,AI Researcher,Lead,True,"MLOps, computer vision, machine learning",0.5,"Cloud Computing, Research, Project Management, Statistics, Python","MLOps, computer vision, machine learning",122697,14.38,0.32,True,Medium,18,Growing
bde415e7-6fe2-493f-be9f-cb0cb6acf495,2023,Indonesia,Southeast Asia,New York,Prime Technologies,Small,Manufacturing,Business Analyst,Mid,True,MLOps,0.9,"Communication, Statistics, SQL, Software Engineering, Business Analysis, Python",MLOps,61501,8.54,0.22,True,High,10,Growing
37f870f7-7c48-4815-a796-2f1303f12802,2023,Australia,Oceania,Sao Paulo,Prime Technologies,Medium,Tech,ML Engineer,Senior,True,"reinforcement learning, generative AI",0.45,"Project Management, Data Analysis, Software Engineering, Statistics, SQL","reinforcement learning, generative AI",121568,14.66,0.37,True,Medium,4,Mature
e521fba1-58f0-4c8d-84fd-ea88314a300e,2023,China,East Asia,Seoul,Global Solutions,Enterprise,Manufacturing,Systems Engineer,Executive,True,reinforcement learning,0.66,"Business Analysis, SQL, Research, Software Engineering, Data Analysis, Cloud Computing",reinforcement learning,114287,8.81,0.22,True,Low,5,Growing
c742e6ec-71b8-4432-8c8c-06563a5e3664,2020,Sri Lanka,South Asia,Lagos,Prime Technologies,Small,Healthcare,Business Analyst,Mid,False,,0.04,"Software Engineering, Statistics, Communication, Research, Data Analysis",Not Specified,22857,1.42,0.62,False,High,8,Growing
fc6e86aa-a36d-4760-a3d4-b3fb88050107,2014,United States,North America,Lagos,Prime Solutions,Medium,Agriculture,ML Engineer,Executive,True,"MLOps, NLP, reinforcement learning",0.57,"Data Analysis, Cloud Computing, Business Analysis, Communication","MLOps, NLP, reinforcement learning",116867,0.68,0.19,True,High,7,Emerging
d38ade27-4550-4358-96d3-aec967ef5082,2019,United States,North America,Dubai,Future Solutions,Enterprise,Healthcare,Systems Engineer,Senior,True,"reinforcement learning, MLOps, computer vision",0.66,"Research, Software Engineering, Data Analysis, Project Management","reinforcement learning, MLOps, computer vision",139395,17.64,0.29,True,Medium,0,Growing
aa5ed00e-1553-490b-b0f6-892764ca2ac1,2017,Chile,South America,Singapore,Prime Analytics,Small,Manufacturing,Research Scientist,Executive,False,,0.06,"Research, Project Management, Communication",Not Specified,45882,2.89,0.79,False,Medium,1,Growing
c891dc0d-efe8-4d5f-a5cc-a0da63ee32fa,2020,China,East Asia,Berlin,NextGen Technologies,Startup,Agriculture,Operations Manager,Junior,True,machine learning,0.65,"Communication, Cloud Computing, Research",machine learning,100789,8.18,0.34,True,Low,6,Growing
6065dc9e-6c0d-43d9-823b-af38ce99d84c,2019,Argentina,South America,Toronto,NextGen Systems,Small,Tech,Policy Analyst,Lead,True,"computer vision, machine learning, MLOps, deep learning",0.83,"Communication, Software Engineering, Cloud Computing, Research","computer vision, machine learning, MLOps, deep learning",54259,11.22,0.23,True,Low,18,Growing
ec45e41e-6bd8-4371-8b6d-3f20060a4410,2018,South Africa,Africa,Berlin,Future Analytics,Medium,Manufacturing,Research Scientist,Senior,True,"computer vision, NLP, deep learning, machine learning",0.74,"Business Analysis, Software Engineering, Project Management","computer vision, NLP, deep learning, machine learning",30686,8.56,0.12,True,Medium,19,Growing
275c24d8-bd9d-465a-b47c-4298b0c25869,2013,China,East Asia,Lagos,Global Solutions,Medium,Tech,Systems Engineer,Junior,False,,0.07,"Communication, Cloud Computing, Project Management, Research",Not Specified,67568,-3.89,0.64,False,Low,14,Emerging
a703f2c6-f61f-4988-874c-8a356c400357,2018,Kenya,Africa,Lagos,Future Solutions,Enterprise,Agriculture,Operations Manager,Executive,False,,0.14,"Data Analysis, Statistics, Software Engineering, SQL",Not Specified,19912,2.7,0.86,False,Medium,11,Growing
23ad67db-9137-49ce-97dd-a1f1f1e94f69,2018,Pakistan,South Asia,Toronto,Global Systems,Enterprise,Manufacturing,Policy Analyst,Mid,False,,0.0,"Communication, Business Analysis, Python",Not Specified,21966,-0.89,0.72,False,High,10,Growing
dc0e2d42-4e51-4388-b456-1cb5cd1b536d,2019,New Zealand,Oceania,Nairobi,Global Analytics,Startup,Retail,Research Scientist,Executive,False,,0.11,"SQL, Business Analysis, Cloud Computing, Project Management",Not Specified,94294,2.81,0.76,False,Medium,4,Growing
f163cbd4-0221-4d36-8acc-d899c0304a22,2015,India,South Asia,Dubai,Future Systems,Large,Retail,Research Scientist,Senior,False,,0.14,"Python, Project Management, Statistics",Not Specified,25209,-0.68,0.61,False,Medium,4,Emerging
80204050-b824-46b9-9e4d-3b4b34c8f453,2020,Saudi Arabia,Middle East,Lagos,NextGen Technologies,Large,Agriculture,ML Engineer,Junior,False,,0.04,"Data Analysis, SQL, Python, Cloud Computing, Business Analysis",Not Specified,71269,4.25,0.87,False,Low,4,Growing
b0a7f886-d53b-441b-8bdc-b5b6dc880f6e,2012,New Zealand,Oceania,Tokyo,NextGen Solutions,Medium,Retail,Data Scientist,Junior,False,,0.13,"SQL, Business Analysis, Python, Project Management, Statistics, Communication",Not Specified,62734,-3.37,0.9,False,Medium,1,Emerging
42abc4b8-8a4f-487b-98c9-6caa64c765af,2018,Sri Lanka,South Asia,London,Future Solutions,Startup,Agriculture,Business Analyst,Intern,False,,0.0,"Cloud Computing, Project Management, SQL, Statistics, Business Analysis, Research",Not Specified,23907,-0.8,0.89,False,Medium,0,Growing
01939022-afd9-4e08-a035-263bb7e4d059,2011,Israel,Middle East,New York,Global Technologies,Small,Healthcare,Business Analyst,Mid,False,,0.0,"Data Analysis, Business Analysis, Communication, SQL, Cloud Computing, Research",Not Specified,51787,-3.6,0.74,False,High,5,Emerging
5ac3b950-9501-4f66-ac40-966832311bd9,2015,India,South Asia,New York,NextGen Analytics,Large,Tech,Data Scientist,Lead,True,"reinforcement learning, NLP, MLOps, computer vision",0.58,"Communication, Research, Data Analysis, SQL, Python, Statistics","reinforcement learning, NLP, MLOps, computer vision",34936,-1.68,0.37,True,Medium,7,Emerging
3d4bd451-d4ed-443c-903e-96c37ea3f104,2016,Thailand,Southeast Asia,Lagos,Prime Solutions,Small,Healthcare,Research Scientist,Intern,False,,0.16,"Project Management, Cloud Computing, Data Analysis, Statistics",Not Specified,31604,1.59,0.82,False,High,9,Emerging
7a7e6238-b4ea-4788-9ba2-286df4c32445,2018,Sri Lanka,South Asia,Nairobi,Prime Systems,Medium,Healthcare,AI Researcher,Junior,False,,0.13,"Data Analysis, Python, Project Management",Not Specified,25390,4.35,0.61,False,Low,12,Growing
ce244010-ce9d-42f6-a0dc-56d7eb4fd199,2012,New Zealand,Oceania,London,Global Solutions,Large,Retail,ML Engineer,Mid,False,,0.19,"Software Engineering, Business Analysis, SQL, Research, Cloud Computing",Not Specified,61174,-2.73,0.74,False,Low,12,Emerging
de924b23-faa1-4219-8a47-2395e70dc816,2014,Morocco,Africa,Sydney,Prime Analytics,Enterprise,Agriculture,Operations Manager,Mid,False,,0.04,"Cloud Computing, Python, SQL, Data Analysis",Not Specified,17431,4.69,0.72,False,High,17,Emerging
31907e66-a137-435f-a387-d92ab5898a13,2012,Saudi Arabia,Middle East,London,NextGen Solutions,Large,Tech,ML Engineer,Senior,True,"deep learning, reinforcement learning, computer vision, machine learning",0.76,"Communication, Data Analysis, Project Management","deep learning, reinforcement learning, computer vision, machine learning",71773,-3.07,0.35,True,Medium,4,Emerging
19fdfa25-8977-4180-88a6-d82fbd5c3ae7,2025,Japan,East Asia,Sydney,Prime Systems,Small,Manufacturing,Software Engineer,Mid,True,generative AI,0.53,"Cloud Computing, Research, Statistics, Project Management, Software Engineering",generative AI,123372,11.43,0.31,True,Medium,11,Growing
8b6d5ef3-d606-41e7-8b45-c3101f2b4c0e,2011,Taiwan,East Asia,Sao Paulo,Prime Systems,Large,Retail,AI Researcher,Lead,False,,0.11,"Python, Statistics, SQL, Data Analysis",Not Specified,57036,4.4,0.84,False,Medium,0,Emerging
b1aedfb9-063c-438b-9712-4ed1eb667240,2021,Malaysia,Southeast Asia,Sao Paulo,Future Technologies,Medium,Retail,AI Researcher,Lead,False,,0.05,"Business Analysis, Statistics, Data Analysis, Communication, Project Management",Not Specified,39253,-4.52,0.74,False,Low,10,Growing
54ad926f-609c-40a2-b12b-efb1acafb188,2017,Nepal,South Asia,Berlin,Prime Technologies,Medium,Retail,Business Analyst,Executive,False,,0.14,"Statistics, Communication, Software Engineering, Data Analysis, SQL, Research",Not Specified,25212,-1.87,0.75,False,Medium,0,Growing
a9e3c2cc-1e24-48a2-ab1d-42d2224c477a,2019,Argentina,South America,Sao Paulo,Prime Solutions,Enterprise,Agriculture,ML Engineer,Executive,True,"computer vision, MLOps",0.78,"Research, Statistics, Business Analysis, SQL, Project Management","computer vision, MLOps",56603,6.18,0.28,True,Low,9,Growing
3722711e-ba3c-4ba0-b94e-ce60990102b6,2023,Thailand,Southeast Asia,Dubai,Prime Solutions,Enterprise,Agriculture,Product Manager,Mid,False,,0.04,"Statistics, Communication, Project Management, Data Analysis, Cloud Computing, Business Analysis",Not Specified,37772,0.19,0.72,False,Low,4,Growing
79aa7786-2b62-46d0-90fb-c7096eba6ff8,2010,Argentina,South America,Sao Paulo,Future Systems,Large,Agriculture,Business Analyst,Lead,False,,0.01,"Python, Software Engineering, Business Analysis, Statistics, SQL",Not Specified,33399,3.68,0.64,False,Medium,6,Emerging
315b126e-c791-4d15-a8b0-8683805cecc3,2019,Malaysia,Southeast Asia,Sao Paulo,Future Systems,Small,Retail,Research Scientist,Intern,False,,0.18,"Communication, SQL, Research, Cloud Computing, Python",Not Specified,43200,-3.56,0.76,False,High,13,Growing
c0b63fb2-af43-4399-a69c-5dc4fe499e61,2017,Spain,Europe,Nairobi,Prime Analytics,Small,Healthcare,Operations Manager,Junior,True,"reinforcement learning, machine learning, NLP, MLOps",0.45,"Data Analysis, SQL, Cloud Computing, Communication, Research","reinforcement learning, machine learning, NLP, MLOps",98699,2.01,0.31,True,High,13,Growing
d0fe9b8a-3f38-4045-9bc8-51c027e76d8f,2012,Qatar,Middle East,Nairobi,Global Solutions,Medium,Healthcare,Data Scientist,Lead,False,,0.05,"Research, Python, Statistics",Not Specified,60721,1.33,0.7,False,Low,5,Emerging
29b4673a-47c5-4bff-b935-a0b0355de8cc,2010,Mexico,North America,Berlin,NextGen Analytics,Medium,Tech,ML Engineer,Lead,False,,0.01,"Statistics, SQL, Data Analysis, Cloud Computing",Not Specified,78508,0.63,0.86,False,Medium,18,Emerging
b8a50362-c39f-4c1e-8f09-e553c0ee1f20,2015,Poland,Europe,Nairobi,Global Solutions,Small,Agriculture,Business Analyst,Intern,False,,0.09,"Data Analysis, Research, Communication, Python, Project Management",Not Specified,71527,4.35,0.87,False,Low,19,Emerging
33b80c1d-a55b-46df-9754-646c89729da7,2024,Netherlands,Europe,Berlin,NextGen Analytics,Large,Agriculture,AI Researcher,Senior,False,,0.19,"Statistics, Python, Software Engineering",Not Specified,89512,-4.35,0.67,False,High,18,Growing
7cbd0998-41dd-444f-b6cf-8b3e2efb1193,2012,Peru,South America,Bangalore,Future Technologies,Enterprise,Retail,Operations Manager,Junior,False,,0.14,"Business Analysis, Communication, Research, Project Management, Python",Not Specified,37341,2.57,0.79,False,Medium,0,Emerging
23f04544-b4d8-4f5b-8ace-10f658b125d7,2020,Singapore,Southeast Asia,Lagos,Global Systems,Large,Agriculture,AI Researcher,Intern,False,,0.06,"Communication, Research, Data Analysis, Statistics, Software Engineering",Not Specified,44759,2.71,0.83,False,High,1,Growing
583e331f-97e3-4e0c-b4e4-2d5ef9b4d6e6,2011,Australia,Oceania,Lagos,NextGen Solutions,Large,Manufacturing,Data Scientist,Junior,False,,0.19,"Software Engineering, Data Analysis, Project Management",Not Specified,57960,3.25,0.86,False,High,10,Emerging
823e1a74-c251-422d-84d6-d5afa177baac,2020,South Africa,Africa,Sao Paulo,Global Analytics,Enterprise,Tech,Systems Engineer,Junior,True,"generative AI, MLOps",0.92,"Research, SQL, Project Management, Communication, Statistics","generative AI, MLOps",36905,9.55,0.16,True,Low,10,Growing
b90cdfa8-9e2c-401e-8bb9-4bcba2e8dae0,2023,Malaysia,Southeast Asia,Dubai,NextGen Solutions,Small,Tech,Research Scientist,Junior,True,"MLOps, LLMs",0.64,"Communication, Project Management, Data Analysis, Research, Software Engineering, Business Analysis","MLOps, LLMs",66142,5.31,0.16,True,Low,4,Mature
9d6afd08-d37a-4666-87be-7830f8016691,2013,Israel,Middle East,Berlin,Prime Solutions,Small,Agriculture,AI Researcher,Intern,False,,0.03,"Software Engineering, SQL, Python, Research",Not Specified,53113,0.32,0.79,False,Medium,15,Emerging
96796828-94b7-435a-9376-f034dd53eb18,2015,Taiwan,East Asia,New York,Prime Solutions,Enterprise,Tech,Product Manager,Intern,False,,0.16,"SQL, Data Analysis, Research, Cloud Computing, Software Engineering",Not Specified,71427,0.85,0.65,False,High,12,Emerging
c4759027-ea8d-4a2d-8442-59c8a408a977,2016,Germany,Europe,New York,Prime Technologies,Medium,Retail,Product Manager,Mid,False,,0.19,"Research, Cloud Computing, Python, Project Management",Not Specified,61944,1.03,0.84,False,Medium,5,Emerging
182f326a-a5e1-479e-819d-6d3d0dc399f9,2017,Mexico,North America,Toronto,Global Solutions,Medium,Manufacturing,Policy Analyst,Intern,False,,0.09,"Communication, Python, Research, Data Analysis",Not Specified,73022,2.5,0.83,False,Medium,6,Growing
a9e7e560-aad6-4384-8636-65d48341e323,2022,Thailand,Southeast Asia,Singapore,Future Technologies,Medium,Tech,Operations Manager,Mid,True,"generative AI, MLOps, LLMs",0.87,"SQL, Software Engineering, Communication, Business Analysis, Statistics","generative AI, MLOps, LLMs",61988,10.29,0.2,True,Medium,16,Mature
0d324c3a-fc21-495f-8cf9-68620e29c4a6,2012,Germany,Europe,Paris,NextGen Analytics,Large,Tech,AI Researcher,Executive,False,,0.05,"Communication, Data Analysis, Software Engineering, Research, Statistics, Cloud Computing",Not Specified,55013,-4.21,0.7,False,Low,14,Emerging
1b3896e6-d4a4-49b1-9940-b5695ce43a03,2012,United Kingdom,Europe,Nairobi,Global Technologies,Small,Healthcare,ML Engineer,Mid,False,,0.18,"Data Analysis, Business Analysis, Cloud Computing, Software Engineering",Not Specified,65039,-3.11,0.64,False,Medium,16,Emerging
fde4baa6-1e47-4f61-854b-96bce5be8e48,2023,Saudi Arabia,Middle East,Nairobi,NextGen Systems,Medium,Manufacturing,Data Scientist,Intern,False,,0.11,"Statistics, Python, Business Analysis, Research, Communication, Project Management",Not Specified,72728,4.68,0.68,False,Low,2,Growing
3630a865-648c-4d30-a52f-f4f1f8f6ee85,2016,Japan,East Asia,Bangalore,Future Solutions,Small,Retail,AI Researcher,Junior,False,,0.18,"Communication, Project Management, Research, Business Analysis, SQL",Not Specified,67506,4.02,0.74,False,Medium,18,Emerging
b73d60ce-01db-4850-8956-b461f12d3fa0,2020,Singapore,Southeast Asia,Lagos,Future Systems,Startup,Agriculture,Operations Manager,Senior,False,,0.03,"Cloud Computing, Data Analysis, Statistics, Business Analysis",Not Specified,36913,0.29,0.74,False,Low,15,Growing
dbbb7d10-3eae-43eb-ba87-a8acc93bece2,2010,South Africa,Africa,Singapore,NextGen Technologies,Medium,Retail,Research Scientist,Lead,False,,0.1,"Cloud Computing, Python, Project Management",Not Specified,16089,-2.27,0.7,False,High,16,Emerging
894336b8-9c4e-491e-a4ed-a4580ae92633,2024,Saudi Arabia,Middle East,Toronto,Future Technologies,Small,Manufacturing,Product Manager,Executive,False,,0.06,"Research, Python, Business Analysis, Statistics, Data Analysis, Project Management",Not Specified,60711,-4.48,0.7,False,Low,10,Growing
02a1b9c0-b86a-49d3-b40d-e1a46d9071c2,2019,Mexico,North America,Toronto,Global Systems,Enterprise,Retail,ML Engineer,Junior,False,,0.01,"Research, Data Analysis, Project Management",Not Specified,89212,2.23,0.81,False,Low,11,Growing
9a11079e-1ff1-483a-a916-a38bcb4c1c15,2024,Chile,South America,Nairobi,Future Technologies,Large,Tech,Research Scientist,Mid,True,"computer vision, deep learning, machine learning, generative AI",0.61,"Software Engineering, Python, Project Management, Cloud Computing, Data Analysis","computer vision, deep learning, machine learning, generative AI",61370,17.13,0.16,True,Low,16,Mature
42e699e7-784d-46dc-ab26-06816675f5de,2010,Canada,North America,Tokyo,Prime Solutions,Large,Manufacturing,Software Engineer,Mid,False,,0.11,"Python, Cloud Computing, Communication, Software Engineering, Data Analysis, SQL",Not Specified,62849,-4.46,0.66,False,Medium,14,Emerging
b6ed9d66-e645-47c0-b9f7-369cf242c04c,2017,Taiwan,East Asia,Sao Paulo,Future Technologies,Medium,Tech,Product Manager,Executive,False,,0.12,"Business Analysis, Data Analysis, Communication, Research, Project Management",Not Specified,65676,-0.28,0.65,False,Medium,9,Growing
6afb3917-d696-4ccc-ad8b-61d5ff99407b,2023,Poland,Europe,New York,Future Technologies,Large,Retail,Research Scientist,Mid,True,"NLP, reinforcement learning, MLOps",0.76,"Communication, Data Analysis, Project Management, Business Analysis","NLP, reinforcement learning, MLOps",115035,12.01,0.3,True,High,12,Growing
ab1ef744-8b0a-4b92-99d3-df10779c71c2,2013,Colombia,South America,Tokyo,Future Analytics,Enterprise,Agriculture,Software Engineer,Mid,True,MLOps,0.4,"Research, Business Analysis, Communication, SQL, Cloud Computing",MLOps,60372,1.65,0.15,True,Medium,13,Emerging
fd8ad70f-34c6-4f90-a378-74012812d683,2024,Argentina,South America,London,Future Technologies,Small,Healthcare,Systems Engineer,Mid,False,,0.18,"Research, SQL, Project Management, Python",Not Specified,56696,3.0,0.75,False,Low,0,Growing
3e4c7f5a-6c2e-4e07-ad7b-55944cff39c2,2016,UAE,Middle East,Tokyo,Future Analytics,Startup,Healthcare,Research Scientist,Lead,True,"machine learning, computer vision, NLP, MLOps",0.62,"Communication, Python, Software Engineering, Research, Project Management, Data Analysis","machine learning, computer vision, NLP, MLOps",87501,-2.0,0.22,True,Medium,0,Emerging
82fb2fbd-7641-4390-9696-e3fee09fde90,2022,Qatar,Middle East,Paris,Global Systems,Startup,Agriculture,AI Researcher,Executive,True,"reinforcement learning, machine learning, computer vision",0.42,"Software Engineering, Business Analysis, Statistics","reinforcement learning, machine learning, computer vision",94841,16.78,0.24,True,Low,19,Growing
0ab5a734-90aa-4f66-8d12-a4c70b3e60e3,2020,Singapore,Southeast Asia,Berlin,Global Analytics,Enterprise,Manufacturing,Software Engineer,Lead,False,,0.17,"Software Engineering, Cloud Computing, Business Analysis, Communication",Not Specified,35683,-0.89,0.6,False,High,1,Growing
7c846c02-10fa-4d27-9c4a-4e33dc0f52b9,2013,Jordan,Middle East,Sydney,Global Technologies,Large,Agriculture,Software Engineer,Junior,False,,0.09,"Software Engineering, Project Management, Python, Research, Statistics, SQL",Not Specified,60280,-4.6,0.78,False,Medium,1,Emerging
6d13f855-32e1-48a6-b189-eab4da0f6f02,2017,Saudi Arabia,Middle East,London,NextGen Technologies,Enterprise,Retail,ML Engineer,Executive,False,,0.05,"Software Engineering, Communication, Statistics",Not Specified,59495,2.01,0.87,False,High,13,Growing
9793ca47-3ba0-4eb2-81b7-cfeec0645686,2021,Mexico,North America,London,Future Solutions,Startup,Agriculture,Operations Manager,Senior,False,,0.01,"Data Analysis, SQL, Python, Research",Not Specified,91320,2.02,0.62,False,Low,18,Growing
f5c5d25a-a3fb-4e71-aebf-bad96a75a192,2024,Spain,Europe,Bangalore,NextGen Analytics,Medium,Agriculture,Data Scientist,Mid,True,"deep learning, MLOps, generative AI, reinforcement learning",0.72,"Research, Python, SQL","deep learning, MLOps, generative AI, reinforcement learning",105533,5.52,0.16,True,High,8,Growing
2a65c477-cd3b-4dc3-8334-38a62f760cb5,2019,Australia,Oceania,Toronto,NextGen Systems,Medium,Healthcare,ML Engineer,Senior,False,,0.17,"Data Analysis, Communication, Research",Not Specified,90009,-3.11,0.74,False,Low,15,Growing
ace789cd-2bfd-4c01-b5f0-37ce34930726,2023,Vietnam,Southeast Asia,London,Global Technologies,Small,Healthcare,Data Scientist,Mid,False,,0.06,"Business Analysis, Cloud Computing, Software Engineering, Statistics, Data Analysis",Not Specified,45116,-0.67,0.61,False,Medium,17,Growing
ccc88eaf-7103-4d85-a2b9-8aca8654595f,2025,Bangladesh,South Asia,Sao Paulo,Global Solutions,Large,Agriculture,Business Analyst,Mid,True,"reinforcement learning, NLP",0.45,"Communication, Research, Project Management, Data Analysis, Business Analysis","reinforcement learning, NLP",40474,9.45,0.26,True,Low,18,Growing
c87a5f2c-1a43-4f2a-a394-c5efb617b15d,2022,UAE,Middle East,Dubai,Prime Technologies,Large,Agriculture,Business Analyst,Intern,True,"LLMs, computer vision",0.65,"Software Engineering, SQL, Communication, Project Management, Business Analysis, Data Analysis","LLMs, computer vision",109218,12.59,0.18,True,Low,4,Growing
667c1c74-904f-404a-be94-6230f739a087,2021,Germany,Europe,Lagos,Prime Technologies,Startup,Tech,Data Scientist,Executive,False,,0.06,"Python, SQL, Statistics",Not Specified,80960,-2.32,0.84,False,High,8,Growing
54293d99-c003-41bb-bf19-0ff9651c419c,2024,Taiwan,East Asia,Sao Paulo,Prime Analytics,Large,Healthcare,Policy Analyst,Mid,False,,0.15,"Python, Software Engineering, Business Analysis, Research, Project Management",Not Specified,66924,2.65,0.66,False,High,6,Growing
88a3432f-8cdc-40d8-aaae-8e07980d06c0,2014,Colombia,South America,Sydney,Prime Solutions,Medium,Tech,Research Scientist,Lead,False,,0.16,"Cloud Computing, Research, Business Analysis, SQL, Communication, Project Management",Not Specified,41287,-1.05,0.76,False,Low,1,Emerging
9e991d17-85c8-4dad-abca-f4b7bfb16e94,2021,Nigeria,Africa,Tokyo,Global Technologies,Startup,Manufacturing,Systems Engineer,Executive,False,,0.08,"Software Engineering, Data Analysis, Cloud Computing, Project Management",Not Specified,23049,-1.26,0.69,False,Low,4,Growing
b5bd63db-dc63-4d9e-b06d-c343947c2e17,2024,United States,North America,London,Future Solutions,Large,Manufacturing,Data Scientist,Mid,True,"generative AI, deep learning, computer vision, MLOps",0.63,"Business Analysis, Communication, SQL, Cloud Computing, Data Analysis, Statistics","generative AI, deep learning, computer vision, MLOps",120429,17.32,0.37,True,High,17,Growing
41780f74-ba4f-48c1-a14f-1cc7000ab2df,2017,Qatar,Middle East,Seoul,NextGen Analytics,Startup,Tech,Policy Analyst,Lead,False,,0.19,"Project Management, Python, SQL, Software Engineering, Research",Not Specified,54955,0.69,0.73,False,Medium,15,Growing
3138ffec-5aea-4b48-8716-8611366cb3d5,2024,Argentina,South America,Seoul,Future Solutions,Large,Healthcare,Policy Analyst,Junior,True,"generative AI, LLMs, reinforcement learning, NLP",0.87,"Communication, Project Management, Research, Business Analysis, Python","generative AI, LLMs, reinforcement learning, NLP",79091,8.36,0.27,True,Medium,15,Growing
90ff574e-b79a-4ce8-b2ac-34290064b9b6,2021,Italy,Europe,New York,NextGen Technologies,Enterprise,Retail,Systems Engineer,Senior,True,"LLMs, NLP",0.45,"Cloud Computing, Communication, SQL","LLMs, NLP",128354,6.07,0.11,True,High,9,Growing
cf85193a-e057-467d-b769-3bb4ace39c71,2024,Germany,Europe,New York,Prime Solutions,Small,Manufacturing,ML Engineer,Executive,False,,0.14,"Software Engineering, Statistics, Cloud Computing, Data Analysis, Research, Project Management",Not Specified,74876,1.06,0.81,False,Medium,7,Growing
a133f80f-7e1c-4bdd-a379-615d0b2dd1fd,2025,Saudi Arabia,Middle East,Seoul,Prime Analytics,Medium,Tech,Systems Engineer,Executive,True,"generative AI, machine learning",0.43,"Software Engineering, Data Analysis, Statistics, Communication, Business Analysis","generative AI, machine learning",111887,15.45,0.22,True,Medium,10,Mature
b6d8af6f-74ef-450b-9334-3b51deeeb646,2015,United Kingdom,Europe,Lagos,NextGen Analytics,Large,Manufacturing,Data Scientist,Intern,True,"deep learning, machine learning, reinforcement learning",0.53,"Statistics, Communication, Research, Python, Business Analysis","deep learning, machine learning, reinforcement learning",99611,4.57,0.37,True,Medium,16,Emerging
455b2826-0a66-4434-8bb7-0753d55561ac,2014,South Africa,Africa,Tokyo,Prime Systems,Enterprise,Retail,Operations Manager,Executive,False,,0.08,"Research, Software Engineering, Python, Data Analysis, Business Analysis",Not Specified,20333,0.9,0.88,False,Low,13,Emerging
e2f409e5-00f7-445e-9e80-68531647e8fe,2012,China,East Asia,Nairobi,Future Systems,Enterprise,Manufacturing,Operations Manager,Lead,False,,0.11,"Research, Communication, Cloud Computing, Business Analysis",Not Specified,56844,0.02,0.89,False,Low,7,Emerging
11aee4b4-9c5c-4f89-93be-902d413ac1d0,2015,South Korea,East Asia,Sao Paulo,Future Solutions,Small,Agriculture,Systems Engineer,Junior,True,"machine learning, NLP, deep learning, computer vision",0.41,"Project Management, Data Analysis, Statistics, Python, Research, Software Engineering","machine learning, NLP, deep learning, computer vision",78717,2.49,0.18,True,High,17,Emerging
ec0dfefc-4f6b-48d9-9aa9-a7a344114447,2021,India,South Asia,London,Global Technologies,Large,Retail,Operations Manager,Senior,False,,0.0,"SQL, Python, Statistics, Communication, Data Analysis",Not Specified,25125,-0.37,0.64,False,High,13,Growing
408c02a8-c71d-41e1-88ff-97452b54eb05,2013,UAE,Middle East,Bangalore,Future Analytics,Medium,Tech,Software Engineer,Lead,False,,0.2,"SQL, Software Engineering, Cloud Computing, Statistics, Data Analysis",Not Specified,57703,3.16,0.9,False,Medium,0,Emerging
5a292da4-da9a-4798-86bb-2812a0c4e640,2020,Canada,North America,London,Future Solutions,Startup,Healthcare,Product Manager,Intern,False,,0.19,"Communication, Project Management, SQL, Software Engineering",Not Specified,93809,3.52,0.71,False,Low,8,Growing
89453ae9-0a50-4b15-bfc6-f66f6b2c10f0,2012,Jordan,Middle East,Sydney,Global Solutions,Enterprise,Agriculture,Systems Engineer,Intern,False,,0.11,"Cloud Computing, Python, Data Analysis, Research, Business Analysis",Not Specified,59460,1.58,0.63,False,High,0,Emerging
f912497e-bae2-449f-bf18-6a61e793b206,2023,Spain,Europe,Tokyo,Global Analytics,Enterprise,Tech,AI Researcher,Lead,False,,0.12,"Project Management, Research, Cloud Computing, Data Analysis, SQL, Communication",Not Specified,89150,3.42,0.75,False,High,13,Mature
85047ee7-538b-4cfe-8718-63588a913697,2016,Japan,East Asia,London,Future Technologies,Startup,Manufacturing,Operations Manager,Junior,False,,0.13,"SQL, Statistics, Research, Project Management",Not Specified,69129,3.3,0.6,False,Medium,16,Emerging
e3403b7b-5712-4032-8466-465f3747d987,2016,Qatar,Middle East,Toronto,Future Analytics,Small,Healthcare,Data Scientist,Mid,False,,0.04,"Business Analysis, Software Engineering, Data Analysis",Not Specified,61935,4.47,0.67,False,Low,1,Emerging
19d2b3fc-02a9-4ac5-9e2c-d9d917c332c0,2024,Bangladesh,South Asia,New York,NextGen Technologies,Small,Agriculture,AI Researcher,Junior,True,machine learning,0.77,"Cloud Computing, Software Engineering, Python, Statistics",machine learning,36092,15.69,0.17,True,Medium,7,Growing
e35037a4-4182-4f35-b460-891bebe0e6db,2016,Bangladesh,South Asia,London,NextGen Systems,Small,Tech,AI Researcher,Executive,False,,0.08,"Research, Software Engineering, Business Analysis",Not Specified,23850,4.27,0.86,False,High,18,Emerging
48a756f5-37cd-4cc2-925b-fd014b9782b4,2015,United Kingdom,Europe,London,NextGen Systems,Small,Agriculture,Product Manager,Lead,False,,0.05,"Cloud Computing, Communication, Statistics",Not Specified,59700,3.58,0.76,False,High,4,Emerging
49256fde-4009-4207-9847-5bb7e07747e3,2020,United States,North America,Nairobi,Global Technologies,Enterprise,Healthcare,Product Manager,Mid,True,"reinforcement learning, MLOps",0.45,"SQL, Research, Cloud Computing, Business Analysis, Data Analysis, Statistics","reinforcement learning, MLOps",138241,12.01,0.21,True,Low,2,Growing
e2f4dfc7-088e-4e7b-b100-c2b7d2d5b15b,2025,Australia,Oceania,Singapore,Prime Analytics,Large,Manufacturing,Data Scientist,Lead,True,NLP,0.5,"Software Engineering, Python, Research, Cloud Computing, Communication, Statistics",NLP,142369,11.52,0.34,True,High,8,Growing
0a02c623-140a-4aab-b007-69c42ee0b563,2021,Egypt,Africa,Tokyo,Prime Technologies,Startup,Retail,Business Analyst,Lead,False,,0.1,"Statistics, Communication, Python, Data Analysis",Not Specified,24155,-0.95,0.77,False,Medium,5,Growing
da80282d-84fd-488d-bdbe-7ed357e95a4e,2010,Australia,Oceania,Tokyo,NextGen Analytics,Medium,Manufacturing,AI Researcher,Lead,False,,0.13,"Business Analysis, Cloud Computing, Project Management",Not Specified,65925,-0.26,0.86,False,Low,2,Emerging
a6d4b794-50ee-441b-a49f-8e30a185dc6e,2019,Sweden,Europe,Tokyo,Prime Technologies,Enterprise,Healthcare,Product Manager,Executive,False,,0.13,"Project Management, SQL, Cloud Computing, Business Analysis, Data Analysis, Python",Not Specified,81470,-0.92,0.65,False,Medium,1,Growing
e56ee73c-4a94-4b68-a01a-0cb8bce7e9bd,2022,South Korea,East Asia,Nairobi,NextGen Solutions,Medium,Healthcare,Product Manager,Lead,False,,0.07,"Cloud Computing, Project Management, Python, Statistics",Not Specified,70101,3.73,0.66,False,Low,15,Growing
a0ef00a1-747e-4464-91f2-ad164359d829,2023,South Korea,East Asia,Berlin,Future Solutions,Medium,Manufacturing,ML Engineer,Senior,True,computer vision,0.8,"Statistics, Python, Cloud Computing",computer vision,102803,12.23,0.25,True,High,1,Growing
ea1a6acc-b42b-407c-a210-8215b60b9aef,2023,Colombia,South America,New York,Global Solutions,Enterprise,Agriculture,Systems Engineer,Intern,False,,0.0,"Communication, Research, Python, SQL",Not Specified,44050,3.2,0.9,False,High,12,Growing
e50e39b3-46b7-4dd1-89db-2404f1d9b560,2025,Sri Lanka,South Asia,Dubai,NextGen Analytics,Medium,Manufacturing,Product Manager,Lead,False,,0.12,"Data Analysis, Python, SQL, Communication, Cloud Computing",Not Specified,33005,4.08,0.88,False,Low,3,Growing
770d0fc8-ee30-4d83-8147-a6bcd2df2ae8,2013,New Zealand,Oceania,Nairobi,Prime Technologies,Medium,Agriculture,ML Engineer,Executive,False,,0.08,"Project Management, Research, Data Analysis, Python",Not Specified,70368,3.38,0.78,False,Low,14,Emerging
65cf0d54-0c52-49c1-ad62-a922898b1541,2023,India,South Asia,Berlin,NextGen Solutions,Enterprise,Agriculture,Business Analyst,Executive,True,reinforcement learning,0.74,"SQL, Project Management, Cloud Computing",reinforcement learning,38748,14.92,0.29,True,High,0,Growing
87838988-4934-436e-9f1b-5148643b0107,2016,New Zealand,Oceania,Sydney,Global Technologies,Medium,Retail,AI Researcher,Executive,False,,0.17,"Communication, SQL, Python, Software Engineering, Statistics",Not Specified,86196,2.37,0.76,False,Medium,14,Emerging
335525eb-74b5-41cb-be4d-17eb35e113ec,2011,Mexico,North America,New York,Prime Solutions,Medium,Agriculture,Research Scientist,Junior,False,,0.12,"Communication, Business Analysis, Research, Software Engineering, Statistics, Data Analysis",Not Specified,62687,-2.11,0.77,False,High,19,Emerging
ed82dfbf-6003-4bea-9b2a-00f7de5c1a23,2019,Singapore,Southeast Asia,Dubai,Global Solutions,Enterprise,Healthcare,Data Scientist,Lead,False,,0.12,"Communication, Project Management, Data Analysis, SQL, Python",Not Specified,39663,0.69,0.64,False,Low,7,Growing
de6a9643-a728-4a59-ae06-f43a9601db63,2019,Spain,Europe,Tokyo,Global Systems,Medium,Agriculture,Policy Analyst,Senior,False,,0.01,"Business Analysis, SQL, Python, Software Engineering, Project Management, Cloud Computing",Not Specified,65443,4.59,0.74,False,Low,2,Growing
206f45c6-7b5f-43f3-adae-9cbc5c9181ce,2020,Argentina,South America,Sao Paulo,Global Solutions,Startup,Tech,Data Scientist,Senior,False,,0.08,"Data Analysis, Research, Project Management, Business Analysis, Cloud Computing, Software Engineering",Not Specified,39439,1.48,0.62,False,High,13,Growing
051b4552-5f24-4511-a4e6-6c5c64e78f14,2015,Peru,South America,Tokyo,NextGen Analytics,Large,Tech,Software Engineer,Executive,True,"deep learning, MLOps, NLP, machine learning",0.66,"Cloud Computing, Communication, Python, Statistics, SQL","deep learning, MLOps, NLP, machine learning",57129,4.76,0.21,True,High,10,Emerging
227b7a0e-60f7-43aa-a4fc-c12d85a7ef67,2012,France,Europe,London,NextGen Solutions,Small,Tech,Policy Analyst,Senior,False,,0.18,"Communication, Research, Statistics, Software Engineering",Not Specified,71122,0.89,0.85,False,Medium,19,Emerging
2b1007fd-c50e-44d5-9875-a5b7808c9091,2014,Egypt,Africa,Tokyo,Future Solutions,Medium,Tech,ML Engineer,Intern,False,,0.08,"Statistics, Python, Communication, Cloud Computing, Project Management, Research",Not Specified,18004,1.59,0.65,False,High,8,Emerging
e5d0a42d-eb85-4e9d-9611-6a0f5f13f8a9,2012,Japan,East Asia,Dubai,Global Solutions,Small,Agriculture,AI Researcher,Senior,False,,0.11,"Research, Python, Data Analysis, SQL, Communication",Not Specified,55281,-1.02,0.74,False,Medium,1,Emerging
c000a38b-24a2-4d70-a28c-ffc5a5a1844f,2023,Morocco,Africa,Dubai,Global Systems,Enterprise,Manufacturing,Business Analyst,Mid,False,,0.13,"Research, Communication, Software Engineering, Business Analysis, Python, Project Management",Not Specified,23504,1.06,0.85,False,Low,11,Growing
9f4992c7-0b9f-4c05-b92e-3ecbcaf000bb,2014,Philippines,Southeast Asia,Singapore,Global Analytics,Medium,Healthcare,ML Engineer,Executive,False,,0.04,"Statistics, Python, Cloud Computing, Research",Not Specified,38581,-4.62,0.79,False,High,11,Emerging
0f6db421-9aad-4e2b-82cc-41dbab0421b8,2014,Morocco,Africa,Paris,Global Solutions,Enterprise,Agriculture,Systems Engineer,Junior,False,,0.16,"SQL, Statistics, Data Analysis, Cloud Computing, Software Engineering",Not Specified,22157,-2.78,0.88,False,High,15,Emerging
c7007d85-c6f5-4d1f-97aa-8afca73cea6f,2022,Netherlands,Europe,Paris,Global Analytics,Enterprise,Healthcare,Product Manager,Mid,True,"computer vision, NLP",0.69,"Software Engineering, Research, Cloud Computing","computer vision, NLP",123893,9.81,0.17,True,Medium,17,Growing
a6966075-acaa-48a9-85f9-25d1a5a246dd,2012,UAE,Middle East,Tokyo,Global Technologies,Small,Retail,ML Engineer,Mid,False,,0.02,"Business Analysis, Software Engineering, SQL, Research",Not Specified,49719,-3.92,0.85,False,Medium,14,Emerging
546d60c7-84f0-4645-98ac-06b34831eab3,2010,India,South Asia,New York,Future Technologies,Small,Manufacturing,Operations Manager,Senior,False,,0.13,"Communication, Research, Software Engineering",Not Specified,17654,4.5,0.84,False,High,1,Emerging
542124a0-2cea-43aa-8cb7-7c80e279e34a,2010,Poland,Europe,Berlin,NextGen Solutions,Medium,Manufacturing,Policy Analyst,Senior,False,,0.17,"Python, Statistics, Business Analysis, Software Engineering, Project Management, Cloud Computing",Not Specified,60482,3.56,0.7,False,Medium,8,Emerging
88396197-5dc0-4b40-a881-c414a34088d7,2010,South Korea,East Asia,Sao Paulo,NextGen Systems,Startup,Healthcare,AI Researcher,Junior,False,,0.01,"Statistics, Communication, SQL",Not Specified,59976,-1.27,0.67,False,Low,0,Emerging
2f335acb-2840-4f31-9c2c-137b1baa2b9b,2025,Bangladesh,South Asia,Dubai,Prime Technologies,Enterprise,Tech,Operations Manager,Executive,True,"NLP, generative AI, machine learning, reinforcement learning",0.57,"Business Analysis, Software Engineering, Research, Statistics","NLP, generative AI, machine learning, reinforcement learning",44876,11.82,0.21,True,Medium,13,Mature
ac0301d7-3137-48a1-bd3f-9accce9d20db,2014,United Kingdom,Europe,London,NextGen Technologies,Enterprise,Retail,Policy Analyst,Intern,False,,0.14,"Project Management, SQL, Data Analysis, Research",Not Specified,75651,-2.12,0.88,False,High,4,Emerging
2f78604a-1005-4f88-a30f-89087c097872,2012,Nepal,South Asia,Tokyo,NextGen Solutions,Small,Manufacturing,Policy Analyst,Mid,False,,0.03,"Business Analysis, SQL, Software Engineering, Statistics, Communication",Not Specified,23723,-1.75,0.71,False,Medium,15,Emerging
69b370d4-71ef-49e6-9549-98d192b61459,2022,South Africa,Africa,Nairobi,Prime Systems,Small,Manufacturing,ML Engineer,Senior,False,,0.11,"Python, Data Analysis, Research, Project Management, Communication, SQL",Not Specified,22725,-2.46,0.84,False,Low,10,Growing
43c22992-000c-4cbd-95fd-84b109c017aa,2024,Morocco,Africa,Paris,NextGen Technologies,Large,Agriculture,ML Engineer,Intern,False,,0.04,"Data Analysis, Statistics, Business Analysis",Not Specified,27154,3.18,0.64,False,High,1,Growing
93c89dd9-ddaa-442a-bb54-1bd969dc145c,2015,Australia,Oceania,Paris,Prime Solutions,Startup,Tech,AI Researcher,Executive,False,,0.11,"Research, Statistics, Data Analysis, SQL, Communication",Not Specified,77140,4.4,0.87,False,High,12,Emerging
8577a7c3-09e8-4c05-9205-2d5d0b34ea2a,2016,United States,North America,Nairobi,Future Systems,Medium,Tech,Operations Manager,Intern,False,,0.05,"Data Analysis, Project Management, SQL, Python, Software Engineering",Not Specified,79820,-4.18,0.77,False,High,18,Emerging
31af747a-6d0f-4402-ad5f-e92d64ad7e79,2014,Mexico,North America,Toronto,NextGen Systems,Startup,Healthcare,Software Engineer,Lead,False,,0.02,"SQL, Communication, Business Analysis",Not Specified,82793,2.0,0.74,False,Medium,3,Emerging
1de4aa0b-d689-4c76-9c6f-9e43c5320b0f,2010,Ghana,Africa,Nairobi,Future Technologies,Large,Healthcare,Software Engineer,Intern,False,,0.13,"Python, Research, Business Analysis, Statistics, Cloud Computing",Not Specified,16927,0.21,0.64,False,Low,10,Emerging
621b7540-55ff-4ffb-a552-4f8b6fbff048,2020,Mexico,North America,Seoul,Future Solutions,Small,Healthcare,Systems Engineer,Intern,False,,0.08,"Project Management, Statistics, Data Analysis",Not Specified,77817,3.23,0.66,False,High,18,Growing
cc201996-5223-4212-9ced-d562cf64a633,2020,Australia,Oceania,Lagos,Future Systems,Medium,Retail,AI Researcher,Intern,False,,0.03,"Python, Statistics, Business Analysis",Not Specified,94097,1.32,0.6,False,Medium,18,Growing
165e8e88-3d2d-4bff-a1bf-c8b4d9f4ba4a,2023,Malaysia,Southeast Asia,Berlin,Future Analytics,Enterprise,Manufacturing,Systems Engineer,Intern,True,"generative AI, NLP, MLOps, computer vision",0.86,"Python, Research, Communication","generative AI, NLP, MLOps, computer vision",66187,8.27,0.35,True,Low,16,Growing
ef1d6fdc-443d-4259-b357-a657617c5ae3,2016,Brazil,South America,Berlin,Prime Systems,Large,Tech,Policy Analyst,Intern,False,,0.02,"Statistics, Software Engineering, SQL",Not Specified,40044,2.63,0.63,False,Low,18,Emerging
a13ae991-acac-4088-b0f2-91749b0e5f35,2013,Mexico,North America,Toronto,NextGen Solutions,Startup,Retail,Software Engineer,Intern,False,,0.04,"Statistics, Research, Cloud Computing, Project Management, Data Analysis",Not Specified,65826,-0.47,0.67,False,Low,12,Emerging
93506a2b-bbcc-4a45-8d84-96b4d3797ba6,2016,Germany,Europe,Sydney,Prime Solutions,Startup,Tech,Operations Manager,Intern,False,,0.04,"SQL, Research, Python, Data Analysis",Not Specified,71473,0.28,0.71,False,Low,6,Emerging
07debfaa-e341-409b-a741-0a784eb93cc3,2024,Japan,East Asia,Tokyo,NextGen Analytics,Large,Manufacturing,Data Scientist,Intern,False,,0.09,"Cloud Computing, Business Analysis, Research",Not Specified,69874,-1.47,0.62,False,Medium,3,Growing
930abf28-2517-4a4d-94a7-1504aabcfc8e,2019,Singapore,Southeast Asia,Bangalore,NextGen Technologies,Startup,Agriculture,Software Engineer,Senior,False,,0.17,"Research, Communication, Project Management, Cloud Computing, Software Engineering",Not Specified,43477,4.28,0.87,False,High,11,Growing
76e65890-fcf1-408b-8b7a-10ea8c82a42d,2015,Singapore,Southeast Asia,Seoul,NextGen Technologies,Startup,Tech,Systems Engineer,Lead,False,,0.01,"Cloud Computing, Business Analysis, SQL",Not Specified,34234,-0.27,0.63,False,High,2,Emerging
58ade095-05e4-43c1-a009-c416bf497a82,2018,Poland,Europe,Dubai,Prime Systems,Enterprise,Healthcare,Business Analyst,Intern,False,,0.11,"Project Management, SQL, Cloud Computing, Business Analysis, Python",Not Specified,74504,-0.37,0.83,False,High,13,Growing
b6b995d3-d2dd-441c-9698-95792b46f9bb,2023,Chile,South America,Lagos,NextGen Solutions,Large,Tech,Systems Engineer,Mid,False,,0.13,"Software Engineering, Business Analysis, Data Analysis",Not Specified,43936,-2.16,0.87,False,Medium,1,Mature
8a286123-3337-48ef-8a21-be86920c1a68,2017,United Kingdom,Europe,Bangalore,Prime Analytics,Enterprise,Manufacturing,ML Engineer,Lead,False,,0.14,"Communication, SQL, Business Analysis, Python, Cloud Computing, Software Engineering",Not Specified,66674,-4.59,0.73,False,Low,9,Growing
88406c13-593a-4001-b464-2fdbe0d85b40,2022,Australia,Oceania,Bangalore,Global Systems,Startup,Retail,Systems Engineer,Mid,False,,0.07,"Project Management, Cloud Computing, Research",Not Specified,100497,2.5,0.75,False,Low,18,Growing
aa50aea8-6319-41ac-bf57-1c6d2eef96fc,2017,Australia,Oceania,Sao Paulo,NextGen Analytics,Enterprise,Retail,Research Scientist,Lead,False,,0.08,"Cloud Computing, Research, Business Analysis, Communication, Data Analysis, Python",Not Specified,75736,-2.35,0.73,False,Medium,10,Growing
7654f121-f2b3-499b-a772-d9d1af242cd4,2017,China,East Asia,Berlin,Global Solutions,Enterprise,Agriculture,Product Manager,Mid,False,,0.04,"Business Analysis, Software Engineering, Python",Not Specified,62844,-0.89,0.81,False,Low,0,Growing
09bc5457-bb11-4fa5-b074-38c7cf42db43,2019,Saudi Arabia,Middle East,Lagos,Prime Analytics,Enterprise,Agriculture,Operations Manager,Senior,True,NLP,0.91,"Statistics, Business Analysis, Cloud Computing",NLP,102198,13.87,0.18,True,Low,0,Growing
5a8a2a0f-d60e-4de5-9358-9a77c4a298fc,2023,Israel,Middle East,Bangalore,Future Technologies,Large,Retail,AI Researcher,Lead,False,,0.07,"Business Analysis, Data Analysis, Project Management",Not Specified,77682,0.71,0.83,False,Medium,8,Growing
7863d4b9-12c2-45a6-9a5d-b59c3b329a16,2014,Taiwan,East Asia,Singapore,NextGen Systems,Large,Healthcare,Data Scientist,Executive,False,,0.06,"Data Analysis, Communication, SQL, Software Engineering, Business Analysis, Research",Not Specified,54363,1.33,0.78,False,Low,14,Emerging
4bf9e802-5dbc-4137-9dc5-759161d7ce92,2025,Taiwan,East Asia,Singapore,Future Analytics,Large,Manufacturing,Data Scientist,Intern,True,"deep learning, computer vision, machine learning",0.46,"SQL, Software Engineering, Business Analysis","deep learning, computer vision, machine learning",100827,14.22,0.13,True,Medium,15,Growing
397e9c89-62f1-4c67-873c-8f52c330e71a,2018,Nigeria,Africa,Seoul,NextGen Solutions,Small,Retail,Data Scientist,Intern,True,"NLP, MLOps",0.68,"Research, SQL, Business Analysis","NLP, MLOps",27918,13.11,0.17,True,Medium,15,Growing
aafc3fe5-367c-4676-acec-1d3cbe6b7bc5,2017,Qatar,Middle East,Berlin,Future Technologies,Startup,Tech,AI Researcher,Lead,False,,0.2,"Communication, Software Engineering, Data Analysis, Cloud Computing",Not Specified,61234,4.64,0.81,False,Low,7,Growing
df4fdc0f-ca44-4b20-a318-2f58ee7c59cf,2013,Argentina,South America,Dubai,NextGen Technologies,Large,Agriculture,ML Engineer,Intern,True,"MLOps, deep learning",0.94,"SQL, Python, Data Analysis","MLOps, deep learning",53683,0.15,0.11,True,Low,5,Emerging
766a0cab-2283-4c8a-968e-53172aeddb7a,2012,United States,North America,Dubai,Prime Analytics,Large,Agriculture,Software Engineer,Intern,False,,0.08,"Cloud Computing, Project Management, Statistics",Not Specified,64078,-4.7,0.85,False,Medium,2,Emerging
86fc6afa-a04a-4615-a7be-6b3320400612,2017,UAE,Middle East,New York,Prime Solutions,Medium,Agriculture,Systems Engineer,Lead,False,,0.13,"Project Management, Statistics, Cloud Computing, Communication",Not Specified,63061,-4.15,0.75,False,High,10,Growing
e048a8b9-9839-474e-b546-4056b86a04be,2012,UAE,Middle East,Tokyo,Future Systems,Large,Tech,Operations Manager,Lead,False,,0.06,"SQL, Business Analysis, Cloud Computing, Research, Software Engineering",Not Specified,46426,-4.1,0.85,False,Medium,1,Emerging
3ec9f66b-4712-4d4e-a7b2-920af7424a27,2021,Australia,Oceania,Dubai,Prime Technologies,Small,Agriculture,Systems Engineer,Lead,False,,0.11,"Python, Research, Project Management, Cloud Computing, Software Engineering, Business Analysis",Not Specified,81112,-3.59,0.76,False,High,16,Growing
e1b53035-7dca-4679-8f36-7429edba7419,2021,Australia,Oceania,Toronto,Prime Solutions,Startup,Healthcare,Software Engineer,Executive,False,,0.07,"Software Engineering, Cloud Computing, Business Analysis, Research",Not Specified,86722,4.72,0.64,False,Low,2,Growing
12a78a4f-461f-467e-a331-9cd78fa1e6d0,2014,Peru,South America,Berlin,Prime Solutions,Startup,Manufacturing,Policy Analyst,Lead,False,,0.12,"Software Engineering, Python, Cloud Computing",Not Specified,44373,-0.64,0.65,False,High,11,Emerging
9db6e235-f029-47a9-ae45-be71540f736b,2013,Saudi Arabia,Middle East,Paris,NextGen Systems,Medium,Agriculture,Research Scientist,Junior,False,,0.07,"Statistics, Software Engineering, Python, Communication",Not Specified,59951,-4.55,0.73,False,High,0,Emerging
40024d61-4423-43f5-8268-3625c758eb36,2012,Indonesia,Southeast Asia,New York,Global Systems,Large,Healthcare,Research Scientist,Mid,True,"machine learning, computer vision, reinforcement learning",0.43,"Communication, Data Analysis, Software Engineering","machine learning, computer vision, reinforcement learning",42535,0.62,0.31,True,Low,2,Emerging
8eccd5fa-f330-44d6-8522-91f2f0470d0c,2019,Peru,South America,Sydney,NextGen Analytics,Medium,Agriculture,Product Manager,Junior,False,,0.05,"Cloud Computing, Software Engineering, SQL, Project Management, Statistics",Not Specified,46395,2.97,0.76,False,Low,19,Growing
58a3cb0a-b923-4326-be51-636a86348509,2017,Malaysia,Southeast Asia,Lagos,Prime Analytics,Small,Retail,AI Researcher,Lead,False,,0.01,"Cloud Computing, Communication, Project Management, Research",Not Specified,40242,4.79,0.73,False,Medium,5,Growing
50e0ca0f-5792-44fa-828b-a7e99e5b8fe9,2022,Pakistan,South Asia,Bangalore,Global Analytics,Large,Manufacturing,Product Manager,Senior,False,,0.11,"Statistics, SQL, Communication, Project Management, Research",Not Specified,25819,-4.47,0.84,False,Low,18,Growing
86c3a5be-ed5e-423d-a9d2-ff300ffc86d1,2011,United Kingdom,Europe,New York,Global Technologies,Medium,Agriculture,Software Engineer,Intern,False,,0.06,"Software Engineering, Research, Business Analysis",Not Specified,53318,1.29,0.69,False,Low,19,Emerging
a6badff6-7426-49bd-813b-3f1e2695a396,2020,United States,North America,Lagos,Future Technologies,Large,Manufacturing,Product Manager,Mid,False,,0.01,"Data Analysis, Python, SQL",Not Specified,96533,-3.32,0.61,False,High,4,Growing
354747b6-ec05-4c81-9a2d-57c35173ec49,2020,Poland,Europe,Singapore,Future Analytics,Startup,Retail,Research Scientist,Mid,True,"machine learning, reinforcement learning, NLP, MLOps",0.59,"Software Engineering, Cloud Computing, Python","machine learning, reinforcement learning, NLP, MLOps",121086,17.1,0.37,True,Medium,3,Growing
a86a531f-3aaf-4d34-9ea8-09d6380f97a1,2016,Philippines,Southeast Asia,Sao Paulo,Global Technologies,Large,Healthcare,Software Engineer,Intern,False,,0.01,"Business Analysis, Cloud Computing, Project Management",Not Specified,33848,2.43,0.8,False,Medium,0,Emerging
7759939a-2eec-47d3-9748-a819e36f07a6,2013,Morocco,Africa,Lagos,Future Systems,Medium,Tech,Software Engineer,Lead,False,,0.19,"Communication, SQL, Project Management, Statistics, Data Analysis",Not Specified,21846,-0.72,0.75,False,High,19,Emerging
db47b668-33e9-41d2-91d9-baf4c3b3711a,2020,Netherlands,Europe,Berlin,Future Systems,Small,Tech,Operations Manager,Lead,True,"machine learning, reinforcement learning, computer vision",0.52,"Data Analysis, Python, Communication, Statistics, Cloud Computing","machine learning, reinforcement learning, computer vision",105251,8.32,0.37,True,High,4,Growing
45c8c527-d4b1-4f61-89b4-1f686ea25f65,2019,South Africa,Africa,Singapore,NextGen Systems,Startup,Retail,Policy Analyst,Lead,True,MLOps,0.42,"Research, Cloud Computing, Project Management, Python, SQL, Business Analysis",MLOps,35796,10.48,0.3,True,Low,12,Growing
f88c05dd-6ee2-44b0-b279-d762582bcde3,2017,Taiwan,East Asia,Toronto,Future Analytics,Enterprise,Healthcare,Product Manager,Lead,False,,0.06,"SQL, Data Analysis, Business Analysis, Research",Not Specified,70110,4.58,0.88,False,Low,12,Growing
53ed09fb-0b83-4a80-b2e5-e8f380c5a164,2010,Morocco,Africa,Berlin,Global Solutions,Small,Healthcare,Policy Analyst,Intern,False,,0.19,"Python, Statistics, SQL, Project Management, Communication, Research",Not Specified,15834,2.95,0.82,False,High,13,Emerging
5dec0cec-1b30-4d55-b580-8ad0589638e5,2021,Ghana,Africa,Toronto,NextGen Systems,Enterprise,Retail,Systems Engineer,Lead,False,,0.15,"Python, Statistics, Project Management",Not Specified,26674,0.69,0.74,False,Medium,17,Growing
68f51a28-b0b2-4c12-a3ae-3b621b3fceb7,2022,Nigeria,Africa,Bangalore,Global Systems,Enterprise,Healthcare,Policy Analyst,Junior,False,,0.1,"Software Engineering, Data Analysis, Python, Communication",Not Specified,22073,0.09,0.7,False,Low,17,Growing
d013ea9c-d76f-4fc5-9632-273795a0cd38,2019,Ghana,Africa,Bangalore,Global Solutions,Small,Agriculture,Business Analyst,Senior,False,,0.17,"Project Management, Data Analysis, SQL, Python, Communication",Not Specified,20999,1.62,0.65,False,Medium,18,Growing
f4eda899-837e-46cc-87c4-2ea74cbf3ac7,2010,Morocco,Africa,Berlin,NextGen Technologies,Startup,Healthcare,ML Engineer,Executive,False,,0.13,"Software Engineering, Statistics, Data Analysis, Research, Python, SQL",Not Specified,20584,-2.23,0.81,False,Medium,6,Emerging
aaa5c350-4282-4606-96f4-150300f28d9a,2021,New Zealand,Oceania,Bangalore,NextGen Technologies,Startup,Retail,Research Scientist,Senior,True,"LLMs, NLP, generative AI",0.42,"Python, Cloud Computing, Business Analysis, SQL, Project Management","LLMs, NLP, generative AI",137925,10.09,0.16,True,Low,4,Growing
4833ff4e-8c1f-403c-86ac-fb2a33998448,2023,Peru,South America,Sydney,Future Technologies,Small,Healthcare,AI Researcher,Lead,False,,0.18,"Project Management, Data Analysis, Cloud Computing, Communication, SQL",Not Specified,51732,1.58,0.77,False,Medium,1,Growing
e533b4de-d21b-4c7a-89e4-b3b2ffb36755,2016,Colombia,South America,Dubai,Future Systems,Small,Manufacturing,Product Manager,Junior,True,"NLP, reinforcement learning, machine learning",0.69,"Communication, Data Analysis, Statistics, Business Analysis, Research, Cloud Computing","NLP, reinforcement learning, machine learning",64901,0.73,0.38,True,Medium,12,Emerging
ff316197-84ca-4f42-8d8f-3301d72070b1,2016,Bangladesh,South Asia,Sao Paulo,Global Systems,Large,Tech,Policy Analyst,Executive,False,,0.04,"Software Engineering, Research, Statistics",Not Specified,25513,-2.74,0.89,False,Low,4,Emerging
61dfb867-ad4e-4ed0-b4c7-47bd6e7cb039,2021,Brazil,South America,Sydney,Prime Solutions,Large,Agriculture,Business Analyst,Executive,True,"generative AI, deep learning, MLOps",0.6,"Python, SQL, Software Engineering, Research, Statistics, Business Analysis","generative AI, deep learning, MLOps",74348,8.63,0.37,True,High,0,Growing
4bfe16ba-d263-4d5c-aade-c1a9f408d56c,2020,New Zealand,Oceania,Sydney,NextGen Technologies,Small,Healthcare,Operations Manager,Intern,False,,0.09,"Cloud Computing, Python, Research",Not Specified,75172,-0.7,0.8,False,High,11,Growing
6525fe6d-18d9-4d36-bffd-0f7dfb4acd91,2012,Poland,Europe,Toronto,NextGen Technologies,Medium,Tech,Software Engineer,Mid,False,,0.1,"Statistics, Software Engineering, Project Management, Python",Not Specified,72836,-4.64,0.88,False,Medium,0,Emerging
390d8e28-e9ab-40f6-9fe2-a32f1969d518,2017,Poland,Europe,Tokyo,NextGen Technologies,Small,Retail,ML Engineer,Junior,False,,0.19,"Project Management, Communication, Data Analysis, Python, Software Engineering, Statistics",Not Specified,69381,3.93,0.8,False,Medium,7,Growing
54066bd5-3653-43ae-a42b-884927a10426,2014,Malaysia,Southeast Asia,Berlin,Global Systems,Small,Healthcare,Research Scientist,Mid,False,,0.19,"Data Analysis, Statistics, Communication, Research, Business Analysis",Not Specified,38460,4.82,0.64,False,High,5,Emerging
cacaa822-89ef-43fb-bcc0-7760f249a4be,2022,Netherlands,Europe,Lagos,Prime Technologies,Large,Tech,Software Engineer,Executive,True,"computer vision, NLP, generative AI",0.43,"Research, Python, Cloud Computing","computer vision, NLP, generative AI",110456,15.83,0.29,True,Medium,15,Mature
f26252c1-0686-4c8f-b852-27486e7af727,2017,UAE,Middle East,Paris,Future Technologies,Large,Tech,Data Scientist,Executive,False,,0.05,"Project Management, Business Analysis, Data Analysis",Not Specified,61568,-1.95,0.64,False,Medium,1,Growing
356aa7cf-7deb-4cba-9fd0-0e9f12b9e769,2010,United States,North America,London,NextGen Systems,Small,Manufacturing,ML Engineer,Mid,False,,0.03,"Project Management, Communication, Business Analysis",Not Specified,59813,1.23,0.8,False,High,12,Emerging
6f462250-e9fb-41f8-ac1e-c7bfd244e88d,2023,Philippines,Southeast Asia,Lagos,Future Technologies,Small,Retail,Software Engineer,Lead,False,,0.19,"Business Analysis, Statistics, Cloud Computing",Not Specified,47213,1.85,0.87,False,Low,0,Growing
ad86a954-662d-45b8-966b-a51b61eba8e5,2022,New Zealand,Oceania,Sydney,NextGen Analytics,Medium,Manufacturing,Product Manager,Senior,True,"reinforcement learning, computer vision, NLP, LLMs",0.65,"Cloud Computing, Statistics, Python","reinforcement learning, computer vision, NLP, LLMs",121908,9.02,0.38,True,Low,13,Growing
2a3e1ba3-8f55-474b-9222-e3f73070b218,2021,United States,North America,Singapore,Future Solutions,Startup,Retail,Research Scientist,Senior,True,"reinforcement learning, computer vision",0.77,"Cloud Computing, Business Analysis, Research, SQL, Data Analysis","reinforcement learning, computer vision",127468,8.05,0.12,True,Medium,8,Growing
2ce4836a-cd8b-4dac-a736-b5cc2306fd2c,2019,Saudi Arabia,Middle East,Tokyo,NextGen Solutions,Startup,Manufacturing,Business Analyst,Lead,False,,0.06,"Cloud Computing, Project Management, Communication, Research, Data Analysis, Python",Not Specified,56285,0.69,0.78,False,High,17,Growing
f7855605-23dc-4c71-b8f0-fd01763fe9df,2017,France,Europe,Nairobi,Future Systems,Enterprise,Tech,AI Researcher,Junior,True,"deep learning, MLOps, computer vision, NLP",0.91,"Python, Software Engineering, Data Analysis","deep learning, MLOps, computer vision, NLP",116530,1.69,0.26,True,Low,5,Growing
7d1e8688-3e5d-4214-8f90-2b0c0bae21b8,2023,Jordan,Middle East,Berlin,Future Systems,Large,Manufacturing,ML Engineer,Intern,False,,0.03,"Software Engineering, Statistics, Business Analysis, Communication",Not Specified,71813,0.67,0.85,False,Medium,16,Growing
29992b87-df59-453b-9ca3-ffd30cc065ea,2020,Japan,East Asia,Dubai,NextGen Systems,Large,Retail,Business Analyst,Executive,False,,0.11,"Research, Cloud Computing, Project Management, Data Analysis, Statistics",Not Specified,70003,3.06,0.88,False,Medium,12,Growing
db6d7d75-d15d-4373-8e44-40702e10826f,2013,Japan,East Asia,Nairobi,Prime Systems,Medium,Tech,Data Scientist,Lead,False,,0.09,"Data Analysis, Cloud Computing, Business Analysis, Software Engineering, Research",Not Specified,61378,0.04,0.81,False,Low,4,Emerging
520fa5d4-1719-415f-a019-f73266e08506,2024,Colombia,South America,Nairobi,Future Systems,Startup,Manufacturing,ML Engineer,Junior,True,"machine learning, NLP",0.51,"Business Analysis, Communication, Statistics, SQL, Project Management","machine learning, NLP",65792,7.02,0.26,True,Medium,5,Growing
40c8e592-cdbb-44d5-9eab-33c6f3058eb3,2014,South Africa,Africa,London,NextGen Technologies,Small,Agriculture,Data Scientist,Junior,False,,0.05,"Project Management, Communication, Cloud Computing",Not Specified,17960,-3.66,0.72,False,Medium,14,Emerging
caa61c07-fe85-45f9-a3b2-4e2af56934e9,2017,Argentina,South America,Nairobi,NextGen Systems,Medium,Agriculture,ML Engineer,Lead,False,,0.03,"Software Engineering, SQL, Python, Communication, Project Management",Not Specified,36366,-2.29,0.88,False,High,5,Growing
141896ce-6d0b-47fd-a64f-f911865282df,2019,France,Europe,Lagos,Prime Solutions,Medium,Tech,Business Analyst,Senior,True,"NLP, MLOps, computer vision, reinforcement learning",0.83,"Communication, Data Analysis, Cloud Computing","NLP, MLOps, computer vision, reinforcement learning",93929,16.93,0.29,True,Low,12,Growing
092e98f5-d88a-4c21-9900-c116154b2776,2017,Nepal,South Asia,Nairobi,Future Analytics,Large,Agriculture,Systems Engineer,Lead,True,"reinforcement learning, deep learning, NLP, computer vision",0.88,"Cloud Computing, Research, Data Analysis, SQL, Project Management","reinforcement learning, deep learning, NLP, computer vision",29449,-3.44,0.28,True,Low,6,Growing
72358c71-371d-4e7a-9e34-71f2d76924ca,2012,Vietnam,Southeast Asia,New York,NextGen Solutions,Startup,Healthcare,Policy Analyst,Senior,False,,0.02,"SQL, Software Engineering, Python",Not Specified,27479,0.31,0.89,False,Medium,9,Emerging
b8a2d2dd-d843-4284-aa78-4b3417086499,2017,Mexico,North America,Singapore,Global Analytics,Medium,Healthcare,Software Engineer,Junior,False,,0.19,"Data Analysis, Software Engineering, Business Analysis, Statistics",Not Specified,87679,1.94,0.65,False,Medium,7,Growing
acbf21c9-67d7-4e21-bbc5-2b8919139936,2024,Ghana,Africa,Dubai,Prime Technologies,Small,Healthcare,AI Researcher,Executive,True,"NLP, deep learning, machine learning",0.61,"Research, Project Management, Communication","NLP, deep learning, machine learning",34462,9.17,0.34,True,Medium,9,Growing
02038148-7a90-4291-9e32-23d3e495b516,2010,Qatar,Middle East,Toronto,Global Technologies,Enterprise,Manufacturing,Data Scientist,Mid,False,,0.1,"Research, Statistics, SQL, Cloud Computing, Data Analysis, Software Engineering",Not Specified,51488,4.22,0.6,False,High,14,Emerging
1e40c792-ef9a-43c6-a3e7-e9558870b1fc,2021,Colombia,South America,London,Global Solutions,Startup,Agriculture,Systems Engineer,Junior,True,"machine learning, generative AI",0.6,"Data Analysis, Statistics, Research","machine learning, generative AI",69571,7.05,0.28,True,High,18,Growing
77143654-6e0a-4ec0-ae6d-33bb9fb4c637,2013,Bangladesh,South Asia,New York,Global Systems,Enterprise,Retail,Policy Analyst,Mid,False,,0.09,"Research, Communication, Python, Project Management, Data Analysis",Not Specified,21258,-0.0,0.72,False,Medium,4,Emerging
393ea1b8-a71e-426f-a5f3-1851c6f62366,2022,United States,North America,Seoul,Future Solutions,Enterprise,Healthcare,Systems Engineer,Executive,False,,0.18,"Cloud Computing, Business Analysis, Communication, Research, Statistics, Python",Not Specified,95137,1.38,0.74,False,High,13,Growing
76f0a957-cf1e-40fb-8852-82938eae9c28,2019,Spain,Europe,Berlin,Global Solutions,Startup,Healthcare,Software Engineer,Intern,False,,0.14,"Data Analysis, Cloud Computing, Project Management, Business Analysis, Python",Not Specified,74739,-3.55,0.62,False,Medium,15,Growing
cb281b56-1b6a-462d-a15f-97300d0116ff,2010,Taiwan,East Asia,Paris,Prime Technologies,Startup,Healthcare,Software Engineer,Intern,False,,0.07,"Python, Statistics, Data Analysis, Software Engineering, SQL",Not Specified,49995,-3.39,0.7,False,High,7,Emerging
66b6f163-d1b2-481d-80a5-7379faf6a2a8,2021,Australia,Oceania,Dubai,Global Systems,Small,Agriculture,Operations Manager,Senior,False,,0.17,"Data Analysis, Software Engineering, Business Analysis, SQL, Research, Statistics",Not Specified,89457,1.6,0.77,False,High,6,Growing
a49d31f4-4c41-49f2-9bd5-3f0fc4e1516c,2014,Argentina,South America,Paris,NextGen Solutions,Small,Agriculture,ML Engineer,Senior,False,,0.05,"Research, Software Engineering, Statistics",Not Specified,40479,-4.01,0.76,False,High,0,Emerging
253f2409-f4de-4ad2-b543-de207d27dfb5,2023,Chile,South America,Berlin,Prime Analytics,Small,Agriculture,Product Manager,Executive,True,"generative AI, reinforcement learning, computer vision",0.5,"Research, Business Analysis, Data Analysis, Cloud Computing, Software Engineering, Communication","generative AI, reinforcement learning, computer vision",71697,17.88,0.35,True,Low,4,Growing
c120ad56-271c-4dbd-9bba-47109f297732,2016,Sri Lanka,South Asia,Bangalore,Prime Systems,Enterprise,Manufacturing,Operations Manager,Executive,False,,0.11,"Data Analysis, Python, Software Engineering, Communication, Statistics",Not Specified,26803,-1.57,0.67,False,Medium,4,Emerging
158ca5dd-ed62-4c78-be1a-57afba356b0b,2010,Sweden,Europe,New York,Prime Analytics,Small,Retail,Business Analyst,Lead,False,,0.18,"Python, Research, Data Analysis",Not Specified,51565,-1.02,0.89,False,Medium,17,Emerging
5f52ebf8-d3cf-448e-9913-bb6088e9237a,2017,Brazil,South America,Toronto,Future Solutions,Medium,Manufacturing,Systems Engineer,Lead,False,,0.19,"Statistics, Data Analysis, Cloud Computing, Python, Project Management, SQL",Not Specified,37668,0.95,0.61,False,Low,3,Growing
f661a80c-6d36-4305-90bc-f481455486bd,2014,Egypt,Africa,Sao Paulo,NextGen Analytics,Startup,Healthcare,Operations Manager,Junior,False,,0.01,"Cloud Computing, Research, Project Management, Communication, Data Analysis, Business Analysis",Not Specified,21473,-0.28,0.88,False,Medium,10,Emerging
8f0a0020-62b9-4f5f-954a-99af78a5db45,2015,New Zealand,Oceania,London,Prime Systems,Enterprise,Healthcare,Policy Analyst,Mid,False,,0.03,"Statistics, SQL, Software Engineering, Python, Business Analysis, Data Analysis",Not Specified,82412,-3.6,0.86,False,Low,16,Emerging
3faf726e-10fb-4b8e-a6db-2d1a0e0cc776,2021,Australia,Oceania,Sao Paulo,Global Solutions,Large,Healthcare,ML Engineer,Intern,False,,0.04,"Cloud Computing, Business Analysis, Statistics, Research, Software Engineering, SQL",Not Specified,80880,0.55,0.66,False,Medium,7,Growing
a845a761-b980-4aac-b951-67b267cc6ddb,2022,South Africa,Africa,Dubai,Global Systems,Enterprise,Healthcare,Software Engineer,Intern,True,"MLOps, generative AI, computer vision",0.54,"Software Engineering, Project Management, Python, Cloud Computing, SQL","MLOps, generative AI, computer vision",38446,5.68,0.28,True,High,10,Growing
81b862da-6038-45e0-9839-14662d6cbe78,2012,Germany,Europe,Bangalore,Future Analytics,Enterprise,Agriculture,Research Scientist,Mid,False,,0.1,"Data Analysis, Research, Statistics, Business Analysis, Project Management, Communication",Not Specified,71319,-3.3,0.69,False,High,18,Emerging
4bc5adb8-e2af-4e7d-9b7b-288dd00bacaa,2014,Nepal,South Asia,Lagos,Global Technologies,Startup,Agriculture,Business Analyst,Lead,False,,0.01,"Communication, Software Engineering, SQL, Project Management",Not Specified,20004,-0.59,0.78,False,Low,10,Emerging
e96ac024-4ea6-4274-a755-6b4bdaf8fdf4,2018,New Zealand,Oceania,Paris,Prime Systems,Startup,Retail,Software Engineer,Junior,False,,0.16,"Python, Project Management, Statistics, Business Analysis",Not Specified,73493,-0.04,0.86,False,Medium,17,Growing
a4dd639f-2a14-4b21-a53e-cca244a1670d,2017,Japan,East Asia,Lagos,Prime Systems,Startup,Retail,Product Manager,Junior,False,,0.13,"Business Analysis, Python, SQL, Research",Not Specified,71431,0.38,0.61,False,High,7,Growing
574617bd-f791-44ca-91f6-524826a1eaaf,2017,Brazil,South America,London,NextGen Analytics,Small,Agriculture,Data Scientist,Lead,False,,0.2,"Research, Statistics, SQL",Not Specified,39902,1.46,0.69,False,High,3,Growing
fc2507f2-bf9f-474b-80dc-5e7826c44110,2020,Canada,North America,Nairobi,Prime Technologies,Small,Tech,Operations Manager,Intern,True,"computer vision, reinforcement learning, machine learning, NLP",0.91,"Statistics, Research, Business Analysis, Cloud Computing","computer vision, reinforcement learning, machine learning, NLP",138677,11.9,0.16,True,Low,6,Growing
8ea21009-f4c0-46df-bda1-ee2599c71313,2011,Pakistan,South Asia,Singapore,Future Analytics,Medium,Tech,AI Researcher,Intern,False,,0.2,"Business Analysis, Communication, Project Management, Cloud Computing, Software Engineering",Not Specified,23545,3.42,0.73,False,High,5,Emerging
2af49985-8bb5-4b54-89bf-59f5874a7458,2019,Pakistan,South Asia,Singapore,NextGen Solutions,Enterprise,Healthcare,Policy Analyst,Executive,True,"NLP, machine learning, computer vision",0.44,"Business Analysis, Cloud Computing, Python, Data Analysis, Software Engineering","NLP, machine learning, computer vision",39755,13.1,0.31,True,Low,6,Growing
a933e9dc-72c5-4c57-9b16-1e15c546b4ba,2020,Argentina,South America,London,Global Analytics,Large,Agriculture,Business Analyst,Executive,True,"deep learning, computer vision, NLP, reinforcement learning",0.41,"Project Management, Cloud Computing, Communication","deep learning, computer vision, NLP, reinforcement learning",72640,15.48,0.39,True,High,16,Growing
6007f5db-d4a1-4441-b1e8-05e109eab892,2015,China,East Asia,London,NextGen Technologies,Small,Agriculture,Software Engineer,Lead,False,,0.07,"Statistics, Software Engineering, Research",Not Specified,68705,4.7,0.88,False,Low,0,Emerging
ec465a80-4f78-4016-a02f-e09900b886ab,2012,Israel,Middle East,Tokyo,NextGen Solutions,Startup,Tech,Product Manager,Junior,False,,0.1,"Python, Software Engineering, Cloud Computing",Not Specified,54455,2.04,0.63,False,Low,4,Emerging
b95661dd-1997-4481-a3c0-a2432ce5f24c,2024,Italy,Europe,London,Prime Solutions,Enterprise,Tech,ML Engineer,Junior,True,"NLP, generative AI, computer vision, reinforcement learning",0.88,"Python, Cloud Computing, Project Management, SQL, Software Engineering","NLP, generative AI, computer vision, reinforcement learning",121940,7.66,0.15,True,Low,3,Mature
dbed75b4-d7eb-4e4d-ae7a-06a6a9889f1e,2012,Japan,East Asia,Singapore,Global Systems,Small,Retail,Software Engineer,Senior,False,,0.11,"Data Analysis, Statistics, Python, Software Engineering",Not Specified,50100,-1.61,0.74,False,Medium,6,Emerging
4ec656a6-91d3-4b41-940c-92eaa77bdb0f,2016,Singapore,Southeast Asia,Toronto,Global Analytics,Large,Tech,Operations Manager,Junior,True,machine learning,0.51,"SQL, Python, Cloud Computing, Data Analysis",machine learning,54213,0.66,0.32,True,High,8,Emerging
a27f9535-0f21-4f3b-b3e5-e0458a77ff8d,2013,Brazil,South America,Nairobi,Future Analytics,Enterprise,Retail,Business Analyst,Senior,False,,0.17,"Research, Business Analysis, Data Analysis, SQL, Project Management, Statistics",Not Specified,34381,-0.7,0.86,False,Low,0,Emerging
c7dc4fdc-e381-4054-acf7-d7bfa8f4386b,2025,Spain,Europe,Nairobi,Future Analytics,Startup,Healthcare,Operations Manager,Junior,True,"machine learning, deep learning, MLOps",0.4,"Communication, Python, Research","machine learning, deep learning, MLOps",104283,12.13,0.21,True,High,16,Growing
e240d8ee-884c-499a-8c65-502d71c5bca7,2020,Mexico,North America,Toronto,Future Analytics,Enterprise,Manufacturing,AI Researcher,Intern,False,,0.19,"Python, Research, Cloud Computing",Not Specified,103088,3.67,0.76,False,High,7,Growing
2f9adb9f-6baa-4d73-a77c-ddc4c99fe4df,2014,Mexico,North America,Berlin,NextGen Analytics,Startup,Manufacturing,Research Scientist,Mid,False,,0.14,"Data Analysis, Business Analysis, Communication",Not Specified,79319,-4.08,0.75,False,Low,16,Emerging
b5a85901-bc8f-4368-b793-8c6564f809a9,2014,Peru,South America,Sao Paulo,Future Solutions,Medium,Agriculture,Research Scientist,Intern,False,,0.02,"Business Analysis, SQL, Python, Software Engineering, Project Management",Not Specified,38243,-4.31,0.65,False,High,5,Emerging
3d6f24ee-2d42-40b4-b6bc-4b1b933adbf0,2016,Sri Lanka,South Asia,Sydney,NextGen Technologies,Large,Manufacturing,Product Manager,Intern,False,,0.05,"Software Engineering, Data Analysis, Business Analysis, Project Management",Not Specified,22536,4.61,0.62,False,Low,16,Emerging
c0882008-a8a2-4e64-afb3-b8dcca86d933,2022,Taiwan,East Asia,Toronto,Prime Analytics,Large,Retail,Policy Analyst,Mid,False,,0.17,"Software Engineering, Communication, SQL, Statistics, Research",Not Specified,69774,-4.23,0.88,False,High,1,Growing
84d85cf5-51ff-4762-b5e8-42b65e8abe60,2010,Kenya,Africa,Bangalore,NextGen Technologies,Large,Tech,AI Researcher,Mid,False,,0.02,"Project Management, Cloud Computing, Python, Data Analysis, Statistics",Not Specified,18055,0.01,0.75,False,Medium,12,Emerging
5b04b751-64f1-4a5e-b8f6-4bb8d79c1a20,2013,Australia,Oceania,Berlin,Future Solutions,Startup,Healthcare,Research Scientist,Junior,False,,0.13,"Business Analysis, Cloud Computing, Research",Not Specified,78150,1.05,0.83,False,High,2,Emerging
8c618468-de85-49f2-93b0-4b3d44c88627,2013,India,South Asia,Lagos,Prime Systems,Small,Tech,Business Analyst,Lead,True,"NLP, deep learning, reinforcement learning",0.45,"Python, Project Management, Software Engineering, SQL, Communication, Cloud Computing","NLP, deep learning, reinforcement learning",32591,-2.53,0.11,True,Medium,1,Emerging
8a2b19e0-b33d-4487-9d24-e666856dc846,2015,United States,North America,Toronto,Global Technologies,Small,Tech,Software Engineer,Executive,True,"MLOps, reinforcement learning, machine learning, computer vision",0.45,"SQL, Software Engineering, Business Analysis, Python, Statistics, Research","MLOps, reinforcement learning, machine learning, computer vision",105127,4.38,0.16,True,High,12,Emerging
3b676732-dbfc-4e8b-b996-995af66a14d8,2011,Netherlands,Europe,Singapore,Future Systems,Medium,Agriculture,Software Engineer,Intern,False,,0.13,"Software Engineering, Statistics, Project Management, Data Analysis",Not Specified,68203,1.36,0.85,False,High,5,Emerging
90649a9e-adff-4672-907d-2e40f4742df5,2025,Brazil,South America,Sydney,Global Analytics,Enterprise,Healthcare,Data Scientist,Lead,True,"machine learning, computer vision, deep learning, MLOps",0.73,"Communication, Software Engineering, Data Analysis","machine learning, computer vision, deep learning, MLOps",61591,7.95,0.13,True,Low,6,Growing
bf18cf99-ce4b-46e8-bcc6-759f84810881,2021,Argentina,South America,New York,NextGen Technologies,Startup,Healthcare,Product Manager,Intern,True,MLOps,0.89,"Data Analysis, Cloud Computing, Project Management, Statistics, Business Analysis",MLOps,71493,10.05,0.1,True,High,3,Growing
d0699efd-d34b-4cf5-875d-f55cd7c3c2d1,2014,Australia,Oceania,Lagos,Prime Systems,Enterprise,Manufacturing,Data Scientist,Mid,False,,0.1,"Python, Data Analysis, SQL, Research",Not Specified,66693,-4.9,0.87,False,Low,12,Emerging
a25ed8bc-8dc1-4653-af47-a305c51c0d36,2021,Philippines,Southeast Asia,Dubai,Future Technologies,Large,Agriculture,Business Analyst,Lead,False,,0.08,"SQL, Python, Statistics",Not Specified,43421,-2.69,0.86,False,Low,3,Growing
5559f1c0-2fc4-417b-a53f-e6c5381ce1a5,2023,Qatar,Middle East,Berlin,Global Analytics,Small,Manufacturing,Operations Manager,Mid,True,"deep learning, NLP, computer vision, reinforcement learning",0.7,"Data Analysis, Project Management, Statistics","deep learning, NLP, computer vision, reinforcement learning",92073,14.94,0.36,True,High,15,Growing
ab4bfed0-6725-4338-90dd-e97f552d9cad,2020,Australia,Oceania,Bangalore,Prime Solutions,Medium,Retail,Business Analyst,Senior,True,reinforcement learning,0.49,"Software Engineering, Data Analysis, Python, Research, Communication, Project Management",reinforcement learning,126617,5.25,0.19,True,Low,0,Growing
8708bf90-7e13-4860-bba3-5611528537e1,2011,Indonesia,Southeast Asia,Sao Paulo,NextGen Analytics,Large,Agriculture,Data Scientist,Junior,False,,0.08,"Software Engineering, Statistics, Cloud Computing",Not Specified,28708,1.52,0.76,False,Low,16,Emerging
0c5f23e8-043f-4b3f-86f9-dfbf8463ea5d,2024,United States,North America,New York,NextGen Technologies,Startup,Manufacturing,Product Manager,Mid,False,,0.1,"Research, Business Analysis, Data Analysis, Project Management, SQL, Cloud Computing",Not Specified,94161,-0.41,0.65,False,High,9,Growing
ca8ac79a-496b-49fc-9f22-65fc596ba466,2012,Sweden,Europe,Sydney,NextGen Analytics,Small,Tech,AI Researcher,Junior,False,,0.11,"Data Analysis, Communication, Research",Not Specified,56867,-3.19,0.66,False,Medium,3,Emerging
6c5a8389-a21d-4e67-bf3b-ee71997b898d,2024,Brazil,South America,Paris,Future Systems,Large,Retail,Business Analyst,Mid,True,reinforcement learning,0.46,"Communication, Research, Project Management, Python, Data Analysis, SQL",reinforcement learning,62574,15.13,0.15,True,Low,13,Growing
fd1d0433-5f4a-4cab-9058-141a2314d877,2015,United States,North America,New York,Global Solutions,Startup,Healthcare,ML Engineer,Executive,False,,0.15,"Cloud Computing, Software Engineering, SQL, Python, Project Management, Communication",Not Specified,92451,4.84,0.84,False,Low,2,Emerging
398869de-3f56-448b-b1c0-5427219701f4,2022,Taiwan,East Asia,Dubai,Future Systems,Small,Retail,Operations Manager,Executive,True,"LLMs, NLP",0.94,"Research, Communication, Business Analysis","LLMs, NLP",107488,8.44,0.32,True,Medium,0,Growing
0bfc5a5e-cfce-4bbd-94bc-92049b7909bc,2024,United Kingdom,Europe,Toronto,Future Solutions,Enterprise,Retail,Business Analyst,Junior,True,"machine learning, reinforcement learning",0.48,"Python, Business Analysis, Data Analysis","machine learning, reinforcement learning",135990,10.22,0.12,True,High,8,Growing
b07d410c-2144-43f2-ba2a-2035587a887e,2022,Pakistan,South Asia,Dubai,NextGen Solutions,Large,Manufacturing,Product Manager,Junior,True,"machine learning, LLMs",0.63,"Python, Project Management, Data Analysis, Statistics, Communication","machine learning, LLMs",37492,14.96,0.11,True,Low,11,Growing
c071e099-c0cb-447d-8f31-9edc02a52539,2021,Kenya,Africa,Paris,Prime Analytics,Medium,Tech,Research Scientist,Senior,True,"NLP, machine learning",0.72,"Cloud Computing, Software Engineering, Data Analysis, Research","NLP, machine learning",29545,8.09,0.35,True,High,8,Growing
61394b7b-bddd-4b55-8ed7-4d11dadd79ff,2012,France,Europe,Paris,Global Technologies,Enterprise,Agriculture,Data Scientist,Mid,False,,0.16,"Software Engineering, Python, Business Analysis, Project Management, Statistics, Communication",Not Specified,66047,1.75,0.81,False,High,6,Emerging
8c2df762-2363-42ae-a428-4c9434a9793c,2015,South Africa,Africa,Lagos,Future Analytics,Large,Agriculture,Business Analyst,Intern,False,,0.07,"Research, Statistics, Project Management, Business Analysis, Communication",Not Specified,21429,-4.43,0.7,False,High,5,Emerging
c7c6c484-f4f5-466e-aa26-e78bb75239a3,2025,Sri Lanka,South Asia,Dubai,NextGen Solutions,Large,Healthcare,Business Analyst,Junior,False,,0.0,"Statistics, SQL, Business Analysis, Research, Cloud Computing",Not Specified,29068,-1.02,0.64,False,Low,5,Growing
0ad735b7-2a99-47ce-87bb-801ab22f4aa0,2022,Canada,North America,New York,Global Solutions,Large,Manufacturing,AI Researcher,Senior,True,"machine learning, computer vision, MLOps, deep learning",0.62,"Project Management, Cloud Computing, Business Analysis, Python","machine learning, computer vision, MLOps, deep learning",122020,11.83,0.38,True,Medium,13,Growing
0d268963-d157-44b0-9349-a7d0c2b0b75a,2024,India,South Asia,Berlin,Global Technologies,Startup,Tech,Business Analyst,Lead,False,,0.1,"Software Engineering, Cloud Computing, Research, Business Analysis",Not Specified,29384,-3.11,0.69,False,Medium,2,Mature
a5555661-8e5b-4c27-bdf7-bfae1dc31634,2017,Indonesia,Southeast Asia,Toronto,Global Technologies,Medium,Manufacturing,Product Manager,Mid,False,,0.07,"Project Management, Business Analysis, Data Analysis, Communication, Cloud Computing",Not Specified,32993,3.24,0.77,False,High,1,Growing
3b15e18a-3724-4c9d-bfd0-51d583d7dd1b,2010,Kenya,Africa,Toronto,Prime Systems,Enterprise,Tech,Business Analyst,Junior,False,,0.1,"Research, Communication, Cloud Computing, Data Analysis, SQL, Project Management",Not Specified,15719,1.72,0.61,False,Low,12,Emerging
a75eb486-0aa9-4dbb-9e91-ef0018e1ffd0,2024,China,East Asia,Nairobi,Global Solutions,Large,Retail,Business Analyst,Executive,True,"reinforcement learning, deep learning, generative AI, computer vision",0.82,"Research, Statistics, Python","reinforcement learning, deep learning, generative AI, computer vision",106195,17.02,0.37,True,Low,4,Growing
eacb6dfd-8fb9-4c6c-a960-18a2983c5d64,2023,Malaysia,Southeast Asia,London,NextGen Technologies,Small,Agriculture,ML Engineer,Senior,True,"reinforcement learning, generative AI, computer vision, deep learning",0.41,"Software Engineering, Cloud Computing, SQL, Research, Python, Business Analysis","reinforcement learning, generative AI, computer vision, deep learning",56708,14.11,0.37,True,Medium,16,Growing
8b098e59-9e01-42f8-aa10-554bc11460bb,2019,India,South Asia,Nairobi,Global Analytics,Small,Healthcare,Operations Manager,Intern,False,,0.14,"Business Analysis, Project Management, Data Analysis, Communication, Python, Statistics",Not Specified,22037,1.48,0.77,False,Medium,5,Growing
189ca0d6-f3f8-48ca-8569-58ee614caff9,2016,Canada,North America,Toronto,Global Technologies,Enterprise,Healthcare,Systems Engineer,Executive,False,,0.02,"Project Management, Communication, Software Engineering, Python, Research",Not Specified,94870,3.16,0.88,False,High,0,Emerging
8190045a-d06e-4e81-93ae-496a80a0477e,2019,New Zealand,Oceania,Sao Paulo,NextGen Systems,Small,Manufacturing,AI Researcher,Mid,False,,0.06,"Communication, Python, SQL, Data Analysis, Business Analysis",Not Specified,70915,2.18,0.78,False,High,19,Growing
500ed293-cb30-42b1-92b3-0b86e8e5787f,2020,Australia,Oceania,Berlin,Prime Solutions,Small,Tech,Data Scientist,Senior,False,,0.15,"Project Management, Python, Research",Not Specified,74725,-4.46,0.78,False,High,2,Growing
af6946a4-e737-4d63-be7f-f2d68fe8bc84,2022,Indonesia,Southeast Asia,New York,Prime Technologies,Enterprise,Healthcare,Policy Analyst,Lead,True,"NLP, generative AI, reinforcement learning, MLOps",0.86,"Communication, Data Analysis, Software Engineering, Statistics, Research","NLP, generative AI, reinforcement learning, MLOps",54142,17.3,0.3,True,Low,2,Growing
82758245-d2f7-4289-b457-18da83a29d51,2018,Japan,East Asia,London,NextGen Systems,Medium,Manufacturing,Business Analyst,Executive,True,"reinforcement learning, deep learning, NLP, MLOps",0.95,"Cloud Computing, Data Analysis, Statistics, SQL","reinforcement learning, deep learning, NLP, MLOps",100649,16.38,0.37,True,Medium,19,Growing
0f7f53a5-75c7-43fa-828a-050df206d4a2,2012,Mexico,North America,Sydney,Global Technologies,Small,Healthcare,Research Scientist,Senior,False,,0.05,"Python, Data Analysis, Cloud Computing, SQL, Project Management, Research",Not Specified,67135,4.09,0.77,False,Low,9,Emerging
2d2517ab-a084-4711-8ce8-79ad508e3acd,2018,United Kingdom,Europe,Sydney,Prime Analytics,Enterprise,Healthcare,Software Engineer,Senior,False,,0.04,"Data Analysis, Project Management, Statistics, Research, Cloud Computing, Software Engineering",Not Specified,84695,0.64,0.64,False,High,4,Growing
9295b980-ac06-4f83-ad35-1e4157f754be,2016,Australia,Oceania,Toronto,NextGen Solutions,Enterprise,Retail,Systems Engineer,Intern,False,,0.17,"SQL, Project Management, Cloud Computing, Software Engineering, Communication",Not Specified,74394,0.15,0.81,False,Low,16,Emerging
35e4de07-eeaa-41a3-a709-f79144253506,2025,United States,North America,Sydney,Future Analytics,Small,Retail,ML Engineer,Executive,False,,0.0,"Python, Cloud Computing, Project Management, Business Analysis, Data Analysis",Not Specified,105022,-0.91,0.88,False,Medium,8,Growing
de09f7fe-7a07-48f9-9ea1-9387efb9fc73,2015,Peru,South America,Dubai,NextGen Analytics,Small,Tech,AI Researcher,Junior,False,,0.17,"Python, Project Management, Cloud Computing, Statistics, SQL, Data Analysis",Not Specified,43198,0.84,0.82,False,Medium,8,Emerging
2ee8b7af-1ecf-4d7f-a540-939fc37ff0ba,2010,Malaysia,Southeast Asia,Tokyo,Future Systems,Large,Manufacturing,Data Scientist,Executive,False,,0.09,"Business Analysis, Statistics, SQL, Communication, Cloud Computing, Python",Not Specified,34128,-0.84,0.64,False,Medium,1,Emerging
0a6fd3de-4011-4934-a2e7-dd65d5ebda99,2013,Australia,Oceania,Sao Paulo,Global Analytics,Large,Retail,Data Scientist,Executive,False,,0.14,"Software Engineering, Python, Research, Data Analysis, Communication, Cloud Computing",Not Specified,73382,1.69,0.67,False,Low,0,Emerging
b8a589e5-7017-4a9c-87db-0e06d34274d8,2024,UAE,Middle East,Dubai,NextGen Technologies,Enterprise,Agriculture,AI Researcher,Mid,True,"generative AI, deep learning, LLMs, NLP",0.45,"Data Analysis, Project Management, Python, SQL, Cloud Computing, Research","generative AI, deep learning, LLMs, NLP",111366,8.67,0.23,True,Medium,8,Growing
c73b5e97-89cb-4e3c-ac3e-cc665013d21a,2020,New Zealand,Oceania,Sao Paulo,Prime Systems,Startup,Agriculture,Business Analyst,Senior,False,,0.16,"Data Analysis, Python, Statistics, SQL",Not Specified,77933,1.58,0.63,False,High,15,Growing
4275b2a1-40a6-4793-a1e6-f95a232967bb,2025,Canada,North America,Paris,NextGen Technologies,Medium,Manufacturing,Software Engineer,Senior,False,,0.06,"Cloud Computing, Business Analysis, SQL",Not Specified,108394,4.59,0.62,False,High,18,Growing
5f68786f-5001-4303-bb0a-e6efe4e4c398,2014,UAE,Middle East,New York,Future Systems,Large,Retail,Systems Engineer,Junior,False,,0.18,"Business Analysis, Communication, Project Management",Not Specified,47699,4.07,0.76,False,Medium,0,Emerging
1bfd7583-9448-460c-a2a0-a364e419ce48,2014,India,South Asia,New York,NextGen Systems,Startup,Agriculture,Research Scientist,Intern,False,,0.09,"Python, Project Management, Communication, SQL",Not Specified,24667,1.24,0.78,False,Medium,4,Emerging
13d275c9-8d8d-4868-8e72-ba30645afff2,2018,Mexico,North America,Dubai,Future Technologies,Small,Retail,Software Engineer,Lead,False,,0.15,"Business Analysis, Python, Research, Cloud Computing",Not Specified,85760,-1.29,0.74,False,High,17,Growing
80af786b-2219-4a1d-88b5-34b1a839b8fc,2013,Mexico,North America,Bangalore,Future Analytics,Enterprise,Agriculture,Systems Engineer,Junior,False,,0.13,"Communication, Statistics, Data Analysis, Python",Not Specified,76972,-2.17,0.85,False,Medium,19,Emerging
4e0345f6-ef8b-409b-846a-0bc5da3b8f2b,2018,Vietnam,Southeast Asia,Lagos,Prime Systems,Large,Tech,Product Manager,Executive,False,,0.15,"SQL, Communication, Business Analysis, Project Management, Statistics, Data Analysis",Not Specified,35697,-4.03,0.84,False,High,12,Growing
80569e5d-2ceb-4963-acad-bb828331cd68,2012,Philippines,Southeast Asia,Dubai,Future Analytics,Medium,Agriculture,Operations Manager,Junior,False,,0.0,"Project Management, Data Analysis, Software Engineering, SQL",Not Specified,33158,0.64,0.65,False,High,4,Emerging
c9d09064-223e-45be-ae12-a3cbaf54e053,2022,Ghana,Africa,Toronto,Prime Technologies,Medium,Manufacturing,Business Analyst,Junior,True,"generative AI, deep learning",0.82,"Software Engineering, Project Management, Data Analysis, SQL, Statistics, Cloud Computing","generative AI, deep learning",37515,17.15,0.37,True,Medium,4,Growing
8d1d8b7a-e314-4ce5-a510-c34125571ab2,2017,United States,North America,Tokyo,NextGen Solutions,Startup,Healthcare,Business Analyst,Junior,False,,0.05,"Cloud Computing, Software Engineering, SQL, Communication",Not Specified,97190,-4.35,0.79,False,High,16,Growing
ffafd544-fda1-454d-a226-1d2c5fd67c8f,2025,United Kingdom,Europe,New York,Prime Solutions,Medium,Retail,Systems Engineer,Lead,False,,0.07,"Project Management, Research, Communication",Not Specified,80963,-1.58,0.87,False,Low,0,Growing
fb7de3e7-9e51-47b4-b0a3-69c247cd3271,2025,Brazil,South America,Sydney,NextGen Solutions,Startup,Manufacturing,Research Scientist,Intern,True,"LLMs, machine learning, generative AI, computer vision",0.66,"Data Analysis, Python, Research, SQL, Statistics, Project Management","LLMs, machine learning, generative AI, computer vision",76562,11.58,0.23,True,Low,16,Growing
ebc930b0-dd35-45d8-a168-d4773d147b6d,2010,Bangladesh,South Asia,Bangalore,NextGen Technologies,Enterprise,Manufacturing,ML Engineer,Executive,False,,0.13,"Communication, Cloud Computing, Business Analysis, Python",Not Specified,17857,-0.83,0.86,False,Low,3,Emerging
739618d2-0aa5-4950-a2d7-a87af7c81cb9,2013,Germany,Europe,Berlin,Prime Analytics,Enterprise,Retail,ML Engineer,Junior,False,,0.19,"Communication, Research, Cloud Computing, Project Management",Not Specified,60062,-4.84,0.81,False,Medium,5,Emerging
19376897-5358-48ed-83df-e3fcb8c7e776,2018,Argentina,South America,Nairobi,Prime Technologies,Large,Retail,Policy Analyst,Junior,True,"computer vision, machine learning, NLP",0.68,"Communication, Software Engineering, Data Analysis","computer vision, machine learning, NLP",64163,13.11,0.27,True,Low,12,Growing
44042e18-7227-4b3c-89c9-32ed49e3c6ea,2011,Brazil,South America,Sydney,Future Solutions,Large,Healthcare,Operations Manager,Executive,True,"deep learning, machine learning, MLOps, reinforcement learning",0.58,"Statistics, Communication, Research, Project Management, Data Analysis, Python","deep learning, machine learning, MLOps, reinforcement learning",56539,2.32,0.31,True,Low,8,Emerging
29c4494f-2937-4f4b-8511-e921ccd20b29,2018,Thailand,Southeast Asia,Sydney,Future Solutions,Startup,Tech,Product Manager,Intern,True,"NLP, MLOps, computer vision, reinforcement learning",0.87,"Data Analysis, Cloud Computing, Research, Communication","NLP, MLOps, computer vision, reinforcement learning",48817,5.75,0.12,True,Low,16,Growing
3c32245d-28e0-47d9-9216-4c7bfecf76d4,2010,Malaysia,Southeast Asia,Tokyo,Future Analytics,Small,Healthcare,Data Scientist,Executive,False,,0.08,"Software Engineering, Python, Project Management",Not Specified,30309,-0.74,0.75,False,Medium,6,Emerging
020dc7f2-e90c-488e-b0a3-55b5ec5a2703,2019,Mexico,North America,Singapore,Global Technologies,Small,Manufacturing,Data Scientist,Lead,False,,0.1,"SQL, Project Management, Cloud Computing, Statistics, Software Engineering",Not Specified,86532,-3.27,0.84,False,Low,18,Growing
b7fe713f-34d2-47ea-b17b-9e51b1f0982e,2025,Sri Lanka,South Asia,Dubai,Future Systems,Enterprise,Manufacturing,Product Manager,Lead,False,,0.0,"Data Analysis, Business Analysis, Python",Not Specified,27450,1.4,0.89,False,Low,19,Growing
0edb04cc-5bd8-4ee7-a2c5-ccbb1995e463,2014,Israel,Middle East,Paris,Future Systems,Small,Tech,Operations Manager,Junior,False,,0.07,"Data Analysis, Python, Project Management, Research, Cloud Computing",Not Specified,56511,4.75,0.64,False,High,14,Emerging
81a6b131-9412-4f23-81d5-502f4ffd254e,2019,Thailand,Southeast Asia,Paris,Prime Solutions,Large,Agriculture,Policy Analyst,Executive,False,,0.12,"Project Management, Python, Data Analysis, Business Analysis",Not Specified,43308,-3.86,0.69,False,High,10,Growing
c60448a4-20bf-4cfd-aaef-f92d1beff20a,2017,Japan,East Asia,Dubai,Global Technologies,Large,Healthcare,ML Engineer,Junior,False,,0.04,"Communication, Python, Research, Statistics, Project Management, Data Analysis",Not Specified,66026,-0.5,0.75,False,Medium,17,Growing
94db11d3-ffd9-49f0-86bc-699709ddda99,2012,Vietnam,Southeast Asia,Sydney,NextGen Solutions,Enterprise,Retail,Policy Analyst,Lead,True,"MLOps, machine learning, NLP, deep learning",0.68,"Business Analysis, Project Management, Python, Communication, SQL, Software Engineering","MLOps, machine learning, NLP, deep learning",45969,2.12,0.22,True,High,15,Emerging
838f6989-292a-460f-a9fe-2ecb16a314fb,2018,South Africa,Africa,New York,Prime Analytics,Large,Agriculture,Product Manager,Senior,False,,0.12,"Research, Project Management, Communication, Data Analysis, Business Analysis, Software Engineering",Not Specified,22012,-4.54,0.81,False,Low,15,Growing
8c2ef60e-b8de-4a15-a33a-987808928aa6,2013,Indonesia,Southeast Asia,Toronto,Global Solutions,Small,Healthcare,ML Engineer,Executive,False,,0.07,"Research, Software Engineering, Project Management",Not Specified,33996,1.81,0.83,False,High,8,Emerging
af1cfa4b-d376-4939-b559-85c7c00149ad,2011,Israel,Middle East,Toronto,Global Systems,Medium,Manufacturing,ML Engineer,Junior,False,,0.11,"Python, Project Management, Business Analysis, Cloud Computing, Research",Not Specified,45392,-4.24,0.62,False,Low,10,Emerging
c56ac2b2-5441-4022-a85f-3160a767bfaa,2019,Taiwan,East Asia,London,Future Analytics,Startup,Tech,Product Manager,Senior,True,"MLOps, NLP",0.66,"Communication, Data Analysis, Software Engineering, SQL","MLOps, NLP",105370,11.58,0.16,True,Low,16,Growing
9493fd23-2190-4ff4-ac13-a0a6435fb147,2011,Japan,East Asia,Berlin,NextGen Technologies,Enterprise,Healthcare,ML Engineer,Mid,False,,0.07,"Business Analysis, Statistics, SQL",Not Specified,54411,2.05,0.69,False,High,11,Emerging
36d34657-8c5e-4015-bf56-bff7777bbc50,2012,France,Europe,London,NextGen Solutions,Startup,Agriculture,Business Analyst,Executive,False,,0.11,"Business Analysis, Python, Cloud Computing, Communication, Software Engineering, SQL",Not Specified,66376,4.43,0.87,False,High,15,Emerging
426db868-7d7f-4c45-bb08-45a8d232e73d,2010,Malaysia,Southeast Asia,Tokyo,NextGen Systems,Enterprise,Healthcare,ML Engineer,Senior,False,,0.17,"Python, Business Analysis, Data Analysis, Communication, Cloud Computing",Not Specified,30324,-2.11,0.79,False,Low,13,Emerging
da311aaf-a7f4-48cc-8f35-fadb7325ca9d,2022,Malaysia,Southeast Asia,Sydney,NextGen Analytics,Large,Retail,ML Engineer,Senior,False,,0.03,"SQL, Statistics, Business Analysis, Cloud Computing",Not Specified,44582,3.14,0.63,False,High,10,Growing
a2541904-1fb4-46de-a4b3-eda4dce699e9,2015,Nepal,South Asia,New York,Global Technologies,Large,Healthcare,Policy Analyst,Mid,False,,0.08,"Data Analysis, Statistics, Research",Not Specified,25627,3.12,0.69,False,Low,6,Emerging
31b05bf4-7f24-418d-a613-6310d30c9787,2018,Israel,Middle East,Toronto,NextGen Technologies,Large,Agriculture,Software Engineer,Mid,False,,0.04,"Cloud Computing, Business Analysis, SQL, Data Analysis, Statistics",Not Specified,69637,-2.71,0.6,False,Medium,9,Growing
560aa5ec-ae84-4a1c-9266-64e83fc34bcd,2013,United States,North America,London,Future Technologies,Large,Agriculture,Systems Engineer,Senior,False,,0.02,"Data Analysis, SQL, Python, Project Management, Cloud Computing, Software Engineering",Not Specified,69573,-4.16,0.63,False,High,14,Emerging
5ec80774-a5f4-492d-9707-b61b5fe5890c,2022,Brazil,South America,New York,NextGen Analytics,Medium,Agriculture,Research Scientist,Executive,True,"generative AI, MLOps",0.65,"Project Management, SQL, Statistics, Data Analysis","generative AI, MLOps",57701,13.35,0.3,True,Low,6,Growing
79451330-a275-442f-a731-33bf377810fe,2011,Canada,North America,Lagos,Future Systems,Small,Tech,Product Manager,Junior,False,,0.04,"Cloud Computing, SQL, Research, Data Analysis",Not Specified,72147,3.74,0.89,False,Low,0,Emerging
6aa2a54e-7ffb-4aa9-80ba-ed4a7e544e03,2025,Taiwan,East Asia,Tokyo,NextGen Technologies,Startup,Tech,ML Engineer,Junior,True,"generative AI, reinforcement learning, LLMs",0.71,"Cloud Computing, Python, Research, Data Analysis","generative AI, reinforcement learning, LLMs",95542,17.78,0.22,True,Low,18,Mature
19639e27-7556-4ca6-97f2-6a8df379be2e,2015,France,Europe,New York,Global Systems,Medium,Tech,AI Researcher,Mid,False,,0.13,"Project Management, Communication, SQL, Software Engineering, Business Analysis",Not Specified,60629,1.63,0.78,False,High,5,Emerging
f5b39ef6-26f4-4301-9152-3e18b29ec65d,2011,Saudi Arabia,Middle East,Tokyo,Future Solutions,Small,Retail,ML Engineer,Lead,False,,0.09,"Project Management, Statistics, Business Analysis, Software Engineering, Python, Data Analysis",Not Specified,54126,1.25,0.86,False,High,5,Emerging
89f6a527-9c31-4834-a2d1-25fa22de20c1,2021,Taiwan,East Asia,Nairobi,NextGen Systems,Enterprise,Retail,Research Scientist,Senior,False,,0.05,"Cloud Computing, SQL, Communication, Project Management, Data Analysis, Research",Not Specified,78944,-1.1,0.65,False,Low,12,Growing
40e0f277-9546-4332-9573-2f3a42418f95,2013,Italy,Europe,Sao Paulo,Future Analytics,Large,Retail,Policy Analyst,Mid,True,"reinforcement learning, computer vision, deep learning, NLP",0.74,"Project Management, Python, Business Analysis, Software Engineering, Research, Communication","reinforcement learning, computer vision, deep learning, NLP",103404,-1.76,0.16,True,High,17,Emerging
2d7559b9-6f18-47d8-abc2-7dfa15404e5f,2022,Qatar,Middle East,Sydney,Future Solutions,Medium,Healthcare,Systems Engineer,Junior,False,,0.17,"Communication, SQL, Software Engineering, Research",Not Specified,73072,4.91,0.79,False,High,18,Growing
d9a0d87f-acc0-4057-b0c7-1f24f2bcf82f,2016,Japan,East Asia,Nairobi,Global Systems,Small,Retail,Systems Engineer,Executive,False,,0.01,"Communication, Cloud Computing, Python, Business Analysis",Not Specified,73777,-3.93,0.7,False,Low,6,Emerging
55bdfbca-d0af-4c9b-bbed-fd3ae1ca9947,2018,South Africa,Africa,Sao Paulo,Future Systems,Small,Manufacturing,Business Analyst,Intern,False,,0.13,"SQL, Python, Communication, Business Analysis, Project Management",Not Specified,24551,1.57,0.66,False,Medium,19,Growing
9137d866-fc2f-4883-9db1-a9ad44b902d8,2012,Nigeria,Africa,New York,NextGen Analytics,Enterprise,Manufacturing,Systems Engineer,Intern,True,"machine learning, NLP, reinforcement learning, computer vision",0.43,"Research, Python, SQL, Cloud Computing, Business Analysis, Communication","machine learning, NLP, reinforcement learning, computer vision",25201,3.99,0.15,True,Low,9,Emerging
71d79622-2918-4ba6-bf04-a81eac15afc4,2016,Germany,Europe,New York,NextGen Solutions,Enterprise,Manufacturing,AI Researcher,Intern,False,,0.19,"Python, Software Engineering, SQL, Project Management, Cloud Computing, Communication",Not Specified,66602,-2.39,0.65,False,Low,17,Emerging
3d100889-28b4-4898-a8e2-c1c17dc75198,2012,China,East Asia,Sao Paulo,Future Systems,Large,Retail,ML Engineer,Mid,True,computer vision,0.46,"Python, Data Analysis, SQL, Research, Communication, Statistics",computer vision,90848,2.83,0.13,True,Low,17,Emerging
b3e2e68c-216a-446b-891c-4edfc547951e,2019,Philippines,Southeast Asia,Sydney,Prime Solutions,Small,Retail,Operations Manager,Senior,False,,0.19,"Business Analysis, Project Management, SQL, Software Engineering, Cloud Computing",Not Specified,33243,4.29,0.66,False,Low,1,Growing
d1d8e76d-839d-47df-9d59-ff921db59f33,2019,Nepal,South Asia,Sao Paulo,Future Analytics,Small,Healthcare,Product Manager,Intern,False,,0.14,"Business Analysis, Python, Software Engineering, Research, Statistics",Not Specified,25062,-1.1,0.64,False,Low,2,Growing
f5d58164-bc68-42e6-aa59-d8501d75fcb5,2014,Colombia,South America,Paris,NextGen Technologies,Small,Agriculture,ML Engineer,Lead,True,"deep learning, reinforcement learning, machine learning, computer vision",0.59,"Cloud Computing, Python, Communication, Project Management","deep learning, reinforcement learning, machine learning, computer vision",59699,-3.39,0.17,True,Medium,4,Emerging
de60123e-b068-441f-bf70-4dab7449b431,2021,Australia,Oceania,Tokyo,Future Systems,Startup,Manufacturing,Software Engineer,Junior,True,machine learning,0.8,"Python, Statistics, Project Management, Data Analysis, Software Engineering",machine learning,122999,10.88,0.34,True,Low,5,Growing
3abcdc0b-1096-4e64-8604-11fba1a50a53,2017,Israel,Middle East,London,Future Solutions,Startup,Manufacturing,Operations Manager,Lead,False,,0.17,"Software Engineering, Cloud Computing, Data Analysis, Research, Python, SQL",Not Specified,53716,2.62,0.83,False,Low,16,Growing
a290f50c-d2e4-4e2f-ba2b-e1b9bcd64529,2014,Israel,Middle East,Sydney,Prime Technologies,Enterprise,Agriculture,AI Researcher,Senior,False,,0.09,"Statistics, Software Engineering, Python, Research, Project Management",Not Specified,53938,2.28,0.72,False,Medium,4,Emerging
67066420-1fe7-4321-9fca-3852c75ef772,2010,Netherlands,Europe,Paris,Global Systems,Medium,Agriculture,Business Analyst,Intern,False,,0.05,"Data Analysis, Cloud Computing, SQL, Statistics, Communication, Business Analysis",Not Specified,53535,-2.49,0.66,False,Low,12,Emerging
bd0894f5-8097-44fb-8f5a-6970d7227a60,2020,Chile,South America,Bangalore,NextGen Solutions,Large,Retail,Operations Manager,Intern,True,MLOps,0.5,"Project Management, Communication, Data Analysis, Cloud Computing",MLOps,63680,15.52,0.1,True,Medium,19,Growing
baed8b10-9039-45bf-87af-ce98c08c1962,2010,France,Europe,Tokyo,NextGen Analytics,Startup,Manufacturing,Systems Engineer,Lead,False,,0.11,"Software Engineering, Python, Business Analysis, SQL",Not Specified,64843,4.05,0.71,False,Low,11,Emerging
89247fc7-49d9-456d-a556-17280d3704b4,2024,Saudi Arabia,Middle East,Toronto,Prime Analytics,Startup,Tech,Systems Engineer,Mid,True,"computer vision, generative AI, LLMs",0.78,"Statistics, Data Analysis, Software Engineering","computer vision, generative AI, LLMs",87603,6.04,0.24,True,High,13,Mature
71ee62e6-f5ce-4c89-86ac-509240db9c8f,2010,Argentina,South America,Berlin,NextGen Systems,Enterprise,Healthcare,Software Engineer,Senior,True,"computer vision, MLOps, machine learning",0.62,"Research, Software Engineering, Python, Project Management, Statistics, Business Analysis","computer vision, MLOps, machine learning",42740,2.21,0.12,True,High,13,Emerging
ee183e21-14dc-4c07-ade3-50d26cd556b6,2017,Kenya,Africa,Berlin,Prime Solutions,Small,Healthcare,Policy Analyst,Mid,False,,0.1,"Project Management, Software Engineering, SQL, Python, Data Analysis, Research",Not Specified,22035,0.86,0.62,False,High,9,Growing
8cbf6767-247c-4303-b315-41c2658b2ab5,2011,Nigeria,Africa,Lagos,NextGen Technologies,Small,Tech,Software Engineer,Junior,False,,0.07,"Cloud Computing, Business Analysis, Statistics, Communication",Not Specified,20811,0.7,0.76,False,High,16,Emerging
67dd146d-e7b2-487a-914c-15de00f12ca0,2016,Taiwan,East Asia,Nairobi,Prime Analytics,Large,Healthcare,Product Manager,Lead,False,,0.11,"Statistics, Project Management, Data Analysis",Not Specified,60185,-0.09,0.77,False,Low,3,Emerging
5ad892e4-2c18-4402-b89d-0666d28d391e,2018,Kenya,Africa,Berlin,NextGen Solutions,Startup,Healthcare,Operations Manager,Senior,True,NLP,0.64,"Cloud Computing, Statistics, Software Engineering",NLP,33897,9.83,0.1,True,High,18,Growing
54317538-f93b-46f7-bc68-10c29d8793f2,2018,Sri Lanka,South Asia,Dubai,NextGen Solutions,Startup,Tech,Data Scientist,Executive,False,,0.03,"SQL, Communication, Statistics",Not Specified,25704,2.64,0.63,False,Medium,12,Growing
bc0d584b-91dc-4f01-b238-99db41ea40f3,2021,Colombia,South America,Nairobi,Global Solutions,Startup,Agriculture,Business Analyst,Executive,False,,0.01,"Python, Cloud Computing, Communication",Not Specified,52857,2.34,0.77,False,Medium,7,Growing
4196416a-d4e5-41d1-9dc3-15959820c181,2022,New Zealand,Oceania,Sydney,NextGen Analytics,Large,Manufacturing,Software Engineer,Senior,True,"LLMs, machine learning, MLOps, reinforcement learning",0.42,"SQL, Statistics, Business Analysis","LLMs, machine learning, MLOps, reinforcement learning",138187,15.27,0.3,True,Medium,16,Growing
852bc5f9-3fbc-49c2-9c6b-0a4945fc169e,2020,United States,North America,Seoul,NextGen Systems,Medium,Agriculture,ML Engineer,Lead,False,,0.09,"Project Management, Data Analysis, Software Engineering, SQL, Communication",Not Specified,90587,3.69,0.6,False,Medium,13,Growing
c3879a0e-0572-4de9-8a6a-a9f8e6d3e0b1,2018,Australia,Oceania,Paris,Future Solutions,Startup,Retail,Systems Engineer,Intern,False,,0.16,"Python, Research, Software Engineering, Business Analysis",Not Specified,85680,-3.35,0.64,False,Low,0,Growing
0bf3d163-ef32-4180-a924-a7d720d9eff3,2014,New Zealand,Oceania,Nairobi,Prime Analytics,Large,Tech,Operations Manager,Executive,False,,0.04,"SQL, Research, Cloud Computing",Not Specified,80772,3.45,0.89,False,Low,10,Emerging
3136c218-77da-4f66-9a04-3ae65b301a97,2021,United States,North America,Lagos,Future Technologies,Small,Healthcare,Operations Manager,Lead,False,,0.17,"Data Analysis, Communication, SQL, Cloud Computing",Not Specified,105528,4.86,0.71,False,Low,8,Growing
9fd40b6c-7fe6-4e4a-9b3f-819e96e974f4,2010,China,East Asia,Toronto,Future Analytics,Startup,Agriculture,Policy Analyst,Junior,False,,0.07,"Statistics, Cloud Computing, Project Management, Data Analysis",Not Specified,56185,-2.91,0.68,False,Medium,2,Emerging
d3b0e3b2-011d-4662-8621-164459244591,2021,Taiwan,East Asia,Nairobi,Global Technologies,Enterprise,Healthcare,Data Scientist,Lead,True,"generative AI, NLP, LLMs, deep learning",0.94,"Python, SQL, Cloud Computing, Statistics, Business Analysis, Project Management","generative AI, NLP, LLMs, deep learning",102350,6.67,0.1,True,Low,10,Growing
117e0423-2e32-4813-9d0c-b35656ad5fd6,2010,Peru,South America,Tokyo,Global Technologies,Medium,Agriculture,AI Researcher,Mid,False,,0.16,"Project Management, Business Analysis, Communication, Research, Python, Statistics",Not Specified,34952,-3.85,0.89,False,Low,1,Emerging
0556b330-ccc2-4fe2-9617-d719c4e2d854,2011,Mexico,North America,Bangalore,Global Technologies,Enterprise,Agriculture,Policy Analyst,Executive,False,,0.01,"Statistics, Cloud Computing, SQL, Data Analysis",Not Specified,70875,-3.86,0.6,False,High,19,Emerging
ff1addd0-1fd0-458d-94a9-c1ece4b1f729,2017,United Kingdom,Europe,Sydney,NextGen Systems,Medium,Tech,Policy Analyst,Intern,False,,0.13,"Data Analysis, Business Analysis, SQL, Communication",Not Specified,70795,-4.11,0.83,False,High,9,Growing
155381f7-66d7-44fe-9051-6a943a3ba789,2024,Taiwan,East Asia,Berlin,Global Analytics,Enterprise,Agriculture,Business Analyst,Lead,True,"reinforcement learning, generative AI",0.62,"Statistics, Research, SQL, Software Engineering","reinforcement learning, generative AI",124087,17.86,0.2,True,Medium,10,Growing
081e66f0-58e9-41a3-add2-938e0c0cbc28,2024,Thailand,Southeast Asia,New York,Future Systems,Large,Healthcare,Software Engineer,Executive,True,"MLOps, NLP, machine learning, LLMs",0.86,"SQL, Software Engineering, Communication, Business Analysis, Project Management","MLOps, NLP, machine learning, LLMs",67013,9.8,0.32,True,Medium,15,Growing
950f0ded-be1e-4b56-9b6d-b816a5d8bed3,2012,Australia,Oceania,Paris,Prime Systems,Enterprise,Healthcare,Software Engineer,Mid,False,,0.17,"Python, Communication, Statistics, Business Analysis, Research, Software Engineering",Not Specified,76494,-1.49,0.63,False,High,19,Emerging
43cab269-fb1c-4956-bf31-4ee6302705eb,2018,Italy,Europe,New York,NextGen Systems,Enterprise,Healthcare,ML Engineer,Lead,False,,0.11,"Python, SQL, Research, Statistics",Not Specified,83082,-1.5,0.74,False,Low,10,Growing
d461e35e-5a2b-4202-8e51-8019f8edf3a6,2022,United States,North America,Tokyo,NextGen Analytics,Large,Tech,Research Scientist,Junior,True,MLOps,0.76,"Research, Python, Business Analysis",MLOps,137307,6.94,0.15,True,Low,1,Mature
23f005be-d262-437c-8834-906180033a84,2016,Canada,North America,Bangalore,Prime Solutions,Small,Tech,AI Researcher,Senior,False,,0.16,"Python, Statistics, Software Engineering, Business Analysis, Research",Not Specified,92628,1.51,0.73,False,Low,8,Emerging
5d5c96df-030e-439d-9ec6-b8728056ea45,2019,Australia,Oceania,Seoul,Prime Analytics,Small,Agriculture,AI Researcher,Senior,False,,0.19,"Cloud Computing, Research, Statistics, SQL, Business Analysis, Python",Not Specified,86386,4.45,0.79,False,High,14,Growing
f8823154-1d99-417a-98af-118ab2570ef3,2025,Malaysia,Southeast Asia,Nairobi,NextGen Solutions,Enterprise,Tech,Business Analyst,Junior,False,,0.06,"Communication, Statistics, Python, Data Analysis, Software Engineering, Business Analysis",Not Specified,39050,3.84,0.72,False,Medium,1,Mature
86e74c63-c5ce-4540-a22d-4b16704d3255,2015,India,South Asia,Berlin,NextGen Systems,Medium,Agriculture,Operations Manager,Senior,False,,0.03,"Software Engineering, Data Analysis, Statistics, Research",Not Specified,25226,-4.49,0.66,False,High,11,Emerging
bc64c4cc-0676-4c43-a5e8-b2061c9be4e8,2018,Poland,Europe,Lagos,Global Solutions,Enterprise,Healthcare,Operations Manager,Junior,False,,0.14,"Research, Statistics, Communication, Data Analysis",Not Specified,83464,3.06,0.7,False,Medium,2,Growing
0806c8f7-99e4-42bd-b735-f73bce3ad935,2015,Thailand,Southeast Asia,Tokyo,Global Technologies,Enterprise,Tech,Research Scientist,Lead,False,,0.01,"SQL, Business Analysis, Software Engineering, Python, Data Analysis",Not Specified,35235,-4.16,0.85,False,Medium,1,Emerging
8d753e5b-d637-47f4-ac96-f63f1b1c6c91,2014,Nepal,South Asia,Bangalore,NextGen Systems,Large,Healthcare,Business Analyst,Lead,False,,0.14,"SQL, Cloud Computing, Data Analysis, Python, Communication",Not Specified,19711,-3.27,0.83,False,Medium,19,Emerging
5d9022d5-7a2f-4dac-b0f8-ebee9ffa220c,2019,Egypt,Africa,Bangalore,NextGen Analytics,Startup,Retail,Product Manager,Mid,False,,0.03,"Business Analysis, Software Engineering, Data Analysis, Cloud Computing, Communication, Python",Not Specified,20635,2.22,0.63,False,Low,10,Growing
e3fecc5c-afc8-42ee-9787-a0b75150c92b,2010,Jordan,Middle East,Sydney,Future Technologies,Medium,Manufacturing,Software Engineer,Intern,False,,0.02,"Communication, Software Engineering, Research, Python",Not Specified,55262,-2.97,0.69,False,High,3,Emerging
1aca6c06-a3c4-4cab-93e8-b2e131a530fd,2023,India,South Asia,Sydney,NextGen Systems,Enterprise,Healthcare,Data Scientist,Executive,True,"NLP, computer vision, reinforcement learning, machine learning",0.9,"Project Management, Data Analysis, Research, Python, Cloud Computing, Statistics","NLP, computer vision, reinforcement learning, machine learning",35576,7.1,0.13,True,Low,12,Growing
f49a54d4-a091-46d9-b220-2d72e6dad8a2,2010,India,South Asia,Paris,Global Technologies,Startup,Healthcare,Business Analyst,Executive,False,,0.13,"Python, Data Analysis, Statistics, Cloud Computing, Project Management",Not Specified,21454,0.21,0.77,False,Medium,12,Emerging
d6d22497-504f-4353-8eb4-4c1e1dcf5566,2011,United States,North America,Sao Paulo,Future Solutions,Startup,Manufacturing,Software Engineer,Lead,False,,0.14,"Project Management, Business Analysis, SQL, Python",Not Specified,65734,-0.92,0.81,False,Low,7,Emerging
30089f86-391b-45ca-894e-d7294f7740b8,2024,Australia,Oceania,New York,Global Technologies,Startup,Healthcare,Policy Analyst,Executive,True,"deep learning, reinforcement learning, MLOps",0.55,"Statistics, Project Management, Data Analysis, Python","deep learning, reinforcement learning, MLOps",112167,12.09,0.15,True,High,6,Growing
fce12c69-8dee-4b84-a488-f075e366807b,2015,Taiwan,East Asia,New York,Prime Systems,Startup,Tech,Systems Engineer,Junior,True,"machine learning, NLP",0.78,"Research, Statistics, Python, Business Analysis, Communication","machine learning, NLP",77916,-4.5,0.24,True,High,17,Emerging
b0dbc793-88b7-419c-bb34-b08ab2664e71,2010,Australia,Oceania,Lagos,Future Systems,Medium,Retail,ML Engineer,Executive,False,,0.09,"Project Management, Cloud Computing, Business Analysis, Python",Not Specified,59064,3.46,0.76,False,Medium,9,Emerging
46eb7c54-767d-4153-9dec-d617bb5259ab,2022,Peru,South America,Paris,Prime Systems,Large,Agriculture,AI Researcher,Senior,True,"LLMs, computer vision, machine learning, NLP",0.61,"Python, Communication, Cloud Computing, Software Engineering","LLMs, computer vision, machine learning, NLP",64183,17.7,0.22,True,Low,15,Growing
20be45e0-4b74-4f38-a9e6-f56d678be0bc,2012,Germany,Europe,London,Global Analytics,Large,Agriculture,Research Scientist,Senior,False,,0.1,"Software Engineering, Statistics, Communication",Not Specified,59417,-3.76,0.66,False,High,19,Emerging
023aff8b-fa15-43be-ad3c-7ebdcf55a514,2025,New Zealand,Oceania,Bangalore,Prime Solutions,Enterprise,Manufacturing,Systems Engineer,Mid,True,generative AI,0.49,"Research, Communication, SQL",generative AI,146527,6.38,0.14,True,Low,13,Growing
ad4d529e-876e-425e-87cf-58167682eb81,2016,Colombia,South America,Toronto,Future Solutions,Large,Retail,Operations Manager,Junior,False,,0.02,"SQL, Business Analysis, Cloud Computing, Software Engineering, Project Management, Communication",Not Specified,40159,3.29,0.65,False,Medium,17,Emerging
c74e0d6c-55e2-447a-af30-f85e1bb9d1df,2020,Israel,Middle East,Dubai,Global Technologies,Small,Agriculture,Operations Manager,Mid,False,,0.08,"Communication, Data Analysis, Research, Software Engineering",Not Specified,74119,3.68,0.8,False,Medium,3,Growing
f492566d-32ee-403c-9657-554c9ec3c05f,2012,Malaysia,Southeast Asia,Seoul,Future Analytics,Medium,Healthcare,Systems Engineer,Junior,False,,0.18,"Data Analysis, Project Management, Business Analysis",Not Specified,33034,3.43,0.87,False,Low,3,Emerging
c2640f43-1b1d-4bbc-8d90-5fbba82fed55,2017,New Zealand,Oceania,London,Future Analytics,Medium,Manufacturing,AI Researcher,Intern,False,,0.16,"Python, Software Engineering, Business Analysis, Cloud Computing",Not Specified,83919,0.55,0.7,False,High,10,Growing
6f3a885c-c81f-45ae-b8c4-44f9343d4290,2023,Mexico,North America,New York,NextGen Systems,Medium,Manufacturing,Operations Manager,Senior,False,,0.12,"Statistics, SQL, Business Analysis, Project Management",Not Specified,96272,1.3,0.87,False,High,2,Growing
7d38b40b-b845-49a1-a336-1ec973958b4a,2017,Italy,Europe,London,Prime Systems,Startup,Retail,Product Manager,Senior,False,,0.06,"Python, Cloud Computing, SQL, Data Analysis, Project Management",Not Specified,70669,2.02,0.88,False,Medium,6,Growing
7ebd25f9-15c5-499a-ba10-7da058f2a0c3,2015,Saudi Arabia,Middle East,Sydney,NextGen Technologies,Small,Tech,Research Scientist,Mid,False,,0.08,"Project Management, Research, Business Analysis, Python",Not Specified,55457,0.83,0.88,False,High,8,Emerging
ac9d8d86-7ffa-403a-9ebb-8125a8576d45,2016,Brazil,South America,Berlin,Future Systems,Enterprise,Tech,Systems Engineer,Senior,False,,0.16,"Research, Project Management, Cloud Computing, Communication",Not Specified,38890,-2.2,0.79,False,Low,6,Emerging
43012efc-e6e1-4c3c-a214-a1b81cc78dc4,2020,Japan,East Asia,Berlin,Future Solutions,Startup,Retail,Operations Manager,Executive,False,,0.04,"Project Management, Business Analysis, Research",Not Specified,78389,-4.78,0.86,False,Medium,10,Growing
0c2ff17b-a3ab-43b0-9129-6fcc86c451d8,2010,New Zealand,Oceania,Dubai,NextGen Analytics,Medium,Manufacturing,Product Manager,Mid,False,,0.0,"Data Analysis, Cloud Computing, Communication",Not Specified,61784,-0.91,0.86,False,High,13,Emerging
fde3a627-6a03-488d-a034-353f3daf388f,2015,Colombia,South America,Singapore,Prime Analytics,Large,Retail,ML Engineer,Senior,True,deep learning,0.58,"Research, SQL, Business Analysis, Software Engineering, Communication",deep learning,64470,1.82,0.17,True,High,9,Emerging
40117cab-dccf-454b-b65d-58d292bfe0b2,2023,Morocco,Africa,London,Global Systems,Startup,Agriculture,ML Engineer,Senior,False,,0.04,"Communication, Statistics, SQL, Business Analysis, Cloud Computing, Software Engineering",Not Specified,25111,-2.79,0.82,False,Low,9,Growing
5093f06e-7129-4604-9b01-892a201f5019,2022,South Korea,East Asia,Singapore,NextGen Solutions,Enterprise,Retail,ML Engineer,Junior,True,"LLMs, NLP, deep learning",0.69,"Business Analysis, Communication, Python, Statistics","LLMs, NLP, deep learning",119127,9.34,0.3,True,High,0,Growing
aa19695b-c942-4498-9096-f458d23fbb4b,2022,Netherlands,Europe,Lagos,NextGen Technologies,Enterprise,Retail,Operations Manager,Senior,True,deep learning,0.55,"Python, Statistics, Cloud Computing, Business Analysis, Project Management",deep learning,102727,8.02,0.17,True,High,7,Growing
ac958464-d889-472a-9ab4-021b3c0595ed,2015,New Zealand,Oceania,New York,Future Analytics,Startup,Healthcare,Business Analyst,Senior,False,,0.07,"Project Management, Research, SQL, Data Analysis",Not Specified,68387,-4.12,0.72,False,Medium,16,Emerging
6c405d18-bd42-4c0b-8482-c301b87820ec,2020,Colombia,South America,Nairobi,Global Technologies,Enterprise,Retail,Policy Analyst,Senior,False,,0.01,"Statistics, Research, SQL, Project Management, Business Analysis",Not Specified,46555,-1.96,0.87,False,Medium,19,Growing
e3ce1477-b45f-43a1-99c6-73de03173d0a,2019,Japan,East Asia,Bangalore,Future Technologies,Medium,Retail,Data Scientist,Senior,True,"MLOps, reinforcement learning",0.45,"SQL, Communication, Python, Project Management, Software Engineering","MLOps, reinforcement learning",95050,12.98,0.37,True,High,12,Growing
39e3c640-5180-43a7-9377-21ff5e18bd97,2010,China,East Asia,Paris,NextGen Analytics,Enterprise,Tech,Policy Analyst,Junior,False,,0.03,"SQL, Software Engineering, Statistics, Research",Not Specified,50875,3.0,0.64,False,Medium,5,Emerging
f7772ddd-c468-4b95-af69-478dc349d857,2014,Taiwan,East Asia,Nairobi,Future Analytics,Enterprise,Tech,ML Engineer,Junior,True,"computer vision, MLOps, machine learning",0.81,"Python, Project Management, Data Analysis, SQL, Communication, Statistics","computer vision, MLOps, machine learning",73591,0.69,0.14,True,High,14,Emerging
9eecba7a-f59a-49d9-9ebf-3b5d072a5a12,2010,Canada,North America,Toronto,Prime Solutions,Small,Healthcare,Data Scientist,Executive,False,,0.08,"Cloud Computing, SQL, Statistics",Not Specified,67030,-2.0,0.74,False,Medium,12,Emerging
8bb6ccc2-7ffb-49a7-870f-1216fd500742,2011,Indonesia,Southeast Asia,Paris,Prime Analytics,Small,Retail,Product Manager,Senior,False,,0.15,"Communication, Data Analysis, Statistics, Business Analysis",Not Specified,30839,3.08,0.68,False,High,17,Emerging
6ea0a3ea-5429-4f09-a5b4-80b7a60c9a0a,2015,France,Europe,Sydney,Future Analytics,Startup,Agriculture,Policy Analyst,Executive,False,,0.02,"Business Analysis, Software Engineering, Communication, Statistics, Project Management",Not Specified,63169,-2.55,0.66,False,High,0,Emerging
490b5e60-2c5b-439f-a08e-4cebb72e95b6,2020,South Korea,East Asia,Singapore,NextGen Systems,Small,Agriculture,AI Researcher,Mid,False,,0.05,"SQL, Software Engineering, Statistics, Data Analysis",Not Specified,66796,-1.75,0.77,False,High,10,Growing
94ad8501-5853-49b2-80e7-f670688ad31c,2018,Poland,Europe,Paris,Prime Technologies,Large,Agriculture,Systems Engineer,Senior,False,,0.02,"SQL, Communication, Software Engineering, Project Management, Data Analysis",Not Specified,78547,2.06,0.69,False,Medium,7,Growing
a82cc9f8-527a-493b-92af-f501064de23b,2023,Jordan,Middle East,Lagos,Global Systems,Medium,Retail,Research Scientist,Junior,True,"MLOps, NLP, machine learning",0.74,"Research, Data Analysis, Python, Business Analysis, Software Engineering","MLOps, NLP, machine learning",95566,12.79,0.17,True,Medium,6,Growing
83ee5862-0ac5-4c7b-aeec-ac317c1556c4,2011,Peru,South America,Singapore,NextGen Analytics,Startup,Manufacturing,AI Researcher,Mid,False,,0.04,"Business Analysis, Software Engineering, SQL, Data Analysis, Communication, Statistics",Not Specified,33887,-4.95,0.85,False,Medium,13,Emerging
7a307c1d-3fb5-49db-9a87-338ca8c91a8c,2017,Canada,North America,Tokyo,Prime Solutions,Large,Healthcare,Research Scientist,Lead,True,"computer vision, NLP, reinforcement learning, MLOps",0.79,"SQL, Data Analysis, Statistics","computer vision, NLP, reinforcement learning, MLOps",118429,-4.52,0.2,True,Medium,14,Growing
eaa77c7b-5bc1-41e2-a830-1408d8d35d69,2011,Netherlands,Europe,Sao Paulo,NextGen Technologies,Startup,Healthcare,Data Scientist,Executive,False,,0.19,"Software Engineering, Statistics, Research, Cloud Computing, SQL, Python",Not Specified,70511,2.23,0.85,False,Low,12,Emerging
af85662e-d3ec-4ecf-8742-3a7b79f9ec36,2012,Bangladesh,South Asia,Singapore,NextGen Systems,Enterprise,Healthcare,Systems Engineer,Mid,False,,0.06,"Research, Project Management, Statistics, Software Engineering",Not Specified,18630,-1.93,0.83,False,High,15,Emerging
09fd2c78-58f8-45e0-a0b1-d35b1cefb2ed,2018,Mexico,North America,New York,Global Systems,Large,Tech,Software Engineer,Mid,True,"NLP, machine learning",0.59,"Software Engineering, Communication, Project Management, Business Analysis, Data Analysis","NLP, machine learning",116414,11.03,0.14,True,High,8,Growing
1f8ac400-ae95-4046-b770-25153af34165,2012,Morocco,Africa,Sydney,Future Systems,Enterprise,Manufacturing,AI Researcher,Mid,False,,0.03,"Software Engineering, Cloud Computing, SQL, Project Management, Research",Not Specified,21613,-0.32,0.75,False,Medium,11,Emerging
13dbc07f-1a17-4267-88ff-c7ce763fffd3,2020,Indonesia,Southeast Asia,Nairobi,Future Analytics,Small,Healthcare,Research Scientist,Mid,False,,0.11,"Statistics, Research, SQL, Communication, Project Management, Business Analysis",Not Specified,44460,-1.5,0.61,False,Low,4,Growing
853eb631-c5f6-46e8-864d-9a07f15fcff4,2010,Malaysia,Southeast Asia,Dubai,Global Analytics,Startup,Tech,Policy Analyst,Senior,False,,0.01,"Research, Statistics, Communication, Software Engineering",Not Specified,28948,0.73,0.79,False,Low,12,Emerging
767549ce-ac13-44f0-a4e4-b9dc59a99ec2,2012,Taiwan,East Asia,Sao Paulo,Global Analytics,Enterprise,Manufacturing,AI Researcher,Mid,False,,0.04,"Statistics, Research, Data Analysis, Project Management, Python, Cloud Computing",Not Specified,62981,4.73,0.8,False,Low,10,Emerging
d3c0706f-f9e2-4ce1-93ca-a42bbaa3af80,2020,Saudi Arabia,Middle East,Singapore,Future Analytics,Large,Healthcare,Product Manager,Senior,True,reinforcement learning,0.83,"Cloud Computing, Business Analysis, Statistics, Software Engineering, SQL",reinforcement learning,92270,15.48,0.14,True,Low,11,Growing
56a1dfbf-5096-40c4-a939-562bc7e1fb08,2018,Canada,North America,Seoul,Global Analytics,Enterprise,Tech,Data Scientist,Intern,False,,0.15,"Statistics, Research, SQL",Not Specified,90580,-2.71,0.64,False,Low,12,Growing
bc13f46a-9140-4a02-a5f2-7b2e3e2d24d9,2024,Mexico,North America,Bangalore,NextGen Systems,Medium,Retail,Data Scientist,Senior,True,"computer vision, deep learning",0.82,"Software Engineering, Project Management, Statistics, Business Analysis, Python","computer vision, deep learning",133651,8.0,0.25,True,Medium,9,Growing
39b9a229-45e8-4402-a091-d4b3fc7a20c1,2023,New Zealand,Oceania,New York,Prime Analytics,Large,Tech,Operations Manager,Senior,True,"MLOps, machine learning",0.52,"Software Engineering, Python, Project Management, Cloud Computing, Business Analysis","MLOps, machine learning",112533,10.33,0.26,True,Medium,4,Mature
7bdcc4ca-4177-46ac-95ff-59298dd761d8,2024,Kenya,Africa,New York,Prime Solutions,Large,Agriculture,Business Analyst,Lead,True,"LLMs, machine learning",0.48,"Cloud Computing, Research, Software Engineering, Business Analysis, Data Analysis","LLMs, machine learning",34105,11.27,0.35,True,Low,3,Growing
76fc66d8-b85c-40de-9ae1-d111d9507a49,2010,Peru,South America,Tokyo,Prime Analytics,Small,Manufacturing,Business Analyst,Junior,False,,0.19,"Statistics, Python, Software Engineering, Cloud Computing, Project Management",Not Specified,39247,0.29,0.6,False,High,16,Emerging
22d01c14-bfda-4b57-83fb-fcb862e08664,2022,Vietnam,Southeast Asia,London,Future Analytics,Small,Tech,Systems Engineer,Junior,True,"NLP, machine learning",0.54,"Research, Software Engineering, Communication, SQL","NLP, machine learning",49839,11.25,0.37,True,High,15,Mature
7f3f52f1-b6d3-42bb-aca2-af891f38ea14,2012,Morocco,Africa,Toronto,Prime Solutions,Small,Manufacturing,Business Analyst,Intern,False,,0.11,"Python, Project Management, Research, Business Analysis, SQL, Cloud Computing",Not Specified,20781,-3.26,0.85,False,High,16,Emerging
34cefcd1-fa64-4433-bdbc-77302bed8e63,2010,Canada,North America,New York,NextGen Technologies,Medium,Tech,Data Scientist,Intern,True,deep learning,0.69,"Statistics, Cloud Computing, Communication, Data Analysis, Python, Project Management",deep learning,92479,1.85,0.15,True,Medium,16,Emerging
9400f518-7983-4605-b355-6f6f93c9c2e1,2020,Canada,North America,Toronto,NextGen Technologies,Enterprise,Manufacturing,Policy Analyst,Junior,False,,0.16,"Research, Python, Business Analysis, Communication, Software Engineering, Data Analysis",Not Specified,82855,0.73,0.71,False,Medium,14,Growing
0cfd6c17-b7ca-42f0-b773-840500d84f07,2023,Ghana,Africa,Nairobi,Prime Analytics,Large,Healthcare,AI Researcher,Executive,True,computer vision,0.78,"Software Engineering, Communication, Data Analysis, Business Analysis, Research, Statistics",computer vision,31642,13.49,0.39,True,Low,9,Growing
86ac8bc7-65b6-43a0-998e-65d9baa6d024,2020,Morocco,Africa,Toronto,Global Solutions,Enterprise,Manufacturing,Systems Engineer,Executive,False,,0.1,"Project Management, Research, Python, Business Analysis, SQL",Not Specified,21046,4.74,0.71,False,High,18,Growing
29788145-aa8c-46fa-8d42-1b3df58e6ae9,2018,United States,North America,Sao Paulo,Global Systems,Startup,Agriculture,Research Scientist,Mid,False,,0.03,"Communication, SQL, Business Analysis",Not Specified,86042,3.64,0.89,False,High,11,Growing
0b70e620-352f-4880-94f8-9e00bcb8406f,2020,South Africa,Africa,Nairobi,Future Analytics,Medium,Agriculture,Systems Engineer,Executive,False,,0.06,"Software Engineering, SQL, Statistics, Research, Cloud Computing, Python",Not Specified,20998,0.39,0.67,False,Low,5,Growing
b6b7c5a1-ec84-40c0-9bb1-29e133807e72,2020,Morocco,Africa,Sydney,Prime Technologies,Medium,Retail,Data Scientist,Executive,False,,0.01,"Software Engineering, Statistics, Cloud Computing, Communication, SQL, Business Analysis",Not Specified,26355,-3.24,0.67,False,Low,9,Growing
317f5477-687f-4c3c-9394-dbae5a8ee8e2,2022,Morocco,Africa,Tokyo,Future Analytics,Medium,Tech,AI Researcher,Junior,True,"NLP, MLOps",0.95,"Project Management, Communication, Python","NLP, MLOps",32696,11.67,0.27,True,Medium,7,Mature
0c592951-4beb-4444-b4df-1ab4d4df1eec,2014,Canada,North America,Dubai,Prime Analytics,Medium,Tech,Software Engineer,Mid,False,,0.13,"Project Management, Business Analysis, Python, Cloud Computing",Not Specified,78422,-1.42,0.8,False,Low,18,Emerging
2b10f73a-f9a3-41a3-83f9-b4078e438cf9,2017,Vietnam,Southeast Asia,Sydney,Prime Systems,Enterprise,Tech,Business Analyst,Senior,True,"MLOps, computer vision, NLP, machine learning",0.75,"Cloud Computing, Python, Business Analysis, Project Management, Communication, Statistics","MLOps, computer vision, NLP, machine learning",48482,-2.16,0.26,True,High,13,Growing
66f16406-a859-45f9-872e-44a66d4178c0,2012,Malaysia,Southeast Asia,Singapore,Future Analytics,Medium,Agriculture,AI Researcher,Mid,False,,0.18,"SQL, Research, Python, Statistics",Not Specified,27831,-1.96,0.73,False,High,14,Emerging
9a38fba0-046a-42ce-92db-58d1cba57339,2014,Ghana,Africa,New York,NextGen Systems,Startup,Tech,Systems Engineer,Senior,True,"computer vision, NLP, deep learning",0.53,"SQL, Data Analysis, Business Analysis, Python, Research, Statistics","computer vision, NLP, deep learning",27967,-0.23,0.34,True,High,15,Emerging
688dd636-0e5c-46a4-a2de-a7e49e187dba,2013,United Kingdom,Europe,New York,Global Solutions,Medium,Healthcare,Business Analyst,Lead,False,,0.03,"Research, Python, Project Management",Not Specified,62946,3.18,0.7,False,High,15,Emerging
b0b5d784-afee-476c-9422-3aa9faef5e5e,2017,Taiwan,East Asia,Nairobi,Future Technologies,Enterprise,Agriculture,Policy Analyst,Junior,False,,0.06,"Python, Communication, SQL",Not Specified,58512,-2.85,0.66,False,Medium,7,Growing
61dc9260-1ab4-4373-a04c-1c33ed0c9d8d,2014,Japan,East Asia,New York,NextGen Technologies,Small,Retail,Business Analyst,Intern,False,,0.07,"Business Analysis, Software Engineering, Research, Communication, Python",Not Specified,59829,-4.96,0.64,False,Low,11,Emerging
a25f5d7b-ec97-4990-b546-2fbd727001ee,2011,Chile,South America,New York,Future Systems,Startup,Manufacturing,Systems Engineer,Senior,False,,0.17,"Python, Research, SQL, Business Analysis, Software Engineering, Statistics",Not Specified,32437,3.62,0.86,False,High,4,Emerging
f8f50401-43e4-4cc6-9070-de6bd4f91b60,2019,Vietnam,Southeast Asia,Singapore,NextGen Analytics,Large,Manufacturing,Systems Engineer,Lead,False,,0.01,"Research, Cloud Computing, Communication, Data Analysis, SQL",Not Specified,38750,3.0,0.72,False,Low,4,Growing
6359c618-5570-4d8c-b8af-9d84ee9cc3ad,2014,Italy,Europe,Toronto,Global Solutions,Enterprise,Manufacturing,Product Manager,Intern,False,,0.08,"SQL, Communication, Python, Statistics",Not Specified,71719,-2.56,0.74,False,Low,12,Emerging
10bdf7fc-a5a2-4b91-a1d2-501fc0d0a195,2010,Vietnam,Southeast Asia,New York,Prime Analytics,Medium,Manufacturing,Software Engineer,Mid,False,,0.1,"Research, Project Management, SQL, Python, Software Engineering, Business Analysis",Not Specified,29226,0.73,0.68,False,Medium,11,Emerging
4aba8eec-27ea-418d-9ba7-6dfea53c23b3,2011,China,East Asia,Seoul,Prime Analytics,Enterprise,Manufacturing,Business Analyst,Junior,True,NLP,0.56,"Project Management, Research, Cloud Computing, Statistics",NLP,69462,4.72,0.21,True,High,13,Emerging
bc5e8cc2-5d02-41b5-8e95-218f7d3fcbab,2025,Bangladesh,South Asia,Sydney,Prime Technologies,Small,Tech,Product Manager,Mid,True,"LLMs, generative AI",0.47,"Communication, Python, Statistics, Research","LLMs, generative AI",42982,17.77,0.32,True,High,5,Mature
95847eb4-bec2-44e5-a79c-21c556c81c45,2010,China,East Asia,Seoul,Future Analytics,Startup,Tech,Software Engineer,Senior,False,,0.16,"Communication, Software Engineering, Project Management",Not Specified,48582,2.71,0.62,False,High,8,Emerging
67c0ec12-dac7-42b3-9d20-a3385a82030a,2012,Jordan,Middle East,Nairobi,NextGen Solutions,Startup,Healthcare,Systems Engineer,Lead,False,,0.0,"Research, Business Analysis, Software Engineering",Not Specified,55744,0.56,0.64,False,Low,6,Emerging
ac4f2d22-5acc-429f-af36-249ac56985cb,2011,Nigeria,Africa,Tokyo,Prime Solutions,Medium,Manufacturing,Product Manager,Executive,False,,0.1,"SQL, Data Analysis, Research, Python, Cloud Computing, Statistics",Not Specified,20703,4.79,0.88,False,Low,4,Emerging
c1f0ae6e-45d7-43c3-b7b3-76759680638b,2018,Egypt,Africa,Bangalore,Future Technologies,Small,Retail,Systems Engineer,Executive,False,,0.06,"Research, SQL, Communication, Python, Data Analysis, Software Engineering",Not Specified,25045,-0.86,0.68,False,Low,1,Growing
25f2318c-76e9-4ece-ae63-df34ce403f75,2010,South Korea,East Asia,Dubai,Global Analytics,Startup,Agriculture,ML Engineer,Senior,False,,0.1,"Communication, Python, Data Analysis, Software Engineering, Cloud Computing, Research",Not Specified,48155,-1.66,0.81,False,High,4,Emerging
6cad61ac-8720-46ef-a693-b275155ac1d4,2014,Nigeria,Africa,Seoul,NextGen Systems,Medium,Healthcare,Data Scientist,Senior,False,,0.11,"SQL, Data Analysis, Software Engineering, Communication",Not Specified,20228,-2.77,0.87,False,High,13,Emerging
0223b7e9-af9f-465a-ab8d-97e976272149,2021,Bangladesh,South Asia,Toronto,Future Systems,Small,Healthcare,Systems Engineer,Executive,True,"machine learning, reinforcement learning",0.74,"Software Engineering, Business Analysis, Project Management, Statistics","machine learning, reinforcement learning",41093,12.16,0.14,True,Medium,10,Growing
99a4ba7b-205e-4b96-b5df-080b086080c6,2020,Argentina,South America,Bangalore,Future Technologies,Medium,Retail,ML Engineer,Senior,True,machine learning,0.93,"Project Management, Python, Research, SQL",machine learning,71057,5.42,0.13,True,Medium,0,Growing
5c4a32c7-0d9c-427b-b046-15507c0f4e62,2010,Japan,East Asia,Nairobi,Prime Analytics,Medium,Healthcare,Software Engineer,Executive,False,,0.07,"SQL, Statistics, Data Analysis, Research",Not Specified,51994,-4.82,0.78,False,Medium,11,Emerging
cfa19f9e-5dbc-43d2-aafb-8a6134113d04,2015,Spain,Europe,Toronto,Future Technologies,Enterprise,Healthcare,Product Manager,Mid,False,,0.06,"Cloud Computing, Software Engineering, Business Analysis",Not Specified,75985,-3.07,0.74,False,Low,10,Emerging
a4528bbe-1fdd-47ce-9376-883a4340b7f5,2021,Ghana,Africa,Lagos,NextGen Analytics,Startup,Tech,Data Scientist,Junior,True,"NLP, MLOps, reinforcement learning",0.58,"Software Engineering, Cloud Computing, Python","NLP, MLOps, reinforcement learning",35384,15.85,0.24,True,Low,0,Growing
9e2ebc0c-d5ce-4fee-aa07-f80ba7c0bf76,2010,Colombia,South America,New York,Global Solutions,Enterprise,Agriculture,ML Engineer,Junior,False,,0.17,"Project Management, Communication, Business Analysis",Not Specified,39913,0.7,0.87,False,High,16,Emerging
7dfec671-5bee-4c3f-8896-3e0ac50a9641,2010,China,East Asia,Dubai,NextGen Systems,Small,Agriculture,Operations Manager,Mid,False,,0.09,"SQL, Communication, Project Management, Statistics, Cloud Computing, Business Analysis",Not Specified,59097,-3.7,0.75,False,High,15,Emerging
b09454f1-45bf-4685-a83a-b77486e45817,2013,Poland,Europe,Toronto,Future Technologies,Large,Retail,Policy Analyst,Mid,False,,0.18,"Research, SQL, Cloud Computing, Business Analysis, Communication, Software Engineering",Not Specified,72390,-2.8,0.76,False,Medium,12,Emerging
7d496db5-eb82-4a30-b3d9-b538e472f55d,2010,Nigeria,Africa,Bangalore,Future Solutions,Large,Tech,Software Engineer,Intern,True,"MLOps, reinforcement learning, NLP",0.83,"Business Analysis, Data Analysis, Communication, SQL, Project Management, Research","MLOps, reinforcement learning, NLP",23783,1.84,0.29,True,Medium,7,Emerging
cbadb1aa-4dda-4e37-a7a1-d990947aa2ef,2012,Spain,Europe,Nairobi,Global Solutions,Large,Healthcare,Research Scientist,Senior,False,,0.03,"Cloud Computing, Python, Project Management, SQL",Not Specified,58598,1.94,0.81,False,Low,7,Emerging
95f90ec1-22bd-4a1c-b609-ed3ab33c9469,2021,Israel,Middle East,Sao Paulo,Global Technologies,Large,Manufacturing,Operations Manager,Executive,False,,0.02,"Business Analysis, Statistics, Python",Not Specified,59719,0.51,0.67,False,Medium,12,Growing
39d9df56-20a1-4d41-8529-81bea6b3b8fb,2015,Argentina,South America,Sydney,Future Technologies,Enterprise,Healthcare,Data Scientist,Mid,False,,0.13,"Statistics, Communication, Research, Cloud Computing, Data Analysis",Not Specified,41847,-1.35,0.69,False,Low,4,Emerging
9d8d4e6d-0ce1-4f9a-985f-a958f9cb535c,2024,Saudi Arabia,Middle East,Berlin,Global Analytics,Medium,Tech,AI Researcher,Junior,True,"reinforcement learning, generative AI, LLMs",0.69,"Research, Python, SQL, Software Engineering","reinforcement learning, generative AI, LLMs",97757,7.16,0.26,True,Medium,18,Mature
ac14463e-75e4-4669-9370-5af638544f93,2019,Australia,Oceania,Toronto,Prime Systems,Large,Manufacturing,Research Scientist,Senior,False,,0.07,"Business Analysis, Cloud Computing, Software Engineering",Not Specified,84521,-3.63,0.86,False,Low,8,Growing
f96a0cbc-1583-4f20-8ba6-69f444df66b3,2024,Argentina,South America,London,Prime Solutions,Enterprise,Healthcare,Software Engineer,Senior,True,"machine learning, MLOps, LLMs, deep learning",0.68,"Python, Statistics, Project Management","machine learning, MLOps, LLMs, deep learning",79785,16.62,0.31,True,Medium,2,Growing
b8c5bad9-e5f6-46ce-9fbe-cff0ddf2627f,2011,New Zealand,Oceania,Seoul,Prime Analytics,Large,Retail,Business Analyst,Senior,False,,0.08,"SQL, Data Analysis, Software Engineering, Cloud Computing, Business Analysis",Not Specified,67257,2.95,0.62,False,Low,3,Emerging
bdf2242d-ca9f-46e2-8340-31d7074cdd03,2014,Italy,Europe,New York,Global Systems,Medium,Agriculture,Research Scientist,Lead,False,,0.07,"Research, Python, Software Engineering, Communication, Statistics",Not Specified,70943,-4.17,0.72,False,Low,15,Emerging
010a030b-2519-4c77-b35a-1203006108cf,2012,Qatar,Middle East,Sao Paulo,Prime Systems,Medium,Tech,Software Engineer,Senior,False,,0.02,"Python, Data Analysis, Communication, Research, Software Engineering",Not Specified,59779,0.71,0.6,False,Low,11,Emerging
b0ba7987-0338-4277-88eb-f6ec37827232,2025,Jordan,Middle East,Dubai,Prime Solutions,Small,Healthcare,Research Scientist,Lead,False,,0.12,"Cloud Computing, Software Engineering, Statistics, Research, SQL, Communication",Not Specified,62337,-4.88,0.8,False,Medium,10,Growing
bd038616-f702-40dc-995e-251d7a6799c2,2019,Philippines,Southeast Asia,Sao Paulo,NextGen Systems,Small,Manufacturing,Business Analyst,Intern,False,,0.08,"Cloud Computing, SQL, Statistics, Business Analysis, Software Engineering, Research",Not Specified,40136,1.16,0.82,False,Medium,9,Growing
890f7c69-6619-44c9-b16b-4f35f6906392,2015,Bangladesh,South Asia,Seoul,Future Analytics,Large,Agriculture,Business Analyst,Lead,False,,0.11,"Software Engineering, Cloud Computing, Business Analysis, Python, Data Analysis",Not Specified,20253,1.1,0.89,False,Low,18,Emerging
f0163399-bc58-4c04-a8fa-7d94c13536f0,2023,Taiwan,East Asia,London,NextGen Solutions,Enterprise,Agriculture,Data Scientist,Intern,True,"reinforcement learning, computer vision, NLP, generative AI",0.55,"Communication, Project Management, Business Analysis, Python","reinforcement learning, computer vision, NLP, generative AI",107438,16.49,0.33,True,High,10,Growing
46808306-b175-47b3-9e73-8703b6a780d2,2024,Japan,East Asia,New York,Global Technologies,Startup,Retail,Business Analyst,Lead,False,,0.12,"Cloud Computing, Software Engineering, Project Management, Research, Statistics",Not Specified,72269,3.96,0.75,False,High,11,Growing
2634b2a7-b1d4-4f54-b9f8-9d0c017acd17,2012,China,East Asia,New York,Prime Systems,Large,Retail,Systems Engineer,Mid,False,,0.08,"Research, Python, Statistics, SQL, Communication",Not Specified,61889,2.01,0.67,False,Medium,1,Emerging
bfd7a423-6994-4ad6-854f-b8b11ded9ba0,2024,France,Europe,Toronto,Global Analytics,Small,Manufacturing,ML Engineer,Mid,True,"reinforcement learning, generative AI",0.5,"Software Engineering, Statistics, Business Analysis, SQL, Python","reinforcement learning, generative AI",133055,13.46,0.33,True,Low,4,Growing
dc0f4589-c0e7-4097-8774-be8a287ea809,2020,Sri Lanka,South Asia,Singapore,NextGen Systems,Startup,Manufacturing,ML Engineer,Executive,False,,0.01,"Business Analysis, Python, Statistics, Communication, Cloud Computing, Data Analysis",Not Specified,27002,0.51,0.76,False,Medium,18,Growing
8f1bb9ed-af75-48cf-a283-598d4c5012a4,2015,New Zealand,Oceania,New York,Future Technologies,Enterprise,Agriculture,Data Scientist,Junior,False,,0.2,"Project Management, Data Analysis, Software Engineering",Not Specified,82390,4.9,0.73,False,Low,5,Emerging
d6d7e62d-a750-4f83-9575-6fae4c865692,2015,Morocco,Africa,Toronto,Prime Analytics,Small,Tech,ML Engineer,Senior,False,,0.19,"Data Analysis, Software Engineering, Communication, Cloud Computing, Project Management",Not Specified,20842,4.8,0.64,False,High,12,Emerging
831ca6e4-e85a-438b-b859-4f11f3548162,2017,Mexico,North America,London,Global Analytics,Startup,Healthcare,ML Engineer,Executive,False,,0.18,"Project Management, Cloud Computing, Statistics, Business Analysis",Not Specified,83399,-2.74,0.68,False,High,11,Growing
b2125464-6d23-4031-92e6-db07de2fb398,2019,Singapore,Southeast Asia,Lagos,NextGen Analytics,Medium,Healthcare,Operations Manager,Executive,True,"NLP, reinforcement learning",0.59,"Cloud Computing, SQL, Research","NLP, reinforcement learning",59872,11.78,0.32,True,Medium,15,Growing
d5af33c0-14d4-4743-9e9a-7c9e625cdb64,2015,South Africa,Africa,Paris,Prime Analytics,Enterprise,Healthcare,Data Scientist,Intern,False,,0.19,"Data Analysis, Project Management, Cloud Computing, Communication, Software Engineering, Statistics",Not Specified,18607,0.44,0.7,False,High,8,Emerging
4bd7a82e-dea9-4002-b019-4e0b9cbf8184,2018,Sweden,Europe,Dubai,Global Systems,Large,Tech,AI Researcher,Executive,True,"deep learning, machine learning, MLOps",0.47,"SQL, Business Analysis, Data Analysis, Cloud Computing, Communication, Statistics","deep learning, machine learning, MLOps",110984,7.93,0.39,True,Medium,13,Growing
d9e1990e-f365-45df-a160-9edfa28185ad,2020,Australia,Oceania,Tokyo,Future Analytics,Startup,Agriculture,Operations Manager,Intern,True,deep learning,0.6,"Software Engineering, Communication, Data Analysis, Cloud Computing",deep learning,108308,10.94,0.35,True,Medium,2,Growing
79f390bc-75ea-4181-ad1c-54eedb401f52,2017,UAE,Middle East,New York,Prime Technologies,Small,Retail,Software Engineer,Senior,False,,0.03,"SQL, Communication, Data Analysis, Python, Software Engineering",Not Specified,66911,3.97,0.64,False,Medium,15,Growing
cd82e731-42b9-4380-aee4-cc924e244fd4,2020,Israel,Middle East,Nairobi,Future Analytics,Startup,Healthcare,AI Researcher,Intern,False,,0.01,"Cloud Computing, Python, Project Management, Business Analysis",Not Specified,70983,-3.64,0.79,False,High,11,Growing
7237aa5b-1b12-4ce5-afa9-d060b0781861,2012,South Africa,Africa,Nairobi,Prime Technologies,Medium,Healthcare,Business Analyst,Executive,False,,0.06,"Communication, Cloud Computing, SQL",Not Specified,20435,-3.27,0.66,False,Low,2,Emerging
87612402-cfbc-4c09-b2b0-4fe735710b31,2021,Australia,Oceania,Seoul,Prime Solutions,Medium,Healthcare,Software Engineer,Junior,False,,0.06,"Data Analysis, Statistics, Cloud Computing, Project Management",Not Specified,88218,2.07,0.68,False,Low,2,Growing
1e0bdf19-6a41-4983-b70e-f86a00b898f3,2014,Malaysia,Southeast Asia,Sao Paulo,Prime Systems,Large,Retail,Software Engineer,Executive,True,computer vision,0.82,"Statistics, Software Engineering, Python",computer vision,42932,-1.06,0.35,True,Low,18,Emerging
3f92d2b4-78bc-4044-a6e5-e59ed6f426a1,2010,Chile,South America,Tokyo,NextGen Technologies,Enterprise,Tech,Business Analyst,Junior,False,,0.18,"Business Analysis, Statistics, Software Engineering",Not Specified,32630,-4.51,0.73,False,Medium,9,Emerging
4f52aad6-d321-483d-a904-ded4c1028252,2023,Peru,South America,Paris,NextGen Analytics,Small,Tech,AI Researcher,Senior,False,,0.1,"Data Analysis, Project Management, Python, Software Engineering",Not Specified,43762,2.51,0.73,False,Medium,7,Mature
af0214be-548f-4614-8e92-2e04c7c20152,2024,South Korea,East Asia,London,NextGen Systems,Enterprise,Retail,Systems Engineer,Junior,True,"LLMs, reinforcement learning, computer vision, generative AI",0.92,"Software Engineering, Statistics, Research","LLMs, reinforcement learning, computer vision, generative AI",101656,10.11,0.25,True,Low,18,Growing
c5ada747-0b27-4ace-867d-25acb1914c5d,2022,Thailand,Southeast Asia,Toronto,NextGen Systems,Startup,Tech,Business Analyst,Executive,True,"machine learning, LLMs, reinforcement learning",0.46,"Business Analysis, SQL, Research, Project Management","machine learning, LLMs, reinforcement learning",61853,8.29,0.12,True,High,12,Mature
5e132492-45f4-4e1d-90db-25d6d1bdd459,2023,Peru,South America,Lagos,Global Analytics,Small,Healthcare,AI Researcher,Senior,True,"computer vision, LLMs",0.61,"Research, Statistics, Python, Cloud Computing","computer vision, LLMs",69888,16.79,0.31,True,Medium,14,Growing
9a029683-ce09-4949-a0ca-131ab293f2a7,2016,Mexico,North America,New York,Global Systems,Startup,Manufacturing,AI Researcher,Senior,False,,0.12,"Python, Project Management, Cloud Computing, Business Analysis, Software Engineering",Not Specified,72317,1.83,0.87,False,High,8,Emerging
59ac19cd-7ed1-4736-90cd-3786895d5db9,2025,Japan,East Asia,Lagos,Global Analytics,Small,Retail,AI Researcher,Mid,True,deep learning,0.63,"Software Engineering, Cloud Computing, Statistics, Research, SQL",deep learning,126060,16.56,0.37,True,Low,10,Growing
5abc3552-bbb8-4736-9471-e34bf7d3024c,2016,Colombia,South America,London,Global Systems,Small,Agriculture,Software Engineer,Senior,False,,0.08,"Software Engineering, Research, SQL",Not Specified,46373,0.14,0.75,False,Low,19,Emerging
fdf57fdd-6774-4eb4-8a2b-e56fcfe1b0d6,2019,Taiwan,East Asia,Toronto,Future Solutions,Large,Agriculture,Product Manager,Senior,False,,0.19,"Software Engineering, Data Analysis, Business Analysis, Project Management, Communication",Not Specified,63060,-0.9,0.62,False,Medium,8,Growing
3a3f7834-65c7-443c-88b3-3c0b0b18839a,2015,Peru,South America,Nairobi,Global Technologies,Startup,Agriculture,Business Analyst,Mid,False,,0.12,"Data Analysis, Python, Communication, Project Management",Not Specified,40230,0.77,0.6,False,Low,12,Emerging
a110581a-792d-4656-b625-726fd538d4ee,2016,Nigeria,Africa,Toronto,NextGen Technologies,Large,Healthcare,Data Scientist,Lead,False,,0.18,"Software Engineering, Cloud Computing, Python",Not Specified,20254,4.53,0.71,False,High,12,Emerging
c23bb393-21ea-4a2d-abca-6c2afeeb5e41,2024,Vietnam,Southeast Asia,Paris,Future Analytics,Small,Agriculture,Product Manager,Mid,False,,0.02,"Python, Data Analysis, Statistics",Not Specified,40967,-2.62,0.63,False,Low,12,Growing
ae529640-8b3e-419f-a7b7-617e68751de4,2022,Taiwan,East Asia,Sao Paulo,Prime Technologies,Large,Tech,ML Engineer,Lead,True,"LLMs, computer vision",0.63,"Communication, SQL, Python, Research, Cloud Computing","LLMs, computer vision",91953,8.87,0.27,True,Medium,5,Mature
7b3d3655-9c7d-4b6f-8b99-c8c045f4058a,2015,Morocco,Africa,Sydney,Prime Systems,Small,Healthcare,Software Engineer,Lead,False,,0.1,"Python, Communication, Cloud Computing",Not Specified,19258,-2.86,0.89,False,High,16,Emerging
eb6d9a21-6f37-42c3-ab05-5193c60b6332,2017,Indonesia,Southeast Asia,Singapore,NextGen Systems,Large,Agriculture,Product Manager,Senior,False,,0.18,"Statistics, SQL, Project Management, Software Engineering, Cloud Computing, Data Analysis",Not Specified,38959,2.86,0.88,False,High,14,Growing
e1b2365f-1447-4da6-a31a-0848f4247e1b,2022,South Korea,East Asia,Dubai,Future Technologies,Medium,Healthcare,Software Engineer,Junior,False,,0.06,"Statistics, Business Analysis, Python",Not Specified,83211,-1.42,0.76,False,Low,16,Growing
4b392042-b2a6-4e75-9f0f-8bdb567db1cc,2010,Singapore,Southeast Asia,Tokyo,Prime Analytics,Enterprise,Agriculture,Business Analyst,Senior,True,"NLP, computer vision, reinforcement learning",0.61,"Software Engineering, Business Analysis, SQL, Statistics, Research","NLP, computer vision, reinforcement learning",35708,-2.0,0.34,True,Low,13,Emerging
9a20af58-26e4-4cb1-bfff-27e0125374e5,2016,South Africa,Africa,Tokyo,Future Solutions,Small,Retail,Data Scientist,Intern,False,,0.08,"Communication, Statistics, Software Engineering, SQL",Not Specified,22610,-0.99,0.63,False,High,0,Emerging
7fd29b1d-4ab8-4055-9e8b-980136d6aeea,2012,Brazil,South America,Paris,Global Analytics,Medium,Healthcare,Software Engineer,Lead,False,,0.17,"Communication, SQL, Project Management, Software Engineering, Statistics",Not Specified,32588,0.42,0.87,False,High,11,Emerging
703aa22e-3abb-4a1e-a07f-44738d9f2f4e,2012,Philippines,Southeast Asia,London,NextGen Technologies,Startup,Healthcare,Research Scientist,Lead,False,,0.09,"Project Management, Python, Data Analysis, Software Engineering",Not Specified,34962,-4.37,0.62,False,Medium,18,Emerging
e5078333-811b-4698-9760-487ff27ad7a1,2014,New Zealand,Oceania,Sydney,Global Systems,Large,Tech,Research Scientist,Executive,False,,0.04,"SQL, Business Analysis, Python, Data Analysis, Research, Software Engineering",Not Specified,79149,3.16,0.7,False,Medium,5,Emerging
a705aba5-b690-4925-ad9a-c65b5cf20953,2014,Brazil,South America,Lagos,Global Solutions,Small,Tech,Business Analyst,Executive,False,,0.0,"Python, Research, SQL, Statistics, Cloud Computing, Project Management",Not Specified,34760,2.86,0.83,False,Low,8,Emerging
e45992b9-2036-4528-8dd0-6d25b6b12e70,2017,Mexico,North America,New York,Future Systems,Large,Manufacturing,Systems Engineer,Junior,False,,0.05,"Cloud Computing, Statistics, Business Analysis, Project Management, Communication, Research",Not Specified,86378,-1.48,0.85,False,Low,19,Growing
f1e30976-808e-437d-a70b-d01bb89441aa,2012,Taiwan,East Asia,Sao Paulo,Prime Systems,Small,Retail,Operations Manager,Mid,False,,0.08,"Research, Statistics, Python, SQL, Communication, Project Management",Not Specified,64538,-2.14,0.64,False,Low,19,Emerging
e79f7124-a8ed-4273-a573-ada5576f887a,2019,Philippines,Southeast Asia,Tokyo,Future Technologies,Small,Tech,Product Manager,Executive,True,"computer vision, deep learning, MLOps",0.45,"Python, Communication, Statistics, Software Engineering, Cloud Computing, Business Analysis","computer vision, deep learning, MLOps",60345,9.19,0.18,True,Medium,19,Growing
f00d6817-b12e-4894-9a76-a6c894f09e7d,2024,China,East Asia,Tokyo,Future Technologies,Startup,Healthcare,Software Engineer,Junior,True,generative AI,0.82,"Research, Cloud Computing, Statistics",generative AI,93209,9.68,0.32,True,Medium,0,Growing
440ba76b-d63e-4a9c-8251-a2e698ca1484,2017,Nepal,South Asia,Berlin,Future Solutions,Small,Manufacturing,AI Researcher,Executive,False,,0.03,"Cloud Computing, SQL, Communication",Not Specified,25781,-3.76,0.78,False,Low,17,Growing
c4160463-bec9-4ac8-957a-15e1b7d52f0a,2017,Vietnam,Southeast Asia,Berlin,Future Systems,Small,Manufacturing,ML Engineer,Intern,False,,0.13,"Business Analysis, Research, Data Analysis",Not Specified,40394,-0.18,0.83,False,Low,2,Growing
da12ed8f-012a-49e4-9406-cb485a16e16a,2012,Egypt,Africa,Bangalore,NextGen Analytics,Startup,Agriculture,Product Manager,Senior,False,,0.19,"Project Management, Statistics, Research, Cloud Computing, Communication, Software Engineering",Not Specified,20820,0.67,0.65,False,Medium,11,Emerging
d9af8382-43b2-4785-b48e-291cdc467bfc,2016,Sweden,Europe,Sao Paulo,NextGen Solutions,Enterprise,Manufacturing,Business Analyst,Mid,False,,0.11,"Data Analysis, Statistics, Project Management, Communication",Not Specified,64330,2.57,0.75,False,Low,2,Emerging
45cc54fa-844d-428b-a442-87e3ea84e341,2015,Vietnam,Southeast Asia,Paris,NextGen Analytics,Startup,Agriculture,ML Engineer,Intern,False,,0.2,"Software Engineering, Business Analysis, Communication, Project Management, Research",Not Specified,31930,-1.34,0.77,False,Medium,1,Emerging
44ac3dbc-b297-49c3-b28c-e4d27a94f69c,2025,Australia,Oceania,Sao Paulo,Prime Solutions,Medium,Manufacturing,AI Researcher,Intern,False,,0.17,"Business Analysis, Research, Statistics, Cloud Computing",Not Specified,92744,2.23,0.64,False,Low,3,Growing
7cbc83f7-06fd-4766-a735-cd14d6dbfbb4,2022,Pakistan,South Asia,Bangalore,Future Technologies,Startup,Healthcare,Data Scientist,Executive,False,,0.01,"Python, Business Analysis, SQL",Not Specified,29985,2.12,0.88,False,Medium,9,Growing
91d22d1e-ece7-4697-be63-8b6964b9f22e,2022,Pakistan,South Asia,Dubai,Prime Systems,Medium,Manufacturing,Software Engineer,Executive,False,,0.06,"Project Management, Communication, Research, Data Analysis, Cloud Computing",Not Specified,30721,-2.86,0.78,False,Medium,5,Growing
bece8f2f-cd09-4ce3-bebe-68efc5aadd82,2022,Colombia,South America,Berlin,Prime Solutions,Small,Tech,Research Scientist,Intern,True,"reinforcement learning, LLMs",0.54,"Project Management, SQL, Data Analysis, Research","reinforcement learning, LLMs",65767,17.71,0.17,True,Low,7,Mature
d9638491-c1c0-46e6-9399-fccf534e45f3,2015,Saudi Arabia,Middle East,Singapore,Prime Systems,Medium,Tech,Product Manager,Mid,False,,0.08,"Communication, Project Management, Data Analysis, Business Analysis, Research, Statistics",Not Specified,58636,4.81,0.87,False,Low,3,Emerging
fcb0f8a9-4cfe-40d3-a0a8-6987e5679d5c,2025,New Zealand,Oceania,Toronto,Global Technologies,Small,Manufacturing,Systems Engineer,Junior,False,,0.18,"Software Engineering, Business Analysis, Communication, Statistics",Not Specified,108185,-0.89,0.68,False,Medium,11,Growing
0e888ea7-ddf7-4522-9291-aa96051940cb,2020,South Korea,East Asia,Toronto,Global Solutions,Large,Agriculture,Product Manager,Executive,False,,0.08,"Cloud Computing, Software Engineering, Communication, Business Analysis",Not Specified,74052,3.19,0.79,False,Medium,1,Growing
15283c64-feed-4180-98e3-e69229a6cb70,2010,Italy,Europe,Seoul,Prime Solutions,Small,Retail,AI Researcher,Executive,False,,0.03,"Statistics, Python, Project Management, Software Engineering, Data Analysis",Not Specified,62654,0.59,0.68,False,Medium,17,Emerging
22c5a4c5-1444-45f4-949f-b550c10085e6,2010,Canada,North America,Berlin,Global Technologies,Small,Retail,Systems Engineer,Lead,False,,0.04,"Cloud Computing, Research, Python, Statistics, Data Analysis, Software Engineering",Not Specified,70707,4.25,0.77,False,Medium,7,Emerging
9d404626-a5ac-41cb-87fc-6e713ab3ae5f,2011,Indonesia,Southeast Asia,Bangalore,Global Solutions,Startup,Manufacturing,Software Engineer,Intern,False,,0.14,"Business Analysis, Statistics, Project Management, Communication",Not Specified,29846,-3.23,0.9,False,High,14,Emerging
6ea98da2-7def-4295-bfcc-d47225b81203,2016,Japan,East Asia,Sydney,Prime Systems,Large,Manufacturing,AI Researcher,Junior,False,,0.13,"Software Engineering, Project Management, Communication, Data Analysis",Not Specified,60353,4.83,0.84,False,Low,10,Emerging
64d09ef8-952c-4370-8cec-d28fee117b38,2023,Indonesia,Southeast Asia,Berlin,Global Systems,Medium,Retail,AI Researcher,Intern,False,,0.0,"Research, Communication, Project Management, Business Analysis, Statistics, Software Engineering",Not Specified,39086,-2.38,0.64,False,Medium,7,Growing
60c4f2b2-ee31-4903-b12a-81cfd94db882,2025,Colombia,South America,New York,Future Technologies,Medium,Agriculture,Data Scientist,Junior,False,,0.1,"Python, Software Engineering, Statistics, Project Management",Not Specified,47202,-2.39,0.68,False,Low,10,Growing
d802b03a-f100-4a55-bc70-78413a095f0f,2018,Chile,South America,Sao Paulo,Future Technologies,Small,Tech,Software Engineer,Lead,False,,0.04,"Python, Communication, Cloud Computing, SQL, Business Analysis",Not Specified,39016,-3.83,0.86,False,Low,17,Growing
8ee37aa9-e508-471a-bc89-93abafb5cef7,2022,United Kingdom,Europe,Dubai,NextGen Systems,Small,Agriculture,Product Manager,Mid,False,,0.01,"Software Engineering, Project Management, Statistics, Research, Business Analysis",Not Specified,82293,-3.76,0.81,False,High,14,Growing
38ab3c04-27bb-44fe-a5e2-452734f927aa,2014,Ghana,Africa,Paris,NextGen Analytics,Medium,Manufacturing,ML Engineer,Executive,False,,0.07,"Research, Data Analysis, Business Analysis, Communication",Not Specified,20318,-3.95,0.86,False,Low,18,Emerging
5d9dc5ec-181e-41bc-a643-188031de7f06,2020,India,South Asia,Lagos,Global Solutions,Medium,Healthcare,Product Manager,Lead,False,,0.09,"Project Management, Python, SQL",Not Specified,25366,0.28,0.76,False,High,13,Growing
661c1f48-0537-49f3-a328-bba753734c42,2018,Bangladesh,South Asia,New York,NextGen Solutions,Large,Agriculture,Business Analyst,Senior,True,"machine learning, NLP, MLOps",0.72,"Python, Project Management, Statistics, Communication, Research","machine learning, NLP, MLOps",30711,14.27,0.2,True,Medium,19,Growing
e2416b16-097c-429a-9f69-934f94900ecd,2016,Japan,East Asia,New York,NextGen Analytics,Large,Retail,Systems Engineer,Senior,False,,0.1,"Communication, Python, Business Analysis, Data Analysis, Research",Not Specified,58164,-1.36,0.67,False,Low,4,Emerging
1d67c0ac-9a30-44ef-bc23-929baddbaa29,2023,Bangladesh,South Asia,Nairobi,Prime Analytics,Startup,Healthcare,Policy Analyst,Intern,True,"computer vision, NLP",0.84,"Python, Cloud Computing, SQL, Communication, Research","computer vision, NLP",43914,11.29,0.39,True,Medium,1,Growing
95ba9f7f-e858-41ef-a57a-650d6a80dd54,2018,Japan,East Asia,Nairobi,Prime Analytics,Startup,Healthcare,Business Analyst,Senior,False,,0.06,"Data Analysis, Business Analysis, Cloud Computing, Communication, Python",Not Specified,72278,-3.14,0.66,False,Medium,14,Growing
b16d037e-7a7e-47e2-a569-7ca6755d363d,2016,Qatar,Middle East,Tokyo,Future Systems,Small,Retail,ML Engineer,Executive,False,,0.07,"Communication, Python, Business Analysis, Data Analysis, Cloud Computing, Project Management",Not Specified,64453,-0.97,0.8,False,Medium,13,Emerging
d5c9246c-2de9-4150-a8bc-021c93cbf3b8,2013,Australia,Oceania,Sao Paulo,NextGen Solutions,Small,Agriculture,Systems Engineer,Lead,False,,0.12,"Data Analysis, Communication, Python, SQL, Project Management, Business Analysis",Not Specified,77028,-2.57,0.83,False,Low,15,Emerging
3829e407-71d8-4fe3-b849-ad3ffe32a772,2022,Sri Lanka,South Asia,Bangalore,Future Solutions,Startup,Agriculture,AI Researcher,Senior,True,"generative AI, machine learning, reinforcement learning",0.47,"Data Analysis, Software Engineering, Python, Communication","generative AI, machine learning, reinforcement learning",36887,14.73,0.3,True,Medium,3,Growing
403bdb34-5515-4e5c-9c32-bec06903a71a,2012,Peru,South America,Tokyo,NextGen Solutions,Medium,Agriculture,Policy Analyst,Mid,False,,0.13,"Research, SQL, Cloud Computing",Not Specified,40488,-0.91,0.79,False,Low,5,Emerging
6a7c58fb-cc32-443f-9198-6bf8f6b46718,2023,Jordan,Middle East,London,Future Technologies,Enterprise,Retail,Product Manager,Lead,True,"NLP, computer vision, machine learning",0.79,"Python, Cloud Computing, Communication, Statistics","NLP, computer vision, machine learning",92960,13.07,0.13,True,Medium,15,Growing
68873bd5-fb94-437f-a139-3d55b3c0cc9d,2017,India,South Asia,Tokyo,Prime Systems,Large,Tech,Business Analyst,Senior,True,"deep learning, machine learning",0.62,"Data Analysis, Python, Cloud Computing, SQL","deep learning, machine learning",34771,-2.12,0.34,True,Low,19,Growing
c525ffac-acab-4bc8-b79d-a2c631fbef69,2011,United States,North America,New York,Future Systems,Startup,Manufacturing,Data Scientist,Lead,False,,0.13,"Project Management, Cloud Computing, Business Analysis, Software Engineering",Not Specified,62686,2.1,0.76,False,Medium,7,Emerging
df7b79ca-ae27-4716-9f44-2da8dbe2bc96,2024,Germany,Europe,Sao Paulo,NextGen Technologies,Medium,Tech,Research Scientist,Executive,True,NLP,0.59,"SQL, Software Engineering, Statistics, Project Management, Cloud Computing, Python",NLP,126439,13.09,0.27,True,Medium,12,Mature
3828e37f-aca3-4744-8933-a63aa8f32631,2011,Malaysia,Southeast Asia,Singapore,Future Systems,Enterprise,Retail,Systems Engineer,Lead,True,"reinforcement learning, MLOps",0.53,"Project Management, SQL, Software Engineering, Cloud Computing","reinforcement learning, MLOps",46679,-4.31,0.12,True,Low,12,Emerging
ad0540aa-53e1-4972-9136-65e9bd7e02eb,2010,Qatar,Middle East,Nairobi,Future Solutions,Enterprise,Agriculture,ML Engineer,Executive,False,,0.05,"Communication, Project Management, Statistics, Research, Python",Not Specified,46999,-1.14,0.81,False,High,15,Emerging
2a51fc65-2516-4f44-a241-38edea549b36,2010,South Korea,East Asia,Sao Paulo,NextGen Analytics,Large,Manufacturing,Software Engineer,Lead,False,,0.0,"Business Analysis, Python, Data Analysis, Communication",Not Specified,55626,1.48,0.73,False,High,12,Emerging
db933d68-34f4-4566-ad5d-e7f6b9e9ad8c,2023,Brazil,South America,Seoul,Global Systems,Startup,Agriculture,Research Scientist,Mid,False,,0.01,"Research, SQL, Software Engineering",Not Specified,50202,4.39,0.67,False,Low,1,Growing
71909427-57e8-4af5-a269-d948b088a530,2023,South Korea,East Asia,Berlin,Global Solutions,Large,Tech,Software Engineer,Junior,True,"generative AI, computer vision, reinforcement learning",0.84,"Business Analysis, Project Management, Software Engineering, Communication, Data Analysis","generative AI, computer vision, reinforcement learning",112997,17.88,0.35,True,High,16,Mature
4acaa743-b824-42d5-915a-91f872eab2ed,2011,Netherlands,Europe,Sydney,Prime Technologies,Large,Tech,Product Manager,Lead,False,,0.08,"Research, Data Analysis, SQL",Not Specified,66379,3.79,0.82,False,Medium,15,Emerging
5366c490-8e73-495d-b142-72a9b3447cd7,2024,Jordan,Middle East,Sao Paulo,Future Technologies,Large,Manufacturing,Policy Analyst,Junior,True,"generative AI, MLOps",0.94,"Business Analysis, Software Engineering, SQL, Research, Data Analysis","generative AI, MLOps",112178,13.67,0.38,True,Low,1,Growing
78c69611-ed5b-42bd-8bb6-2157c7d9e69b,2016,Peru,South America,London,Global Analytics,Large,Tech,Research Scientist,Lead,False,,0.09,"Project Management, Statistics, Communication, Research",Not Specified,42265,-3.51,0.84,False,Low,6,Emerging
7b35990d-4309-485c-b5bd-4a79bf5af229,2025,Argentina,South America,Lagos,NextGen Systems,Small,Agriculture,ML Engineer,Lead,True,"NLP, LLMs, generative AI, computer vision",0.61,"Research, Software Engineering, Cloud Computing, Project Management, Communication","NLP, LLMs, generative AI, computer vision",65410,15.96,0.15,True,Low,3,Growing
594fd55d-54cf-443f-9d6b-a7b8895c94e4,2011,Malaysia,Southeast Asia,London,Prime Solutions,Medium,Retail,AI Researcher,Intern,False,,0.14,"Cloud Computing, Project Management, Communication, Statistics",Not Specified,30853,-0.17,0.85,False,Medium,6,Emerging
4440e110-a209-40f0-8476-1822c6a8dbf9,2016,Malaysia,Southeast Asia,New York,NextGen Solutions,Medium,Agriculture,Operations Manager,Mid,False,,0.18,"Python, SQL, Business Analysis, Data Analysis, Statistics, Research",Not Specified,30913,-4.11,0.81,False,Medium,5,Emerging
462bbbe0-fd90-4362-9ef4-ac3de92456ba,2020,Israel,Middle East,Lagos,Future Analytics,Large,Manufacturing,Research Scientist,Executive,False,,0.0,"Data Analysis, Project Management, Cloud Computing, Python",Not Specified,58718,-3.77,0.67,False,Medium,2,Growing
638c415d-25e5-42b3-8c39-5c64772c8cf1,2024,Brazil,South America,Berlin,NextGen Solutions,Startup,Retail,Software Engineer,Senior,True,"NLP, machine learning, reinforcement learning",0.75,"Business Analysis, SQL, Communication, Cloud Computing, Python","NLP, machine learning, reinforcement learning",74550,14.62,0.1,True,High,10,Growing
eae83480-1cd4-4baa-84cf-cf8c27f1f466,2012,South Korea,East Asia,Nairobi,Global Technologies,Medium,Agriculture,Policy Analyst,Mid,False,,0.04,"Statistics, Business Analysis, Communication",Not Specified,61345,-0.65,0.71,False,High,3,Emerging
5dcb3249-975e-4eef-98f4-5fd1c8355d62,2013,Philippines,Southeast Asia,Dubai,NextGen Technologies,Large,Retail,Software Engineer,Lead,False,,0.11,"SQL, Cloud Computing, Data Analysis",Not Specified,34700,-3.22,0.84,False,High,18,Emerging
ccc1b803-f848-4fb3-819b-fcc365c0f57b,2013,Jordan,Middle East,Lagos,Prime Technologies,Startup,Manufacturing,Research Scientist,Intern,False,,0.15,"Data Analysis, Business Analysis, Statistics, SQL, Python",Not Specified,49863,0.13,0.71,False,Low,5,Emerging
2f835c97-cc60-4f44-814b-40b7ac860452,2024,United States,North America,Dubai,Future Systems,Startup,Manufacturing,Policy Analyst,Junior,True,"LLMs, computer vision, reinforcement learning",0.94,"Data Analysis, SQL, Project Management, Statistics, Software Engineering, Business Analysis","LLMs, computer vision, reinforcement learning",139723,11.77,0.22,True,High,10,Growing
9907e40e-9d0a-483e-930e-aa3094062e10,2019,Colombia,South America,Paris,Future Technologies,Enterprise,Manufacturing,AI Researcher,Intern,True,"deep learning, reinforcement learning, machine learning",0.71,"Business Analysis, Research, Data Analysis, SQL, Software Engineering","deep learning, reinforcement learning, machine learning",53370,6.24,0.16,True,Low,17,Growing
11bb62b0-348d-44c6-acaa-f1808b04c24c,2014,UAE,Middle East,Nairobi,NextGen Systems,Medium,Healthcare,ML Engineer,Mid,False,,0.19,"Cloud Computing, Data Analysis, Project Management, Communication",Not Specified,55607,-4.18,0.67,False,Medium,14,Emerging
18b63674-4ca6-4a8e-9b56-8cf37748dddb,2020,Canada,North America,Nairobi,Future Systems,Medium,Healthcare,Data Scientist,Executive,False,,0.01,"Data Analysis, Cloud Computing, Software Engineering, Business Analysis, SQL, Communication",Not Specified,83932,-2.81,0.61,False,Medium,5,Growing
d033bf08-44af-4a4c-b85b-4bcb5b60e8d0,2016,Egypt,Africa,New York,Future Technologies,Large,Healthcare,AI Researcher,Mid,False,,0.09,"Project Management, SQL, Statistics, Cloud Computing, Research, Python",Not Specified,18189,3.85,0.82,False,Low,13,Emerging
8ae333c0-1e98-4887-86ed-bcbd2ff18170,2016,Germany,Europe,Seoul,Global Analytics,Small,Retail,Operations Manager,Mid,False,,0.09,"Research, Communication, Cloud Computing",Not Specified,61391,-4.93,0.74,False,High,9,Emerging
60d325ca-17ac-4e04-a757-50e477ae2004,2020,Nepal,South Asia,Tokyo,Future Systems,Startup,Retail,Software Engineer,Intern,True,"machine learning, generative AI",0.58,"Software Engineering, Cloud Computing, Statistics, Python, Communication, SQL","machine learning, generative AI",31675,8.82,0.27,True,Medium,7,Growing
493e3def-bf8b-4f3f-b9f5-4e97c036228b,2010,South Korea,East Asia,Tokyo,Future Technologies,Startup,Retail,Systems Engineer,Executive,False,,0.1,"Research, Software Engineering, Python, Statistics, SQL, Business Analysis",Not Specified,54944,4.22,0.64,False,Low,17,Emerging
bda6fac1-26ec-48fa-9d50-6c335f9822c3,2023,United States,North America,Paris,NextGen Solutions,Enterprise,Manufacturing,Software Engineer,Executive,False,,0.14,"Python, Research, SQL, Project Management, Communication",Not Specified,102481,4.18,0.64,False,Low,16,Growing
7234f4ae-1100-4dc3-95c1-283ed87fc1a3,2016,Saudi Arabia,Middle East,Bangalore,Prime Systems,Medium,Manufacturing,Software Engineer,Intern,False,,0.01,"SQL, Project Management, Communication, Software Engineering, Data Analysis",Not Specified,56543,3.71,0.84,False,Medium,10,Emerging
6bd072d2-d84f-4c3e-82a3-0470133205f4,2019,Vietnam,Southeast Asia,Tokyo,Future Analytics,Startup,Healthcare,Operations Manager,Junior,False,,0.15,"Software Engineering, Business Analysis, SQL",Not Specified,43797,1.85,0.64,False,High,16,Growing
5f533d20-ad05-4fa9-8570-368ea5944be6,2018,India,South Asia,Nairobi,Prime Technologies,Medium,Retail,Business Analyst,Intern,False,,0.08,"Software Engineering, Business Analysis, Cloud Computing",Not Specified,24872,3.29,0.79,False,High,1,Growing
e45b8e84-3aaf-408e-a98f-c84b041c3e59,2013,Morocco,Africa,Paris,Future Technologies,Large,Retail,Systems Engineer,Executive,False,,0.1,"Python, Statistics, Cloud Computing, Business Analysis",Not Specified,20325,4.07,0.63,False,Medium,19,Emerging
ae73ec6d-01ec-4e0b-8296-d198139a778c,2015,New Zealand,Oceania,Bangalore,Future Systems,Medium,Tech,Operations Manager,Lead,False,,0.13,"Software Engineering, Communication, Data Analysis, Statistics, Business Analysis, SQL",Not Specified,79660,2.56,0.8,False,Low,1,Emerging
bbf49141-abc9-45dc-bf11-604a776c6534,2014,Canada,North America,Sao Paulo,Prime Systems,Medium,Tech,Business Analyst,Intern,True,"computer vision, machine learning, MLOps",0.83,"Cloud Computing, Research, Business Analysis","computer vision, machine learning, MLOps",103011,-3.94,0.23,True,Medium,15,Emerging
4625f92b-f1bb-4d6e-a0f0-e29f6520e0f9,2023,Peru,South America,Paris,Prime Analytics,Medium,Manufacturing,Software Engineer,Intern,True,"NLP, MLOps, reinforcement learning, generative AI",0.85,"SQL, Research, Software Engineering","NLP, MLOps, reinforcement learning, generative AI",77533,5.77,0.18,True,Medium,0,Growing
4dd21ee9-e9d1-46f0-9a84-7dc7b381f380,2015,South Africa,Africa,Toronto,NextGen Technologies,Large,Retail,Business Analyst,Senior,False,,0.14,"Research, Software Engineering, Cloud Computing, Communication, Statistics, Python",Not Specified,21691,-2.76,0.83,False,Low,1,Emerging
2f506ba0-0af5-4bc9-9d5d-ea79482a6f08,2019,Taiwan,East Asia,Singapore,Future Systems,Medium,Tech,Software Engineer,Intern,True,"NLP, machine learning",0.88,"Data Analysis, Python, Business Analysis","NLP, machine learning",102828,7.67,0.12,True,Low,15,Growing
5ef75b55-c356-4290-8ec4-1e1b2bf5d092,2021,Japan,East Asia,Singapore,Global Technologies,Enterprise,Tech,Product Manager,Executive,True,"machine learning, deep learning, MLOps",0.47,"Research, Communication, Python, Data Analysis","machine learning, deep learning, MLOps",97719,9.82,0.17,True,Low,15,Growing
a535434c-5a24-4dab-be88-2a3028973866,2025,India,South Asia,Bangalore,Future Technologies,Startup,Agriculture,Product Manager,Junior,False,,0.18,"Software Engineering, Communication, Research, Project Management, Data Analysis",Not Specified,30134,-0.49,0.66,False,Medium,8,Growing
8f5a8ca3-46f9-4902-97c9-30c027c2adb7,2017,South Korea,East Asia,Seoul,NextGen Analytics,Medium,Tech,Business Analyst,Lead,False,,0.16,"Data Analysis, Software Engineering, Statistics, Business Analysis, Communication, SQL",Not Specified,57541,-4.91,0.77,False,Medium,14,Growing
589f9241-fa5a-478c-84a3-68c428c30cef,2021,Ghana,Africa,Seoul,Future Solutions,Large,Manufacturing,Product Manager,Executive,True,NLP,0.47,"Communication, Business Analysis, Python, Software Engineering",NLP,37396,8.3,0.24,True,Medium,1,Growing
9afd28af-11e6-41d6-8b3e-267046dbe487,2017,Mexico,North America,Berlin,Prime Solutions,Small,Manufacturing,ML Engineer,Executive,False,,0.12,"Business Analysis, SQL, Software Engineering, Cloud Computing",Not Specified,95738,-2.41,0.68,False,Medium,18,Growing
bc6fa19f-81ea-4f6d-bde2-8aa30872c8a7,2020,South Korea,East Asia,Paris,Global Technologies,Enterprise,Manufacturing,Operations Manager,Executive,False,,0.18,"SQL, Software Engineering, Cloud Computing, Statistics",Not Specified,76031,-1.46,0.74,False,High,4,Growing
79277137-f0ab-40de-b50b-f63adef6e7bb,2013,Philippines,Southeast Asia,Dubai,NextGen Analytics,Small,Agriculture,ML Engineer,Senior,False,,0.03,"SQL, Software Engineering, Business Analysis, Research, Data Analysis, Python",Not Specified,34493,4.02,0.65,False,High,8,Emerging
29606746-3af8-49a1-bace-0ee5125837ca,2020,Jordan,Middle East,Lagos,Global Technologies,Small,Tech,Systems Engineer,Lead,False,,0.09,"Python, Communication, Software Engineering",Not Specified,73042,-1.27,0.79,False,Low,5,Growing
7ed29df5-d9d9-4c8c-a6cd-b4e1825a8e16,2010,Argentina,South America,Toronto,Future Solutions,Large,Tech,Policy Analyst,Mid,False,,0.11,"Communication, Statistics, SQL",Not Specified,34933,-1.5,0.81,False,Medium,10,Emerging
93e35c82-dd7c-4fdf-a816-4025f748add3,2024,Canada,North America,London,Future Technologies,Small,Healthcare,Data Scientist,Mid,True,"MLOps, deep learning, computer vision",0.5,"Research, Cloud Computing, Statistics, Python","MLOps, deep learning, computer vision",136206,9.41,0.26,True,High,8,Growing
ff266744-5fb5-496b-a366-ed9b237a8c69,2024,New Zealand,Oceania,Sydney,Future Systems,Enterprise,Manufacturing,Policy Analyst,Senior,True,machine learning,0.62,"Communication, Software Engineering, Statistics, SQL",machine learning,141278,10.68,0.29,True,Medium,15,Growing
36d6a4bf-02ce-48cd-9afa-cbdc2eb53f93,2015,United States,North America,Dubai,NextGen Solutions,Enterprise,Manufacturing,AI Researcher,Senior,False,,0.17,"Cloud Computing, Software Engineering, Python",Not Specified,78837,-2.34,0.8,False,Medium,1,Emerging
b211d508-e06b-40bd-90c4-c1de06ae217d,2017,Argentina,South America,Dubai,Global Solutions,Startup,Tech,AI Researcher,Junior,False,,0.07,"Data Analysis, Statistics, Business Analysis, Project Management, Python",Not Specified,44379,3.63,0.7,False,Low,18,Growing
2e751c58-0a52-4fbe-89b8-64d7ca4aee27,2025,Singapore,Southeast Asia,Nairobi,Future Systems,Large,Tech,Operations Manager,Mid,True,"LLMs, computer vision, machine learning, NLP",0.83,"Project Management, Business Analysis, Software Engineering, Python, Statistics","LLMs, computer vision, machine learning, NLP",56287,10.79,0.4,True,High,12,Mature
9d688872-e42d-4da7-b9eb-5b3411f9e892,2025,Saudi Arabia,Middle East,Paris,Prime Technologies,Medium,Agriculture,Systems Engineer,Junior,False,,0.13,"Communication, Data Analysis, SQL, Statistics, Software Engineering",Not Specified,67077,2.26,0.78,False,Low,6,Growing
e1259342-9503-444f-b9a8-4ca9c1f9dd02,2022,Qatar,Middle East,Singapore,NextGen Systems,Enterprise,Tech,Operations Manager,Mid,True,generative AI,0.87,"Cloud Computing, Research, Software Engineering",generative AI,84909,10.67,0.2,True,High,4,Mature
94101666-8112-4a0c-995c-4d86be32c02b,2018,New Zealand,Oceania,Bangalore,NextGen Systems,Startup,Tech,AI Researcher,Intern,True,"deep learning, NLP, computer vision, reinforcement learning",0.51,"Communication, Project Management, Research, Business Analysis","deep learning, NLP, computer vision, reinforcement learning",97180,7.11,0.36,True,Low,2,Growing
8a6136d6-6ea6-479e-9025-e0100fcc058c,2018,Brazil,South America,Sydney,Global Solutions,Large,Tech,Software Engineer,Mid,True,"NLP, MLOps, computer vision",0.58,"Business Analysis, Software Engineering, Cloud Computing, Data Analysis","NLP, MLOps, computer vision",54078,8.76,0.15,True,Medium,16,Growing
dbe69c1e-aecc-46f7-aa31-057a75ca727e,2014,Colombia,South America,Nairobi,Prime Technologies,Large,Retail,Business Analyst,Senior,False,,0.14,"Software Engineering, Business Analysis, Data Analysis, Cloud Computing, SQL",Not Specified,40376,2.5,0.9,False,Medium,17,Emerging
36530e9e-1a2a-44d9-8b2c-7eda8bc0ac92,2023,Saudi Arabia,Middle East,Lagos,Global Systems,Medium,Agriculture,Data Scientist,Junior,False,,0.1,"SQL, Python, Statistics, Business Analysis, Software Engineering, Communication",Not Specified,71373,-3.09,0.74,False,Low,6,Growing
659017e5-3053-4531-a007-b0180133c04e,2013,Thailand,Southeast Asia,Seoul,Prime Analytics,Small,Agriculture,AI Researcher,Senior,False,,0.07,"Statistics, Communication, Cloud Computing, Project Management, Business Analysis, Python",Not Specified,34558,4.39,0.64,False,Medium,4,Emerging
26bc8250-93ec-449e-9451-bc0317974708,2021,Germany,Europe,Paris,Future Technologies,Startup,Tech,Business Analyst,Senior,True,"computer vision, generative AI, deep learning",0.71,"Project Management, Communication, SQL, Business Analysis, Software Engineering, Cloud Computing","computer vision, generative AI, deep learning",109597,11.14,0.36,True,High,1,Growing
ccf2754d-25df-4f7a-9822-ce1870c4acd9,2012,Nepal,South Asia,Bangalore,Future Solutions,Startup,Tech,AI Researcher,Junior,False,,0.17,"Communication, SQL, Cloud Computing, Research, Business Analysis, Python",Not Specified,19225,-2.49,0.66,False,High,1,Emerging
d842bac6-1174-4173-8a7f-b4a5a8e99c89,2014,Philippines,Southeast Asia,Sao Paulo,Prime Solutions,Large,Healthcare,Operations Manager,Intern,False,,0.1,"Communication, Project Management, Research",Not Specified,31776,-0.38,0.61,False,High,11,Emerging
429bcaea-7c35-454f-8997-93e689d4d5bd,2010,Nigeria,Africa,Seoul,Prime Analytics,Enterprise,Tech,Operations Manager,Mid,True,reinforcement learning,0.63,"Business Analysis, Statistics, Communication, Python, Project Management",reinforcement learning,26214,-3.59,0.25,True,Low,17,Emerging
026faaae-d7e7-45d6-8ba8-26445140cd8f,2024,India,South Asia,Sao Paulo,Prime Solutions,Large,Retail,Research Scientist,Mid,True,generative AI,0.46,"Statistics, Business Analysis, Python, Software Engineering, Communication, SQL",generative AI,42492,17.9,0.22,True,High,7,Growing
7b8f6de6-9e26-4e79-a5af-2f3a32fefdc8,2020,Philippines,Southeast Asia,New York,NextGen Technologies,Small,Healthcare,ML Engineer,Mid,False,,0.08,"Cloud Computing, Statistics, Research",Not Specified,36332,-2.44,0.64,False,Medium,18,Growing
fb3521f9-fe49-47d4-9310-32b1c33b66d8,2024,Pakistan,South Asia,Seoul,Prime Systems,Small,Healthcare,Policy Analyst,Intern,True,"machine learning, NLP, reinforcement learning, MLOps",0.48,"Software Engineering, Data Analysis, Research, Cloud Computing","machine learning, NLP, reinforcement learning, MLOps",38920,7.78,0.16,True,High,4,Growing
6fd07d77-6db4-4b82-ae9b-8190a66af706,2016,Brazil,South America,Singapore,Global Systems,Small,Retail,Business Analyst,Lead,False,,0.2,"Data Analysis, Research, Cloud Computing, Python, Project Management, Statistics",Not Specified,37461,-3.47,0.78,False,High,18,Emerging
0f2494b8-8b75-4a8c-8d4f-aa05cc3579c8,2011,Pakistan,South Asia,Toronto,Global Systems,Large,Agriculture,Operations Manager,Lead,False,,0.04,"Cloud Computing, Communication, Business Analysis, Project Management",Not Specified,23682,-2.06,0.75,False,Medium,12,Emerging
6f090798-0cb8-42b5-9e3b-2f5f86b918ec,2025,New Zealand,Oceania,Sao Paulo,Future Systems,Medium,Healthcare,Policy Analyst,Senior,False,,0.12,"Business Analysis, SQL, Project Management, Statistics, Data Analysis",Not Specified,107962,3.89,0.83,False,Medium,1,Growing
80cad0c4-7eb5-4559-ba33-20ca2a25a28e,2010,Chile,South America,Sydney,Prime Technologies,Small,Agriculture,Data Scientist,Intern,False,,0.1,"Communication, Statistics, Python, Business Analysis",Not Specified,31677,-3.78,0.78,False,Low,3,Emerging
9335bb5b-19cc-4fa3-b0c5-93d3b9373e00,2011,Canada,North America,London,NextGen Technologies,Enterprise,Tech,ML Engineer,Intern,True,MLOps,0.91,"Python, Communication, Statistics, Business Analysis, Cloud Computing, SQL",MLOps,91919,1.27,0.27,True,Low,8,Emerging
c538e0fe-a75e-4785-a57d-8e5f89496442,2017,Peru,South America,Berlin,Global Technologies,Medium,Healthcare,Software Engineer,Intern,False,,0.09,"Software Engineering, Statistics, Cloud Computing, SQL, Communication, Business Analysis",Not Specified,38032,-3.52,0.86,False,Low,12,Growing
78ea4faf-7a25-4ec1-b050-359a5e52e653,2011,UAE,Middle East,Paris,Future Analytics,Startup,Retail,Operations Manager,Senior,False,,0.16,"Project Management, Software Engineering, Cloud Computing",Not Specified,43815,-2.41,0.7,False,Medium,14,Emerging
6a2df9cc-2d21-4084-8e32-2ae3f557944c,2010,Singapore,Southeast Asia,Singapore,NextGen Solutions,Small,Agriculture,Product Manager,Executive,False,,0.13,"SQL, Software Engineering, Data Analysis",Not Specified,29034,1.6,0.85,False,Medium,5,Emerging
d411bbb9-450e-42bc-9db3-445f3d9563d0,2011,Peru,South America,Lagos,Future Analytics,Startup,Retail,Software Engineer,Executive,False,,0.01,"Software Engineering, Python, Business Analysis",Not Specified,34047,-4.34,0.74,False,Medium,17,Emerging
1f765cda-731b-4c1a-a99d-c938239eacb8,2023,Sri Lanka,South Asia,Lagos,Global Solutions,Enterprise,Agriculture,Business Analyst,Lead,True,"deep learning, reinforcement learning",0.89,"Project Management, Research, SQL","deep learning, reinforcement learning",42252,8.31,0.12,True,High,1,Growing
15ce2c37-f04c-41a1-9aee-ce96e255c92b,2018,Brazil,South America,Seoul,Future Technologies,Large,Retail,Business Analyst,Lead,False,,0.14,"Python, SQL, Software Engineering, Communication, Cloud Computing, Research",Not Specified,42940,-0.84,0.62,False,Low,14,Growing
63b842e0-517a-4846-b3fa-3047ae9f4790,2014,Pakistan,South Asia,Dubai,Prime Technologies,Enterprise,Tech,Product Manager,Executive,False,,0.13,"Data Analysis, Software Engineering, Communication, Cloud Computing, Business Analysis, SQL",Not Specified,23369,-3.17,0.68,False,Low,10,Emerging
7f90ac4c-e99d-4f7d-bb8f-8da093a2da10,2010,Philippines,Southeast Asia,Tokyo,Future Analytics,Medium,Healthcare,Business Analyst,Lead,False,,0.16,"Cloud Computing, Data Analysis, Software Engineering, SQL, Communication",Not Specified,27684,0.03,0.8,False,High,7,Emerging
90911c37-9886-4ef9-b16a-6a426a737436,2021,Sri Lanka,South Asia,Nairobi,NextGen Analytics,Small,Healthcare,AI Researcher,Mid,False,,0.11,"Project Management, Cloud Computing, Python, Communication",Not Specified,27021,1.62,0.72,False,High,5,Growing
6e3941a3-efaf-4a8c-84e5-9daebc7cf54d,2011,Sri Lanka,South Asia,Bangalore,NextGen Solutions,Medium,Manufacturing,Business Analyst,Junior,False,,0.07,"SQL, Communication, Software Engineering",Not Specified,21938,2.4,0.87,False,Medium,8,Emerging
1138c048-fd7a-4f75-a06f-c448f535e04b,2022,Italy,Europe,Tokyo,Future Technologies,Small,Manufacturing,Research Scientist,Lead,False,,0.18,"Statistics, SQL, Communication, Research, Python, Software Engineering",Not Specified,93612,-3.26,0.73,False,Medium,10,Growing
b9565e83-f2f0-4665-8aa7-49ef663ff1eb,2025,Saudi Arabia,Middle East,Bangalore,Prime Systems,Large,Agriculture,Systems Engineer,Senior,False,,0.06,"SQL, Python, Business Analysis, Software Engineering, Cloud Computing, Project Management",Not Specified,77823,4.88,0.79,False,Low,14,Growing
248ad5bd-8c12-4df1-b241-b74428b61b0a,2013,Jordan,Middle East,New York,Prime Systems,Startup,Healthcare,Business Analyst,Senior,False,,0.1,"Statistics, Python, SQL",Not Specified,61951,1.29,0.72,False,Low,5,Emerging
5ccdc957-da0c-4433-a43d-ea659bfb6080,2019,Jordan,Middle East,Bangalore,NextGen Systems,Medium,Healthcare,Data Scientist,Executive,True,"MLOps, computer vision, reinforcement learning, NLP",0.73,"Cloud Computing, SQL, Communication","MLOps, computer vision, reinforcement learning, NLP",92544,17.54,0.25,True,Medium,4,Growing
f8a5269a-38e8-4c50-bd05-1c5bbe8f30c5,2018,Ghana,Africa,Seoul,NextGen Solutions,Startup,Agriculture,Policy Analyst,Executive,True,"deep learning, MLOps, machine learning",0.94,"Communication, Business Analysis, Research, Statistics, Python, Cloud Computing","deep learning, MLOps, machine learning",29757,15.51,0.32,True,Medium,6,Growing
2804fc90-4db7-4ef9-bab6-7d5692f3c0ee,2021,Italy,Europe,Tokyo,Future Technologies,Startup,Manufacturing,Business Analyst,Executive,False,,0.2,"Software Engineering, Communication, Statistics, Python",Not Specified,82350,-2.66,0.72,False,Medium,13,Growing
65bf9e80-26f2-49d4-9fbc-5aa456b6dd7a,2025,United States,North America,Bangalore,Prime Solutions,Small,Retail,ML Engineer,Junior,False,,0.17,"Software Engineering, Cloud Computing, Python, SQL, Communication, Business Analysis",Not Specified,104209,1.35,0.65,False,High,16,Growing
8e832ea6-5201-430a-aa3f-210b7a0c9bba,2017,Morocco,Africa,Sao Paulo,Prime Systems,Enterprise,Tech,ML Engineer,Executive,False,,0.06,"Communication, Project Management, SQL",Not Specified,19080,1.5,0.67,False,Low,15,Growing
49bfd775-8733-46cf-b282-9c963ca86c93,2018,United States,North America,Lagos,Global Systems,Startup,Agriculture,Data Scientist,Junior,False,,0.16,"Communication, Project Management, Statistics, Data Analysis, SQL, Software Engineering",Not Specified,91898,-2.98,0.83,False,Low,17,Growing
b910ba08-3675-4804-ad4c-b04171752528,2024,Canada,North America,Sydney,Future Technologies,Startup,Manufacturing,Business Analyst,Executive,True,LLMs,0.57,"Software Engineering, Communication, Project Management, Python",LLMs,139454,10.68,0.13,True,Low,18,Growing
6525ec55-cf1a-429f-bb0d-d4df916a35df,2023,UAE,Middle East,Nairobi,Future Technologies,Large,Retail,Operations Manager,Senior,False,,0.07,"Data Analysis, Statistics, Communication",Not Specified,72975,-3.42,0.82,False,High,8,Growing
69b8d889-e3cf-41ed-b9b7-703ef01925d7,2019,Australia,Oceania,Dubai,Future Solutions,Startup,Retail,Systems Engineer,Executive,False,,0.15,"Cloud Computing, Business Analysis, Communication, Research, Data Analysis",Not Specified,85644,-4.33,0.81,False,Low,7,Growing
916c6977-e4fa-4a8c-89de-d1af9c5e99ae,2025,Egypt,Africa,Lagos,Future Systems,Medium,Healthcare,Operations Manager,Senior,False,,0.15,"Software Engineering, Project Management, Cloud Computing",Not Specified,29291,1.98,0.62,False,High,13,Growing
12be7293-db37-4727-917a-ed385f301f64,2012,Israel,Middle East,Sao Paulo,Prime Analytics,Small,Agriculture,Business Analyst,Lead,False,,0.12,"Communication, Software Engineering, Cloud Computing, Research, Project Management, Business Analysis",Not Specified,46121,-3.71,0.88,False,High,19,Emerging
a350f7fb-b2fa-4fa2-9e60-1f645c5763a5,2025,Argentina,South America,Dubai,Prime Technologies,Large,Manufacturing,Operations Manager,Executive,True,deep learning,0.67,"Research, Statistics, Communication",deep learning,64736,6.4,0.28,True,Low,12,Growing
0b30cc61-8920-4d8a-b3fc-75cba9bedf35,2014,Canada,North America,Sydney,Future Technologies,Small,Healthcare,Research Scientist,Lead,True,"NLP, computer vision",0.66,"SQL, Python, Cloud Computing, Research, Statistics","NLP, computer vision",114408,-1.47,0.24,True,Low,6,Emerging
34a86e00-a088-47c5-88a3-86b2a8f7163a,2016,Poland,Europe,Lagos,Prime Technologies,Small,Tech,Product Manager,Junior,False,,0.06,"Statistics, Business Analysis, SQL, Python",Not Specified,71304,2.09,0.69,False,High,16,Emerging
19d7cb73-0edc-4787-a20d-c541bb4aaecc,2017,United Kingdom,Europe,Paris,Prime Technologies,Startup,Agriculture,Software Engineer,Lead,False,,0.09,"Project Management, SQL, Research, Python, Statistics",Not Specified,79662,2.04,0.77,False,Low,16,Growing
00b4a543-232f-4136-b59c-d4c5cd3d4291,2025,Colombia,South America,London,NextGen Technologies,Small,Tech,Systems Engineer,Mid,True,"MLOps, computer vision, deep learning, reinforcement learning",0.76,"Statistics, Python, Project Management, SQL, Communication","MLOps, computer vision, deep learning, reinforcement learning",80396,8.95,0.15,True,Medium,19,Mature
f62e1895-de1a-4ba9-afdf-1d056ed635ec,2015,Mexico,North America,Lagos,Global Technologies,Startup,Manufacturing,ML Engineer,Executive,False,,0.1,"Statistics, Data Analysis, Software Engineering, Communication, Research",Not Specified,73706,1.33,0.66,False,Medium,14,Emerging
a23bcb9a-57ba-42fc-bb69-c78504e57831,2020,Peru,South America,Berlin,Future Solutions,Small,Tech,Policy Analyst,Lead,True,"reinforcement learning, LLMs, machine learning, computer vision",0.83,"Research, Statistics, Data Analysis","reinforcement learning, LLMs, machine learning, computer vision",56549,16.16,0.22,True,High,19,Growing
f84faf2f-a9e8-49ab-a85c-b5c683eced70,2015,Australia,Oceania,London,NextGen Analytics,Startup,Tech,Software Engineer,Senior,False,,0.06,"Software Engineering, Business Analysis, Statistics, SQL, Cloud Computing",Not Specified,74005,-0.03,0.68,False,Low,4,Emerging
ded4abda-14c7-4971-bb98-a7b784b67b1e,2020,China,East Asia,Seoul,Future Solutions,Enterprise,Manufacturing,AI Researcher,Executive,False,,0.0,"Statistics, Software Engineering, Research, Business Analysis, Project Management",Not Specified,79166,-3.69,0.69,False,Medium,2,Growing
03e03d12-29ae-4960-954e-855565676cf3,2023,Ghana,Africa,Paris,NextGen Technologies,Medium,Retail,AI Researcher,Lead,True,deep learning,0.78,"Communication, Project Management, Business Analysis, Software Engineering, Python",deep learning,36019,14.36,0.32,True,Low,18,Growing
28b3ec45-74bf-4c3d-b1ec-532ece59ef4a,2012,Australia,Oceania,Tokyo,Prime Technologies,Startup,Healthcare,Data Scientist,Junior,False,,0.12,"Project Management, Cloud Computing, Research, Software Engineering, SQL, Communication",Not Specified,67389,3.52,0.73,False,Medium,13,Emerging
9b6ed34a-32eb-44fc-b031-8b7ca3758f94,2022,Nigeria,Africa,New York,Future Analytics,Enterprise,Manufacturing,Policy Analyst,Intern,True,"LLMs, computer vision, reinforcement learning",0.76,"Data Analysis, Statistics, Project Management","LLMs, computer vision, reinforcement learning",34222,17.57,0.32,True,Low,4,Growing
81982082-908c-4065-8722-dbd3d66a933e,2023,Sweden,Europe,Bangalore,Prime Systems,Medium,Healthcare,Product Manager,Lead,True,"machine learning, generative AI, reinforcement learning, LLMs",0.58,"Python, Communication, Research, Software Engineering, Cloud Computing, Business Analysis","machine learning, generative AI, reinforcement learning, LLMs",101058,5.18,0.13,True,Low,14,Growing
03e19cab-b1e9-4452-b350-b2dc803eae96,2020,Ghana,Africa,Tokyo,Prime Technologies,Large,Manufacturing,Research Scientist,Executive,False,,0.15,"Research, Cloud Computing, SQL",Not Specified,21517,-1.91,0.75,False,Low,3,Growing
3fd2ed6e-1e62-43c9-81ab-92d27a172f3a,2019,UAE,Middle East,Sao Paulo,NextGen Technologies,Enterprise,Healthcare,AI Researcher,Lead,True,"NLP, MLOps",0.65,"Business Analysis, Software Engineering, Communication, Research, Project Management, Python","NLP, MLOps",92229,15.67,0.11,True,High,12,Growing
46396acb-11b9-4926-8514-a3d2c738f0f3,2010,Philippines,Southeast Asia,Bangalore,Global Solutions,Large,Healthcare,Software Engineer,Junior,False,,0.05,"SQL, Communication, Software Engineering, Cloud Computing",Not Specified,27001,-4.96,0.64,False,Medium,1,Emerging
ecc700cb-a48c-48a8-acaa-83f7b466e83e,2017,Nigeria,Africa,New York,NextGen Solutions,Large,Manufacturing,Product Manager,Senior,False,,0.01,"Project Management, Communication, Data Analysis, SQL",Not Specified,23474,-1.8,0.89,False,Medium,19,Growing
c1af9768-497e-427d-81e6-aefe3d995107,2018,Pakistan,South Asia,Sao Paulo,NextGen Analytics,Large,Retail,AI Researcher,Lead,True,NLP,0.87,"Project Management, Data Analysis, Cloud Computing",NLP,38613,14.39,0.36,True,High,4,Growing
5d1ebe6c-06a3-4a71-9b93-0ab1f98b96d6,2021,UAE,Middle East,Paris,NextGen Systems,Medium,Manufacturing,Business Analyst,Intern,False,,0.01,"Project Management, Statistics, Business Analysis",Not Specified,67281,-3.36,0.76,False,Low,0,Growing
d0849155-3c86-4bcf-94a3-34c53a87ddf5,2023,Mexico,North America,Seoul,NextGen Technologies,Enterprise,Healthcare,Data Scientist,Lead,True,"MLOps, NLP, generative AI",0.52,"Statistics, Research, Software Engineering, SQL","MLOps, NLP, generative AI",133696,5.66,0.3,True,High,19,Growing
1c7558bf-61fe-45e6-b122-6d825bd3bb4b,2020,Israel,Middle East,Berlin,Future Systems,Startup,Manufacturing,Software Engineer,Executive,True,generative AI,0.65,"Research, Cloud Computing, Business Analysis",generative AI,102296,16.1,0.21,True,Low,1,Growing
0bcf76b8-026b-4035-b881-0fe157f3f13e,2011,Taiwan,East Asia,Toronto,Future Solutions,Small,Tech,AI Researcher,Lead,False,,0.18,"Business Analysis, Data Analysis, Cloud Computing",Not Specified,53186,0.91,0.79,False,Medium,2,Emerging
d65ae008-f6dc-4e8c-a0b2-bd5c64ff26a9,2021,Mexico,North America,Sydney,Prime Technologies,Startup,Healthcare,Product Manager,Intern,False,,0.17,"Python, Software Engineering, Project Management, Statistics, SQL",Not Specified,94427,-3.8,0.84,False,Medium,19,Growing
d2668db3-b1f0-42ab-b9ee-e40ed7d48a9a,2018,Ghana,Africa,Sydney,Future Systems,Enterprise,Healthcare,Business Analyst,Lead,False,,0.15,"Project Management, Data Analysis, Python, Cloud Computing, Research, Software Engineering",Not Specified,19100,-2.75,0.61,False,Medium,1,Growing
2448b2a1-0926-41b3-9972-2bbff9cf2e27,2022,Egypt,Africa,Paris,Global Technologies,Medium,Tech,Systems Engineer,Lead,False,,0.16,"Research, Data Analysis, Statistics, Business Analysis",Not Specified,22741,-3.52,0.77,False,Low,17,Mature
a01276f9-6d35-41ee-92f1-d15fdaea9fb0,2025,Egypt,Africa,Bangalore,NextGen Technologies,Startup,Agriculture,Research Scientist,Junior,True,"LLMs, MLOps",0.76,"Project Management, Statistics, Communication","LLMs, MLOps",31794,9.4,0.25,True,High,11,Growing
0e48a131-af4e-4d44-ac35-e3c1fa8e6bd2,2011,Sweden,Europe,Tokyo,Future Systems,Enterprise,Agriculture,Software Engineer,Intern,False,,0.04,"Communication, Software Engineering, Cloud Computing, Project Management, Data Analysis",Not Specified,63655,0.59,0.74,False,Medium,15,Emerging
c153f6a7-4c55-4787-982a-3a8f42e98d3d,2022,Indonesia,Southeast Asia,Singapore,Prime Solutions,Enterprise,Agriculture,AI Researcher,Intern,True,machine learning,0.56,"Data Analysis, SQL, Software Engineering, Statistics, Project Management, Python",machine learning,50428,13.77,0.39,True,High,13,Growing
2b9c42f4-ffbe-445f-9c53-b8d50ee39576,2020,Colombia,South America,Lagos,Prime Analytics,Large,Agriculture,Software Engineer,Junior,True,"computer vision, NLP, machine learning, generative AI",0.42,"Statistics, Software Engineering, Data Analysis, Cloud Computing, Python, Business Analysis","computer vision, NLP, machine learning, generative AI",64426,9.31,0.4,True,Low,18,Growing
4709aad7-1e5f-4ad1-accd-389309bf8818,2025,Argentina,South America,Sao Paulo,Future Systems,Enterprise,Agriculture,Product Manager,Executive,True,"NLP, reinforcement learning, LLMs",0.93,"Statistics, Project Management, Software Engineering, Communication, SQL","NLP, reinforcement learning, LLMs",72808,13.12,0.22,True,Low,8,Growing
11fc1040-59d2-478c-9c62-59e30b9c3750,2014,Ghana,Africa,London,Prime Solutions,Enterprise,Retail,AI Researcher,Executive,True,"reinforcement learning, computer vision, MLOps, machine learning",0.71,"Cloud Computing, Python, Data Analysis","reinforcement learning, computer vision, MLOps, machine learning",25641,-0.99,0.33,True,Medium,12,Emerging
320ca01a-3679-42fb-85ef-00fcea6130ef,2019,Canada,North America,Lagos,Prime Analytics,Large,Healthcare,Systems Engineer,Junior,True,reinforcement learning,0.56,"Software Engineering, Python, Data Analysis, Statistics",reinforcement learning,124897,13.18,0.25,True,Medium,9,Growing
c03c28ed-7855-4c5f-84ed-78b0c746e52a,2015,Pakistan,South Asia,Tokyo,Future Technologies,Small,Manufacturing,ML Engineer,Lead,False,,0.13,"SQL, Software Engineering, Python, Data Analysis, Cloud Computing, Research",Not Specified,24322,-0.88,0.77,False,Low,16,Emerging
e31579fe-3a1a-4687-b432-920812f04895,2011,Netherlands,Europe,Singapore,Prime Technologies,Large,Agriculture,Product Manager,Lead,False,,0.18,"Communication, Data Analysis, Business Analysis, SQL, Research, Project Management",Not Specified,57479,-4.07,0.83,False,Low,1,Emerging
ca3934a3-0b8e-46ae-815b-adc70112107d,2020,Japan,East Asia,Lagos,Future Systems,Startup,Retail,Research Scientist,Junior,False,,0.1,"Research, Cloud Computing, Statistics, SQL, Python, Business Analysis",Not Specified,77106,0.87,0.83,False,Medium,6,Growing
42a27b07-1523-41b8-8fca-34e677ecbd1b,2020,Israel,Middle East,Bangalore,Prime Systems,Startup,Agriculture,Systems Engineer,Mid,False,,0.12,"SQL, Statistics, Data Analysis, Research, Project Management, Software Engineering",Not Specified,64854,1.88,0.63,False,Low,4,Growing
702bc345-0749-4b69-97f0-97bca70fcded,2019,Egypt,Africa,Tokyo,Global Systems,Startup,Agriculture,Policy Analyst,Intern,False,,0.18,"Research, Communication, Python, Data Analysis, Statistics",Not Specified,22965,-0.12,0.88,False,High,1,Growing
32bc2cb5-cd2e-4be1-998f-af256e88be88,2018,Australia,Oceania,New York,Future Analytics,Small,Tech,AI Researcher,Mid,True,NLP,0.95,"Communication, Python, Data Analysis, Research, SQL, Business Analysis",NLP,114629,14.63,0.31,True,Low,13,Growing
795a2798-8bf7-4181-95e5-6f56c378a59d,2023,South Korea,East Asia,Toronto,Prime Solutions,Small,Tech,ML Engineer,Lead,False,,0.02,"Data Analysis, Statistics, Project Management",Not Specified,85912,3.8,0.87,False,Medium,5,Mature
0eb2b75d-a325-41a3-8794-5f287f8995a0,2018,Canada,North America,Seoul,NextGen Analytics,Enterprise,Agriculture,Data Scientist,Lead,False,,0.05,"Python, Project Management, Research, Communication",Not Specified,97253,2.24,0.78,False,High,8,Growing
11a2e310-1038-4a19-8cc3-ddda21c5a28b,2023,South Korea,East Asia,Seoul,Global Technologies,Large,Retail,Data Scientist,Mid,False,,0.17,"Python, Cloud Computing, Project Management, Research, Business Analysis",Not Specified,82390,-1.09,0.75,False,High,12,Growing
4a28cf0b-7913-4ed7-8dd7-639b9281a13a,2022,UAE,Middle East,Seoul,NextGen Systems,Medium,Manufacturing,Operations Manager,Junior,True,"NLP, generative AI, MLOps, LLMs",0.88,"Research, Software Engineering, Business Analysis, Data Analysis, Python","NLP, generative AI, MLOps, LLMs",86347,16.54,0.33,True,Low,13,Growing
ba9f9ef1-0f48-4202-bfda-2ef9aff096bd,2021,Argentina,South America,New York,NextGen Solutions,Large,Retail,Business Analyst,Executive,True,"deep learning, LLMs, generative AI, machine learning",0.78,"Data Analysis, Software Engineering, Statistics, Cloud Computing, Business Analysis","deep learning, LLMs, generative AI, machine learning",72115,7.6,0.17,True,High,3,Growing
4868d97d-7188-4131-9533-67f2cd02bd2c,2016,Peru,South America,Berlin,NextGen Systems,Medium,Retail,Software Engineer,Senior,False,,0.09,"SQL, Python, Business Analysis, Communication, Cloud Computing, Data Analysis",Not Specified,42056,2.48,0.89,False,Medium,0,Emerging
a90b8691-3d63-4b7e-ae55-cd7c3d5aace7,2019,Sweden,Europe,Dubai,Global Systems,Large,Manufacturing,AI Researcher,Junior,True,"reinforcement learning, deep learning, NLP",0.45,"SQL, Research, Business Analysis, Software Engineering","reinforcement learning, deep learning, NLP",118848,13.35,0.31,True,High,13,Growing
14d807d4-4de0-4847-ab5f-86347d3e6351,2024,Morocco,Africa,Tokyo,NextGen Solutions,Small,Agriculture,ML Engineer,Junior,True,reinforcement learning,0.66,"Project Management, Communication, Data Analysis, SQL, Software Engineering",reinforcement learning,35522,13.07,0.2,True,Low,11,Growing
01e298c2-4e4a-4755-98a9-484a545693e2,2024,Thailand,Southeast Asia,Singapore,NextGen Systems,Large,Healthcare,Software Engineer,Mid,True,"reinforcement learning, generative AI, NLP",0.43,"Business Analysis, Python, Project Management, Statistics, Software Engineering","reinforcement learning, generative AI, NLP",68498,13.56,0.26,True,Low,16,Growing
72a12c0c-eb07-4788-bdfe-b1240f642bb2,2022,Ghana,Africa,Lagos,NextGen Solutions,Large,Agriculture,Policy Analyst,Lead,True,"NLP, MLOps, machine learning",0.82,"Software Engineering, Communication, Python, Project Management, Cloud Computing","NLP, MLOps, machine learning",37313,8.71,0.2,True,High,7,Growing
233ee88e-9708-4a36-bb40-418996d3d6cd,2017,Netherlands,Europe,Lagos,Prime Solutions,Startup,Healthcare,Systems Engineer,Executive,False,,0.19,"Software Engineering, Research, SQL, Cloud Computing, Business Analysis, Statistics",Not Specified,68619,-0.93,0.86,False,Medium,6,Growing
94a3c7a2-41b9-43a2-8776-baa181587077,2017,China,East Asia,London,Global Solutions,Enterprise,Retail,Operations Manager,Junior,False,,0.16,"Statistics, Python, SQL, Cloud Computing",Not Specified,63116,2.85,0.64,False,Medium,14,Growing
b9f6e743-a640-40b9-8635-0003f6ce1707,2013,United States,North America,London,Future Analytics,Small,Manufacturing,Product Manager,Lead,False,,0.08,"SQL, Cloud Computing, Python, Research, Statistics",Not Specified,74382,-4.42,0.65,False,Medium,14,Emerging
e458558b-4fb1-413d-a5b3-b15402c2e957,2010,Brazil,South America,Sao Paulo,NextGen Analytics,Medium,Tech,Business Analyst,Executive,False,,0.07,"Business Analysis, Statistics, Data Analysis, Cloud Computing, Software Engineering, Communication",Not Specified,37043,4.0,0.68,False,Low,1,Emerging
f4716fa2-619e-41d4-ae19-e9efa6074e55,2020,New Zealand,Oceania,Bangalore,Global Analytics,Small,Tech,Operations Manager,Intern,False,,0.0,"Research, Python, Business Analysis, Communication",Not Specified,89794,0.9,0.78,False,High,18,Growing
7a09e0b6-3fec-4bfd-934d-dd5ace825872,2025,Brazil,South America,Lagos,Prime Systems,Enterprise,Healthcare,ML Engineer,Executive,False,,0.13,"SQL, Cloud Computing, Project Management, Statistics, Software Engineering, Communication",Not Specified,47667,-0.39,0.72,False,Low,18,Growing
d3f666dc-e132-4d02-a38f-2344cf9deebe,2024,Japan,East Asia,London,Future Analytics,Large,Retail,Systems Engineer,Junior,False,,0.05,"Python, Business Analysis, Project Management",Not Specified,79976,2.62,0.77,False,Medium,4,Growing
04899407-25ec-42fd-9946-d8625c8827ae,2025,New Zealand,Oceania,Tokyo,Future Technologies,Large,Tech,Policy Analyst,Senior,True,"NLP, LLMs",0.83,"SQL, Statistics, Project Management, Data Analysis, Cloud Computing, Software Engineering","NLP, LLMs",140401,12.91,0.17,True,Medium,15,Mature
2ccf3311-c33b-435a-9aaf-b6b437410ceb,2010,Israel,Middle East,Sao Paulo,Prime Analytics,Enterprise,Retail,Research Scientist,Senior,True,NLP,0.69,"Cloud Computing, Software Engineering, Business Analysis, Python, Communication",NLP,61786,0.62,0.29,True,Low,14,Emerging
9a869871-a096-47d5-be50-3cf46dbe29f3,2012,Germany,Europe,Bangalore,Future Systems,Startup,Retail,Product Manager,Junior,False,,0.1,"Communication, Cloud Computing, Python",Not Specified,58004,3.86,0.75,False,Medium,0,Emerging
efd3f306-c1e0-4f15-83d9-3704386a35b9,2020,New Zealand,Oceania,Seoul,Global Systems,Large,Retail,Data Scientist,Mid,False,,0.13,"Statistics, Cloud Computing, Communication",Not Specified,93330,-2.79,0.82,False,High,3,Growing
c806b9e1-822d-406d-bf20-fe2b79c9d8bf,2022,Indonesia,Southeast Asia,Berlin,Future Analytics,Enterprise,Retail,ML Engineer,Executive,True,generative AI,0.8,"SQL, Data Analysis, Project Management, Cloud Computing, Communication, Statistics",generative AI,49702,7.91,0.19,True,Low,13,Growing
ada04c45-ade0-440b-aad2-af87e16e28ec,2016,Pakistan,South Asia,Dubai,Global Analytics,Small,Retail,ML Engineer,Lead,False,,0.07,"SQL, Business Analysis, Python, Cloud Computing",Not Specified,26749,-1.86,0.87,False,Medium,17,Emerging
ab4cbc41-6763-4a60-940c-082180337e55,2025,Philippines,Southeast Asia,Bangalore,Future Solutions,Medium,Agriculture,Data Scientist,Senior,False,,0.2,"Communication, Business Analysis, Data Analysis, Cloud Computing",Not Specified,47297,2.54,0.81,False,High,0,Growing
277b05ba-2daa-48a6-9fd2-865c1d4ae143,2016,Malaysia,Southeast Asia,Toronto,Future Solutions,Large,Agriculture,AI Researcher,Executive,True,"MLOps, machine learning, computer vision",0.77,"Statistics, Project Management, Business Analysis","MLOps, machine learning, computer vision",56729,1.71,0.19,True,Medium,19,Emerging
9d6cc5f7-7e42-464c-bf2a-0fcc6db3c749,2023,Indonesia,Southeast Asia,New York,Future Systems,Small,Agriculture,AI Researcher,Intern,False,,0.19,"Communication, Business Analysis, Software Engineering, SQL, Python, Research",Not Specified,35860,-0.47,0.81,False,High,3,Growing
212248ad-e80a-4790-9d40-2b191c678766,2017,Sri Lanka,South Asia,Singapore,NextGen Analytics,Large,Agriculture,Research Scientist,Lead,False,,0.17,"SQL, Cloud Computing, Data Analysis, Software Engineering",Not Specified,21899,3.65,0.76,False,Low,7,Growing
905f6cf9-bfed-48eb-b3cc-29ed58e1183e,2016,Indonesia,Southeast Asia,Singapore,Future Analytics,Large,Agriculture,AI Researcher,Executive,False,,0.13,"Cloud Computing, SQL, Python, Data Analysis, Statistics",Not Specified,30577,-1.01,0.74,False,High,14,Emerging
0494a46f-62be-4cca-88de-97af321bc234,2014,Philippines,Southeast Asia,Dubai,Global Systems,Startup,Retail,Policy Analyst,Mid,False,,0.04,"Research, Software Engineering, Data Analysis, SQL, Communication",Not Specified,35499,3.03,0.76,False,Medium,16,Emerging
cdca0357-101d-4f9b-ad64-84c5b546650c,2025,Israel,Middle East,Lagos,Future Technologies,Startup,Healthcare,Software Engineer,Senior,True,"LLMs, machine learning",0.41,"Python, Research, SQL, Project Management, Statistics, Communication","LLMs, machine learning",94991,9.81,0.34,True,Low,10,Growing
9f801984-a2d5-4d98-a926-69da1e4f008e,2010,Ghana,Africa,Singapore,Global Solutions,Enterprise,Manufacturing,Data Scientist,Executive,False,,0.11,"SQL, Software Engineering, Python, Cloud Computing, Business Analysis, Statistics",Not Specified,19277,-0.04,0.65,False,Medium,6,Emerging
11a46073-18e1-403d-a5c7-d591f79069a2,2010,Colombia,South America,New York,NextGen Solutions,Startup,Agriculture,Systems Engineer,Lead,False,,0.19,"Data Analysis, Research, SQL",Not Specified,39822,4.11,0.63,False,Medium,1,Emerging
af62fbe3-41b6-46a4-9d29-5ee0c0291b61,2018,Colombia,South America,Seoul,Future Technologies,Medium,Retail,Systems Engineer,Intern,False,,0.08,"Software Engineering, Business Analysis, Communication, Project Management",Not Specified,38888,-0.61,0.63,False,Low,5,Growing
0f39a34f-f513-44be-b715-2721dc9d4345,2019,Sweden,Europe,Paris,Prime Analytics,Medium,Retail,ML Engineer,Intern,True,deep learning,0.91,"Research, Project Management, Software Engineering, SQL",deep learning,116850,12.25,0.18,True,High,12,Growing
9a69191b-ba37-4db5-a086-e2ec16482591,2019,Pakistan,South Asia,Bangalore,Prime Solutions,Large,Healthcare,Business Analyst,Intern,False,,0.0,"Business Analysis, SQL, Project Management, Data Analysis",Not Specified,27698,-2.19,0.8,False,Low,9,Growing
40d04a3d-ee8f-40d3-a246-89abf2bfb65f,2021,Netherlands,Europe,Bangalore,Global Solutions,Large,Retail,Product Manager,Intern,True,"NLP, MLOps",0.92,"Communication, Statistics, Cloud Computing","NLP, MLOps",119089,15.8,0.16,True,Low,11,Growing
9d7caa13-6bf8-4863-813f-a4cb6c2d733c,2020,Poland,Europe,Berlin,Prime Systems,Medium,Tech,ML Engineer,Senior,True,LLMs,0.76,"Project Management, Cloud Computing, Python, Statistics",LLMs,110038,7.23,0.1,True,High,5,Growing
060a8f3c-fc25-4ab2-a48a-886558bd68ca,2024,Philippines,Southeast Asia,London,NextGen Analytics,Enterprise,Manufacturing,Operations Manager,Mid,False,,0.2,"Data Analysis, Business Analysis, Research, Cloud Computing, Communication, Software Engineering",Not Specified,39910,1.07,0.66,False,Low,10,Growing
b7b6d5e1-484e-44da-bbc4-4251cb5b9618,2017,United States,North America,London,Global Solutions,Enterprise,Agriculture,Business Analyst,Executive,False,,0.15,"Communication, Software Engineering, SQL, Data Analysis",Not Specified,87612,3.73,0.89,False,Medium,7,Growing
5d48b792-4d5f-46b5-b37f-7e073ccb68de,2014,Australia,Oceania,Sao Paulo,Global Technologies,Startup,Retail,Product Manager,Intern,False,,0.11,"Data Analysis, SQL, Python, Cloud Computing, Communication, Software Engineering",Not Specified,77087,3.69,0.87,False,Low,10,Emerging
22b08521-8cb5-431c-8dee-131090d4954a,2025,Vietnam,Southeast Asia,Sydney,Prime Analytics,Large,Tech,Product Manager,Intern,True,machine learning,0.71,"Business Analysis, Research, SQL, Communication",machine learning,62942,13.35,0.16,True,Medium,17,Mature
44987e40-7ad0-4638-9fca-a3fa544f101f,2019,Germany,Europe,London,Future Technologies,Large,Tech,Research Scientist,Intern,False,,0.09,"Communication, Python, Data Analysis, Research",Not Specified,69249,0.25,0.89,False,Low,10,Growing
628722a7-5794-4775-893a-aacae8ce2945,2022,Japan,East Asia,Paris,NextGen Systems,Large,Tech,AI Researcher,Junior,True,"LLMs, computer vision",0.56,"Project Management, Research, SQL, Data Analysis, Software Engineering, Statistics","LLMs, computer vision",114940,16.61,0.23,True,High,6,Mature
9555cd3f-b154-48d5-9530-afcfacff2981,2024,France,Europe,Seoul,Future Analytics,Medium,Healthcare,Product Manager,Mid,True,LLMs,0.73,"SQL, Research, Business Analysis, Software Engineering",LLMs,131929,8.23,0.31,True,Medium,11,Growing
7343e9ee-cd0c-47bf-8e73-daaf71f6255f,2011,Qatar,Middle East,Sydney,NextGen Analytics,Large,Tech,Systems Engineer,Lead,False,,0.17,"Software Engineering, Statistics, Research, Communication",Not Specified,52643,2.36,0.68,False,High,11,Emerging
1af4e3da-4edb-4f0d-be83-1c15f78e586c,2020,Canada,North America,New York,Global Technologies,Small,Agriculture,Software Engineer,Senior,False,,0.07,"SQL, Communication, Project Management, Business Analysis",Not Specified,77721,2.42,0.82,False,Medium,18,Growing
788e453c-b940-431e-b81d-5b02550e0c5a,2022,Nigeria,Africa,Bangalore,Global Technologies,Small,Manufacturing,AI Researcher,Intern,False,,0.08,"SQL, Software Engineering, Communication",Not Specified,27688,-2.69,0.71,False,High,14,Growing
c3ca547f-d093-4201-ac88-1ed4d0c23901,2019,Peru,South America,Dubai,Future Systems,Large,Retail,Policy Analyst,Intern,False,,0.05,"Python, Statistics, Business Analysis",Not Specified,42242,-3.9,0.8,False,Medium,7,Growing
b766dde5-49b8-4daf-8aba-78d69efd84ae,2023,South Korea,East Asia,Dubai,Global Solutions,Small,Tech,Operations Manager,Intern,True,"computer vision, NLP",0.89,"Statistics, Project Management, Data Analysis, SQL, Communication, Research","computer vision, NLP",105113,8.74,0.3,True,High,19,Mature
704383a7-b812-4876-b0cf-5357f07bee15,2021,Philippines,Southeast Asia,Seoul,Global Analytics,Large,Healthcare,Policy Analyst,Junior,False,,0.06,"Software Engineering, SQL, Statistics",Not Specified,39476,4.13,0.79,False,Low,2,Growing
ef9c4816-0688-4020-b8aa-47017f5e6422,2015,Chile,South America,Sydney,Prime Technologies,Startup,Manufacturing,Software Engineer,Executive,False,,0.14,"Software Engineering, SQL, Communication, Business Analysis",Not Specified,40259,4.94,0.87,False,High,8,Emerging
4334edc9-eb5a-4399-92be-33a9bec61a4e,2025,Chile,South America,Berlin,NextGen Systems,Medium,Retail,Systems Engineer,Mid,False,,0.19,"SQL, Communication, Business Analysis, Cloud Computing",Not Specified,45337,4.1,0.76,False,Medium,12,Growing
fdad2383-145c-44a4-afad-c27e3d979c3a,2011,Canada,North America,London,NextGen Solutions,Medium,Retail,Systems Engineer,Executive,False,,0.14,"SQL, Python, Software Engineering, Cloud Computing",Not Specified,65896,4.8,0.88,False,High,1,Emerging
a019f77e-2d12-4ac2-8cda-94acddea75c5,2023,Vietnam,Southeast Asia,New York,Future Systems,Large,Retail,Product Manager,Executive,False,,0.01,"Cloud Computing, Software Engineering, Communication, Business Analysis, Project Management",Not Specified,42418,2.66,0.67,False,Low,7,Growing
70046c4e-898b-4a17-9fbc-13a677f51bdf,2014,Thailand,Southeast Asia,Sydney,Global Analytics,Startup,Retail,ML Engineer,Executive,False,,0.14,"SQL, Cloud Computing, Communication, Software Engineering, Data Analysis, Business Analysis",Not Specified,30719,3.51,0.88,False,Medium,15,Emerging
e553de52-db1e-4d7a-b5c3-a372c5dbfa49,2016,South Africa,Africa,Bangalore,NextGen Systems,Large,Retail,Research Scientist,Mid,False,,0.1,"Python, Software Engineering, Project Management, Research",Not Specified,19674,4.08,0.63,False,Medium,3,Emerging
1a54ced6-7a7c-46e9-bead-f5c834055c12,2019,Egypt,Africa,London,NextGen Technologies,Large,Healthcare,Software Engineer,Junior,True,"computer vision, deep learning, MLOps",0.69,"SQL, Communication, Research, Software Engineering, Statistics","computer vision, deep learning, MLOps",33221,10.49,0.3,True,Low,1,Growing
d7cb4e1d-d1ae-4456-8b10-320f21965d63,2025,Brazil,South America,Seoul,Future Systems,Small,Retail,ML Engineer,Junior,True,NLP,0.88,"Data Analysis, Communication, Project Management, Business Analysis",NLP,69025,12.5,0.39,True,Low,1,Growing
826485d2-4fe4-4942-8c01-d7e4e4141b21,2017,New Zealand,Oceania,Lagos,Future Technologies,Medium,Agriculture,Research Scientist,Intern,False,,0.17,"Software Engineering, Python, Statistics, Cloud Computing",Not Specified,78048,4.41,0.83,False,Medium,16,Growing
75adede6-884f-48e0-bbc3-cee6a622774e,2019,Colombia,South America,Sao Paulo,Future Analytics,Enterprise,Manufacturing,AI Researcher,Lead,False,,0.16,"SQL, Project Management, Research",Not Specified,48504,0.4,0.66,False,Medium,1,Growing
49b0b89d-da28-4fda-b0f8-f1656af2ba90,2016,Pakistan,South Asia,Sao Paulo,Prime Technologies,Large,Tech,AI Researcher,Intern,False,,0.08,"Communication, SQL, Business Analysis",Not Specified,23005,3.92,0.62,False,High,2,Emerging
d74e9391-cd88-484e-9990-1b745f2de40e,2020,Peru,South America,Toronto,Prime Systems,Small,Retail,Operations Manager,Intern,True,"reinforcement learning, deep learning",0.8,"Software Engineering, Project Management, Python, Research","reinforcement learning, deep learning",70216,8.32,0.12,True,Low,17,Growing
b3a475f4-2a27-4abd-8931-03fad0459d5b,2010,United Kingdom,Europe,Bangalore,Prime Solutions,Medium,Manufacturing,ML Engineer,Mid,False,,0.01,"Research, Cloud Computing, Software Engineering, SQL, Business Analysis, Data Analysis",Not Specified,53589,-4.03,0.65,False,Medium,1,Emerging
260e50ea-7976-4477-8e69-f2de45d70862,2014,South Korea,East Asia,London,NextGen Systems,Medium,Tech,Operations Manager,Junior,False,,0.04,"Communication, Statistics, Software Engineering",Not Specified,67274,4.4,0.79,False,High,19,Emerging
45a0e73e-dcf7-4522-9706-84718cef66c9,2020,United States,North America,Seoul,Prime Solutions,Startup,Retail,Business Analyst,Mid,False,,0.11,"Statistics, Software Engineering, SQL, Business Analysis, Communication, Project Management",Not Specified,92866,2.54,0.84,False,Medium,9,Growing
74a7f083-5a87-486d-9bdf-fc371ad55229,2020,United Kingdom,Europe,Lagos,Future Analytics,Startup,Manufacturing,Operations Manager,Mid,False,,0.13,"Communication, Data Analysis, Python",Not Specified,87457,4.74,0.88,False,Low,12,Growing
aa9a38c7-dfbb-4a64-90fe-ec2bd3ba1846,2017,Malaysia,Southeast Asia,Sao Paulo,Prime Systems,Startup,Tech,Research Scientist,Intern,True,"reinforcement learning, machine learning, NLP",0.88,"Cloud Computing, Business Analysis, Statistics, Data Analysis, Communication","reinforcement learning, machine learning, NLP",48519,1.29,0.12,True,Medium,0,Growing
5f994418-24a9-46e7-9a53-621eaef52e7b,2011,United States,North America,Sydney,NextGen Solutions,Startup,Manufacturing,Policy Analyst,Senior,False,,0.14,"Data Analysis, Statistics, Business Analysis, Python, Communication",Not Specified,66797,-1.41,0.79,False,High,18,Emerging
9b9c0399-fcc0-4c0c-b6b5-14ae8366a02d,2010,Nepal,South Asia,Nairobi,Prime Solutions,Small,Manufacturing,Software Engineer,Executive,False,,0.19,"Cloud Computing, Software Engineering, Research, Business Analysis, Statistics, Project Management",Not Specified,19635,3.38,0.86,False,Low,3,Emerging
0b6c90d0-ad9f-4b2d-9354-bd85dbd78af0,2017,Mexico,North America,Sydney,Global Analytics,Small,Healthcare,Policy Analyst,Mid,False,,0.09,"Cloud Computing, Business Analysis, Research, Data Analysis, Software Engineering",Not Specified,83983,-3.38,0.69,False,High,16,Growing
85c88070-0f72-45b9-8637-f56349c9daac,2019,Jordan,Middle East,Sydney,NextGen Technologies,Startup,Tech,Business Analyst,Lead,False,,0.06,"Research, Python, Software Engineering, Business Analysis, SQL, Project Management",Not Specified,60447,2.61,0.76,False,Medium,15,Growing
f02ea61c-475b-407c-89ac-edf456483317,2012,India,South Asia,Lagos,Future Analytics,Medium,Retail,Product Manager,Junior,False,,0.05,"Business Analysis, Project Management, Software Engineering, Data Analysis, Communication",Not Specified,19814,1.4,0.84,False,High,17,Emerging
9aaa9e3c-8af6-492a-b388-1d2aee175a36,2020,Israel,Middle East,Dubai,Future Technologies,Large,Retail,Data Scientist,Executive,True,"computer vision, deep learning, NLP, generative AI",0.93,"Data Analysis, Software Engineering, Research, SQL, Cloud Computing, Business Analysis","computer vision, deep learning, NLP, generative AI",77438,16.76,0.2,True,Medium,12,Growing
f493eddc-65f0-464e-ab0b-de778d44a684,2025,Nepal,South Asia,Sydney,Global Technologies,Enterprise,Tech,Operations Manager,Senior,True,"NLP, generative AI, MLOps",0.94,"Cloud Computing, Research, Data Analysis, Statistics, Communication","NLP, generative AI, MLOps",44459,5.3,0.22,True,Medium,6,Mature
7417f035-b1c2-4a3a-ba4e-fefdcd261601,2023,Morocco,Africa,New York,Global Analytics,Startup,Retail,Research Scientist,Intern,False,,0.14,"Business Analysis, Software Engineering, Python, Project Management, Cloud Computing",Not Specified,27292,-1.57,0.65,False,High,4,Growing
fc784969-be29-4c5d-b9ce-d7dc3d373879,2025,Nigeria,Africa,Tokyo,Prime Solutions,Startup,Tech,AI Researcher,Junior,True,"computer vision, MLOps",0.87,"Communication, Data Analysis, Cloud Computing, Software Engineering, Research, Python","computer vision, MLOps",34433,14.58,0.11,True,High,0,Mature
b3740282-68a5-4a7d-9c15-47b329800679,2019,Malaysia,Southeast Asia,Paris,Future Systems,Enterprise,Healthcare,AI Researcher,Intern,False,,0.08,"Software Engineering, Communication, Data Analysis, Statistics",Not Specified,37803,-0.21,0.69,False,Low,14,Growing
27755ab2-50c9-4db0-9b96-0b57a648d42a,2022,Nigeria,Africa,Sao Paulo,Future Technologies,Medium,Healthcare,Operations Manager,Junior,True,"generative AI, deep learning, MLOps",0.63,"Research, Software Engineering, Communication, Cloud Computing, SQL, Business Analysis","generative AI, deep learning, MLOps",35478,6.89,0.36,True,High,16,Growing
a5e0b027-ab68-46b1-ab0d-639795f881be,2012,Jordan,Middle East,Paris,Prime Systems,Enterprise,Healthcare,Data Scientist,Mid,False,,0.09,"Software Engineering, Business Analysis, Data Analysis",Not Specified,53102,-0.2,0.75,False,High,12,Emerging
a06a8877-a303-4611-ba09-dbd52a8095fb,2015,South Korea,East Asia,Bangalore,Global Solutions,Startup,Manufacturing,Software Engineer,Executive,False,,0.1,"Software Engineering, SQL, Research",Not Specified,55172,0.14,0.64,False,Low,19,Emerging
ae138331-36de-425a-8e2f-eaf61ad466bb,2013,Brazil,South America,Tokyo,Prime Systems,Enterprise,Retail,Data Scientist,Executive,False,,0.08,"Software Engineering, Cloud Computing, Project Management",Not Specified,42079,4.54,0.63,False,Low,14,Emerging
da4e9e12-6e4b-46d9-947c-43171cee7242,2011,Taiwan,East Asia,Seoul,Future Analytics,Medium,Healthcare,Software Engineer,Intern,False,,0.2,"Python, Cloud Computing, Statistics",Not Specified,52755,-1.59,0.82,False,Low,2,Emerging
dce35215-36f9-4950-b28a-9a1336d2fca3,2018,Canada,North America,Bangalore,Prime Solutions,Medium,Agriculture,Data Scientist,Senior,False,,0.06,"Research, Business Analysis, SQL, Communication, Statistics",Not Specified,82892,3.37,0.65,False,Medium,10,Growing
66cf038e-6952-46cc-8e8f-ef8186e2bdd0,2020,New Zealand,Oceania,Lagos,Prime Analytics,Medium,Tech,Data Scientist,Lead,True,"deep learning, NLP, MLOps",0.81,"Statistics, Python, SQL","deep learning, NLP, MLOps",122705,17.02,0.33,True,Medium,3,Growing
71bf8253-3056-4299-a3eb-b48b97e2b2d1,2023,Egypt,Africa,Berlin,Global Analytics,Large,Healthcare,Systems Engineer,Executive,True,"machine learning, NLP, deep learning, MLOps",0.43,"Software Engineering, Python, Research","machine learning, NLP, deep learning, MLOps",37398,13.65,0.13,True,Medium,17,Growing
4733dbfa-48d2-4eda-884d-b0a876beae93,2025,Taiwan,East Asia,Dubai,Global Solutions,Startup,Healthcare,AI Researcher,Intern,False,,0.03,"SQL, Statistics, Data Analysis, Project Management",Not Specified,87587,0.53,0.67,False,Low,11,Growing
fe7280d2-214e-4122-b33e-38a71c34ee6a,2015,United States,North America,New York,Global Technologies,Medium,Healthcare,Product Manager,Senior,False,,0.16,"SQL, Business Analysis, Data Analysis",Not Specified,69893,-2.84,0.63,False,High,1,Emerging
2add0b2c-8b35-4465-917d-64060094257b,2024,Japan,East Asia,Singapore,Global Analytics,Small,Tech,Operations Manager,Senior,False,,0.19,"Business Analysis, Communication, Data Analysis",Not Specified,80889,3.85,0.79,False,High,12,Mature
4496ae06-6ccd-4e12-9187-8886ef7cc890,2018,Canada,North America,London,Global Systems,Enterprise,Tech,Data Scientist,Senior,True,"deep learning, MLOps, computer vision, machine learning",0.85,"Statistics, Research, Cloud Computing, Software Engineering, Data Analysis, SQL","deep learning, MLOps, computer vision, machine learning",122825,7.6,0.37,True,High,18,Growing
30b6a1b0-1513-4dc7-a33f-f19fb8b22164,2010,Nigeria,Africa,New York,Prime Solutions,Large,Manufacturing,Research Scientist,Executive,True,"reinforcement learning, computer vision, machine learning",0.79,"Software Engineering, Statistics, Python, Data Analysis","reinforcement learning, computer vision, machine learning",26025,3.53,0.29,True,Medium,14,Emerging
713dd777-7f0c-4a5a-89bf-451f4ed47e4f,2020,Mexico,North America,London,NextGen Systems,Small,Agriculture,Data Scientist,Mid,True,"machine learning, deep learning, computer vision, LLMs",0.72,"SQL, Research, Statistics","machine learning, deep learning, computer vision, LLMs",114397,10.92,0.18,True,Medium,10,Growing
863809fc-25ee-4880-aeb2-9c1c875ff8b6,2016,Qatar,Middle East,Paris,NextGen Solutions,Enterprise,Agriculture,Data Scientist,Senior,False,,0.11,"Statistics, Communication, Project Management, SQL",Not Specified,53335,-1.93,0.71,False,Low,11,Emerging
7c9370ca-3090-4274-b288-145e68a48758,2012,Netherlands,Europe,Nairobi,Prime Analytics,Medium,Retail,Product Manager,Intern,False,,0.02,"SQL, Project Management, Communication, Cloud Computing, Statistics",Not Specified,60346,-2.47,0.62,False,Medium,2,Emerging
752c32b5-4ef3-4aac-9107-bab2026ccc8b,2020,Chile,South America,Singapore,Global Solutions,Medium,Manufacturing,Systems Engineer,Executive,False,,0.11,"SQL, Research, Software Engineering, Cloud Computing",Not Specified,40276,-4.68,0.76,False,High,18,Growing
26317e19-8084-497b-a3c1-3498f4062514,2018,Singapore,Southeast Asia,Sydney,Future Analytics,Startup,Tech,Data Scientist,Senior,False,,0.05,"Business Analysis, Python, Data Analysis, Project Management",Not Specified,40939,4.17,0.88,False,Medium,15,Growing
568fffd6-400d-495e-a270-7f6e527f93ce,2022,India,South Asia,Sydney,Prime Systems,Startup,Healthcare,Data Scientist,Senior,True,"computer vision, reinforcement learning, MLOps, LLMs",0.91,"Research, Communication, SQL, Software Engineering, Project Management, Cloud Computing","computer vision, reinforcement learning, MLOps, LLMs",40200,11.57,0.3,True,Low,9,Growing
60a9e043-2b81-4bac-95b6-cd3dfd82a0f6,2015,Netherlands,Europe,Toronto,NextGen Technologies,Medium,Agriculture,Business Analyst,Intern,False,,0.1,"Communication, Software Engineering, Python, SQL, Research, Statistics",Not Specified,59131,0.46,0.62,False,High,1,Emerging
5e524ec9-7278-4839-a7d5-3843b279e2ed,2018,Australia,Oceania,Paris,Prime Systems,Startup,Agriculture,Business Analyst,Lead,False,,0.18,"Project Management, Cloud Computing, Business Analysis, Software Engineering",Not Specified,76870,2.25,0.68,False,Medium,17,Growing
327bddd7-3963-43be-b5a4-12e3f0c4b9f7,2014,South Korea,East Asia,Toronto,NextGen Technologies,Medium,Retail,Research Scientist,Lead,False,,0.06,"Software Engineering, Data Analysis, Research",Not Specified,57221,0.62,0.73,False,High,13,Emerging
b6d5a9cb-f0eb-4ff6-8b1a-ea615c2f20fe,2018,Vietnam,Southeast Asia,Berlin,Prime Technologies,Large,Tech,Policy Analyst,Senior,False,,0.02,"Project Management, Data Analysis, Communication, Business Analysis",Not Specified,42657,-2.4,0.67,False,High,19,Growing
e9465cf7-5e87-435e-9b35-dde03b741f64,2014,New Zealand,Oceania,Sydney,Prime Systems,Medium,Healthcare,Data Scientist,Junior,False,,0.05,"Business Analysis, Statistics, Software Engineering, Data Analysis, Research",Not Specified,76058,2.4,0.66,False,High,1,Emerging
d6b09bbe-fa51-487e-a4f1-99e911aa8d32,2025,Japan,East Asia,Singapore,Prime Technologies,Small,Manufacturing,Data Scientist,Senior,False,,0.0,"Data Analysis, SQL, Business Analysis, Project Management",Not Specified,83260,-3.19,0.81,False,Medium,12,Growing
e4c4a57c-6266-4a93-b32e-a84b79c58cc0,2024,Brazil,South America,Singapore,Global Systems,Enterprise,Tech,Systems Engineer,Mid,True,"deep learning, MLOps, machine learning, computer vision",0.45,"Data Analysis, Software Engineering, Business Analysis, Research","deep learning, MLOps, machine learning, computer vision",73106,8.29,0.29,True,Medium,7,Mature
07c3220d-30e5-4e37-b0df-22d657f588c6,2020,New Zealand,Oceania,New York,Future Systems,Enterprise,Retail,Product Manager,Mid,False,,0.11,"Research, Data Analysis, Project Management, Python",Not Specified,95224,0.64,0.82,False,Low,12,Growing
f1b136c5-2368-43f0-826f-4380b5f70d8c,2015,Israel,Middle East,Paris,NextGen Analytics,Small,Agriculture,Product Manager,Lead,False,,0.05,"Communication, Software Engineering, Python, Business Analysis, SQL",Not Specified,55417,-2.4,0.64,False,Medium,16,Emerging
58c52547-f554-43d2-a113-96378d8e872f,2020,Brazil,South America,Bangalore,NextGen Solutions,Large,Retail,Product Manager,Senior,False,,0.11,"SQL, Data Analysis, Project Management, Research, Communication",Not Specified,43611,3.49,0.76,False,Medium,8,Growing
9d4695ca-2701-4944-8c9f-28848a329de8,2024,Mexico,North America,Toronto,Future Solutions,Enterprise,Tech,Research Scientist,Intern,True,"computer vision, machine learning, generative AI, deep learning",0.73,"Project Management, SQL, Data Analysis, Cloud Computing, Research, Python","computer vision, machine learning, generative AI, deep learning",143766,8.8,0.2,True,High,3,Mature
5e42c12b-7dc9-4a4d-b3d1-92ae9fccb226,2022,Argentina,South America,Tokyo,Prime Analytics,Small,Manufacturing,Data Scientist,Senior,True,generative AI,0.54,"Statistics, Python, Software Engineering",generative AI,72001,17.67,0.25,True,Low,19,Growing
666263b8-55ef-41d5-a14f-d8339e99e73a,2022,India,South Asia,Tokyo,NextGen Analytics,Large,Healthcare,Product Manager,Senior,True,"reinforcement learning, computer vision",0.5,"Python, Software Engineering, Communication, Data Analysis","reinforcement learning, computer vision",35285,13.54,0.33,True,High,15,Growing
c8e6bfbb-bcd4-471f-85ea-b7bed8cc2d13,2017,Peru,South America,Berlin,Global Systems,Medium,Agriculture,Systems Engineer,Mid,False,,0.14,"Statistics, Communication, Data Analysis",Not Specified,43222,0.27,0.72,False,Medium,9,Growing
e4730eb4-808f-48cb-ada4-1807821f7df6,2010,Germany,Europe,Seoul,Prime Systems,Startup,Tech,Data Scientist,Mid,False,,0.11,"Data Analysis, Statistics, Project Management",Not Specified,56538,1.11,0.77,False,High,1,Emerging
a3e7f368-d3db-48cd-8c71-085eafa02533,2013,Japan,East Asia,Berlin,Prime Technologies,Medium,Tech,Operations Manager,Mid,False,,0.18,"Data Analysis, Communication, Business Analysis, Cloud Computing, Statistics, Software Engineering",Not Specified,65969,-1.17,0.78,False,Medium,10,Emerging
03c098ef-d629-441f-a32a-2f3a3e62cbd3,2012,Nigeria,Africa,New York,Prime Solutions,Small,Retail,Operations Manager,Lead,False,,0.15,"SQL, Cloud Computing, Research, Data Analysis",Not Specified,17399,-0.08,0.86,False,High,19,Emerging
a33f6cab-febc-4eee-86f8-fa53259d5908,2022,UAE,Middle East,Sao Paulo,Future Technologies,Medium,Manufacturing,Policy Analyst,Mid,False,,0.11,"Communication, Data Analysis, Software Engineering",Not Specified,77632,2.63,0.72,False,Medium,2,Growing
e5b12851-05bd-4bf3-b8a5-ec46955fea8a,2013,Malaysia,Southeast Asia,Nairobi,Prime Analytics,Medium,Manufacturing,Systems Engineer,Intern,False,,0.07,"Statistics, Python, Cloud Computing",Not Specified,32009,4.12,0.79,False,Low,8,Emerging
a84cca3e-05dd-41e1-94d5-465f54663d28,2010,United States,North America,Seoul,Prime Solutions,Large,Healthcare,Operations Manager,Junior,False,,0.07,"Communication, Software Engineering, Research, Data Analysis",Not Specified,67448,-1.96,0.71,False,Low,1,Emerging
18abe0f3-fd37-4ee8-8af0-da3a52a6a95d,2023,India,South Asia,Dubai,Future Analytics,Medium,Agriculture,ML Engineer,Intern,False,,0.16,"Software Engineering, Python, Business Analysis, Communication, Research",Not Specified,30316,-3.48,0.67,False,Medium,10,Growing
14142fcb-8060-43c7-8132-e8b1efebbacc,2017,Egypt,Africa,Sydney,NextGen Technologies,Medium,Tech,Data Scientist,Lead,True,"deep learning, MLOps, machine learning",0.92,"SQL, Statistics, Python, Project Management, Software Engineering, Research","deep learning, MLOps, machine learning",32406,-4.3,0.37,True,Medium,12,Growing
00610cc6-f219-4265-877f-ced693a3a917,2024,China,East Asia,Sao Paulo,Prime Solutions,Enterprise,Manufacturing,Operations Manager,Senior,True,NLP,0.48,"Cloud Computing, Project Management, Software Engineering, Data Analysis",NLP,121241,11.65,0.11,True,High,12,Growing
73cb0bc7-9ac1-45ed-94de-91afc331c2d1,2023,New Zealand,Oceania,Nairobi,Global Analytics,Large,Healthcare,Software Engineer,Mid,False,,0.18,"Software Engineering, Statistics, Research, Python, Business Analysis",Not Specified,81876,1.96,0.6,False,Low,6,Growing
afe9f936-67bd-4615-940e-8a3d611b2604,2018,Mexico,North America,Paris,Global Technologies,Small,Healthcare,Software Engineer,Executive,False,,0.07,"Statistics, SQL, Research",Not Specified,88624,1.39,0.74,False,High,7,Growing
4c6bbb41-3979-43a5-9400-863a5156e6e1,2010,China,East Asia,Nairobi,Future Systems,Large,Manufacturing,Product Manager,Intern,False,,0.06,"Communication, Cloud Computing, Data Analysis, Project Management",Not Specified,58855,-2.19,0.68,False,High,18,Emerging
eedf7c46-3b9d-4fb9-a9f1-7b0aade3538b,2014,Thailand,Southeast Asia,Singapore,Future Technologies,Small,Manufacturing,Business Analyst,Executive,False,,0.08,"Cloud Computing, Software Engineering, Research",Not Specified,37283,-4.5,0.89,False,High,18,Emerging
17e106b8-e054-4f4a-805f-c308280fab6d,2015,Sri Lanka,South Asia,London,Prime Solutions,Startup,Manufacturing,Research Scientist,Lead,True,deep learning,0.45,"Data Analysis, Communication, Cloud Computing, Software Engineering, Research, Project Management",deep learning,27993,2.86,0.36,True,Medium,8,Emerging
2d6f5cd1-4a69-4f31-922f-28cc1436c137,2018,Peru,South America,New York,NextGen Analytics,Enterprise,Retail,AI Researcher,Junior,False,,0.04,"Communication, Data Analysis, Research, Project Management, Business Analysis",Not Specified,41614,0.99,0.61,False,High,15,Growing
e8d1b24a-0207-4c6a-b1de-d8a023c2e6bd,2020,Mexico,North America,Bangalore,NextGen Solutions,Small,Manufacturing,Business Analyst,Lead,False,,0.03,"SQL, Project Management, Python, Software Engineering",Not Specified,94194,2.44,0.82,False,Low,10,Growing
7f0b88b2-effc-4dd7-b1cc-7f85890c7e00,2022,Sri Lanka,South Asia,Singapore,Future Technologies,Startup,Manufacturing,ML Engineer,Junior,False,,0.07,"Statistics, Python, Project Management, Cloud Computing, Software Engineering, SQL",Not Specified,31068,-2.89,0.76,False,Low,14,Growing
99d9732a-67aa-49c2-a299-b36d69cde979,2020,Pakistan,South Asia,Toronto,Prime Solutions,Small,Healthcare,Systems Engineer,Junior,True,"LLMs, generative AI",0.48,"Software Engineering, Project Management, Research","LLMs, generative AI",39007,12.4,0.34,True,Medium,0,Growing
50db754b-95cd-4b77-8f83-81821407b04b,2018,Canada,North America,Bangalore,Global Analytics,Medium,Retail,Policy Analyst,Junior,False,,0.01,"Data Analysis, Statistics, Research, Cloud Computing, Project Management, SQL",Not Specified,97040,2.82,0.65,False,High,6,Growing
d8299346-ffbc-40b9-9f44-c69d8439ba6f,2023,Singapore,Southeast Asia,Singapore,Future Technologies,Medium,Healthcare,ML Engineer,Senior,False,,0.19,"Project Management, SQL, Business Analysis, Communication",Not Specified,44501,-1.19,0.76,False,Medium,0,Growing
9bb77962-9386-4a3f-a3d6-d229dd40dbc1,2025,Egypt,Africa,Berlin,NextGen Technologies,Enterprise,Tech,Research Scientist,Senior,True,"computer vision, LLMs, deep learning",0.7,"Software Engineering, Statistics, Project Management, Business Analysis, Research","computer vision, LLMs, deep learning",37453,14.6,0.12,True,Medium,12,Mature
f0af03c1-8a41-44b6-8981-e85ad077cd57,2022,Peru,South America,Paris,NextGen Technologies,Large,Tech,Software Engineer,Senior,True,"LLMs, NLP",0.44,"Communication, Research, Business Analysis, Python","LLMs, NLP",75659,13.55,0.26,True,Medium,5,Mature
24af53ac-c830-4d1b-96e3-ab5748304591,2015,Kenya,Africa,Paris,Prime Systems,Enterprise,Agriculture,Policy Analyst,Intern,False,,0.12,"Python, Software Engineering, SQL",Not Specified,22523,-4.98,0.89,False,Medium,19,Emerging
aa480619-2268-405c-9319-1122a48d6db2,2022,Spain,Europe,Sao Paulo,Future Solutions,Small,Tech,Business Analyst,Junior,False,,0.08,"Data Analysis, SQL, Project Management, Research, Software Engineering, Statistics",Not Specified,70078,1.5,0.89,False,Medium,13,Mature
996237dc-3680-4507-b56e-fbb3ff89064d,2024,Malaysia,Southeast Asia,Sydney,Global Technologies,Enterprise,Healthcare,Data Scientist,Junior,True,"deep learning, machine learning",0.49,"SQL, Data Analysis, Communication, Project Management","deep learning, machine learning",57608,13.05,0.23,True,High,3,Growing
b7cf6821-c418-4ae2-b0e3-5f32102b95e0,2019,Singapore,Southeast Asia,London,Future Technologies,Small,Healthcare,Data Scientist,Senior,False,,0.1,"Python, Cloud Computing, SQL, Project Management",Not Specified,35982,0.44,0.63,False,Medium,4,Growing
670bab12-b4a6-4b50-8aea-b1dc928bfe9a,2011,India,South Asia,Sao Paulo,Global Solutions,Enterprise,Manufacturing,Software Engineer,Junior,False,,0.19,"Data Analysis, Python, Business Analysis, Project Management",Not Specified,20509,-4.65,0.87,False,Low,1,Emerging
f686fae6-947c-4a86-b1ff-d627e2ec9b9e,2013,Ghana,Africa,Toronto,Future Systems,Enterprise,Retail,Software Engineer,Executive,True,machine learning,0.84,"Business Analysis, Research, Project Management, Statistics, Python",machine learning,25807,-1.08,0.3,True,Medium,12,Emerging
d5048be0-3c28-48ec-95ac-c3c1d0e0d5c7,2016,United States,North America,New York,Prime Systems,Startup,Healthcare,Research Scientist,Intern,False,,0.2,"Statistics, Python, Software Engineering, Data Analysis, Research, Cloud Computing",Not Specified,72815,0.22,0.88,False,Low,12,Emerging
fd13b6e2-2e4d-4aba-91bd-de03778d70e0,2021,Thailand,Southeast Asia,Sydney,Future Analytics,Medium,Tech,Policy Analyst,Executive,True,"NLP, generative AI, deep learning, LLMs",0.75,"Data Analysis, Python, Communication, Research, Software Engineering, Cloud Computing","NLP, generative AI, deep learning, LLMs",52236,7.55,0.28,True,Medium,2,Growing
1ac9cd6c-30f9-40da-8b94-d51388950f42,2022,United States,North America,London,Prime Solutions,Small,Retail,Product Manager,Junior,True,"LLMs, machine learning, NLP, generative AI",0.83,"Cloud Computing, Statistics, Research","LLMs, machine learning, NLP, generative AI",142179,14.24,0.32,True,Medium,0,Growing
3bbcab1c-6184-457f-a05c-61ca7ff1c4df,2011,Australia,Oceania,Singapore,Prime Solutions,Enterprise,Healthcare,ML Engineer,Senior,False,,0.2,"Communication, Cloud Computing, Project Management, Software Engineering",Not Specified,71346,-1.5,0.74,False,High,2,Emerging
31747e6f-a898-4d7e-8417-6ffa2c896d0a,2010,Mexico,North America,Bangalore,Prime Systems,Small,Agriculture,ML Engineer,Junior,False,,0.01,"Python, Software Engineering, Cloud Computing, Communication, Project Management, Business Analysis",Not Specified,70451,-2.36,0.73,False,Medium,0,Emerging
a17b51bd-e5a6-4ebd-9292-12f82d391307,2021,France,Europe,Paris,Global Solutions,Medium,Healthcare,Business Analyst,Intern,True,"deep learning, reinforcement learning",0.54,"Statistics, Cloud Computing, Python, Software Engineering, Project Management, SQL","deep learning, reinforcement learning",98089,10.48,0.4,True,Medium,19,Growing
64d8dd48-4cd1-409d-bc9e-1ee81d14ded2,2018,Canada,North America,Lagos,Prime Systems,Small,Agriculture,Data Scientist,Lead,False,,0.09,"Communication, Business Analysis, Statistics, Project Management",Not Specified,89757,-2.89,0.85,False,Low,4,Growing
60eafb0f-8acc-47b7-957b-7c743e30152e,2014,Saudi Arabia,Middle East,New York,NextGen Solutions,Large,Retail,Product Manager,Intern,False,,0.18,"Project Management, Research, Data Analysis, Software Engineering, Statistics",Not Specified,57326,-3.29,0.73,False,Medium,4,Emerging
b863ca85-eafe-4ff5-87db-7b5903c36a80,2015,United States,North America,Dubai,Global Solutions,Large,Agriculture,ML Engineer,Lead,False,,0.11,"Communication, Python, Statistics, SQL",Not Specified,81386,4.65,0.86,False,Low,13,Emerging
efd91c13-ee45-43f7-b10c-792152a4671a,2010,Indonesia,Southeast Asia,Sydney,Prime Analytics,Small,Agriculture,Systems Engineer,Lead,False,,0.05,"SQL, Communication, Python, Data Analysis",Not Specified,33611,-2.1,0.63,False,Low,15,Emerging
3362f143-8aec-4a41-b4d6-0728216040ac,2024,Peru,South America,London,Future Technologies,Enterprise,Tech,Policy Analyst,Senior,True,"LLMs, MLOps, NLP, generative AI",0.91,"Software Engineering, Project Management, Cloud Computing, SQL, Python, Data Analysis","LLMs, MLOps, NLP, generative AI",64932,16.05,0.28,True,High,11,Mature
b55d3a99-8a8e-4ecd-abf3-8d41283d07ee,2023,Taiwan,East Asia,Berlin,Prime Technologies,Enterprise,Retail,ML Engineer,Mid,False,,0.12,"Software Engineering, Python, Project Management, Statistics",Not Specified,77899,-3.2,0.72,False,High,19,Growing
5c835625-f257-4472-987f-3e62ef69e97f,2011,Peru,South America,London,NextGen Solutions,Large,Retail,AI Researcher,Intern,False,,0.06,"Business Analysis, Research, Project Management, SQL, Cloud Computing, Statistics",Not Specified,39356,-3.91,0.88,False,Medium,12,Emerging
39670733-a38a-408b-b98c-6c76892595fb,2023,Australia,Oceania,Sao Paulo,Future Technologies,Medium,Tech,AI Researcher,Senior,False,,0.13,"Software Engineering, Cloud Computing, Project Management, Communication",Not Specified,92600,-0.29,0.6,False,Low,17,Mature
42ae1777-814d-4e0f-b2de-dd48aa9d25c2,2016,Canada,North America,Bangalore,Future Solutions,Large,Manufacturing,Systems Engineer,Mid,False,,0.18,"Project Management, SQL, Research, Business Analysis, Communication, Cloud Computing",Not Specified,88797,2.33,0.69,False,High,10,Emerging
0465a0e5-0475-4394-9dc8-ccff5faf4810,2015,Pakistan,South Asia,Sydney,Global Technologies,Enterprise,Retail,AI Researcher,Lead,False,,0.01,"SQL, Software Engineering, Research, Project Management, Python",Not Specified,20756,-3.0,0.75,False,Low,16,Emerging
df5cad9d-2d46-4a17-815d-62a8914e243b,2017,Vietnam,Southeast Asia,Berlin,NextGen Analytics,Medium,Agriculture,Policy Analyst,Intern,False,,0.11,"Business Analysis, Statistics, Project Management, Cloud Computing, Data Analysis",Not Specified,41110,4.96,0.83,False,Low,13,Growing
8ab21de5-8bcd-46df-bb6c-7fbd5aa8d7c4,2017,Australia,Oceania,London,Future Analytics,Startup,Healthcare,ML Engineer,Junior,False,,0.13,"Business Analysis, Software Engineering, Python",Not Specified,86064,-0.86,0.86,False,Low,18,Growing
ce49486b-ca1b-4194-b164-6aa30a18d899,2025,Qatar,Middle East,Seoul,NextGen Systems,Startup,Tech,Policy Analyst,Junior,True,NLP,0.71,"Data Analysis, Cloud Computing, Software Engineering, Communication, Research, Business Analysis",NLP,116582,8.32,0.23,True,Medium,5,Mature
5cef7def-6d72-4d4f-975e-261867dd01db,2025,South Korea,East Asia,Sydney,NextGen Technologies,Startup,Manufacturing,Operations Manager,Executive,False,,0.12,"Business Analysis, SQL, Cloud Computing, Data Analysis, Research",Not Specified,73792,-2.81,0.87,False,Medium,15,Growing
b5c52fb5-9147-472a-a9d0-460b442f3c9f,2025,Thailand,Southeast Asia,Lagos,NextGen Analytics,Medium,Agriculture,Business Analyst,Mid,True,"generative AI, LLMs, deep learning",0.63,"Project Management, Business Analysis, Python, Data Analysis","generative AI, LLMs, deep learning",61552,13.85,0.34,True,Low,8,Growing
91f73c1f-00f8-4e01-968f-cc87844b270a,2010,Israel,Middle East,Nairobi,NextGen Solutions,Medium,Healthcare,Research Scientist,Lead,False,,0.08,"Business Analysis, SQL, Python",Not Specified,52106,-3.45,0.9,False,Low,14,Emerging
dfffbdb8-8021-49e2-ab91-7feda43c0084,2015,Japan,East Asia,Tokyo,Prime Solutions,Startup,Manufacturing,Software Engineer,Executive,False,,0.16,"Business Analysis, Research, Python, Cloud Computing",Not Specified,72601,2.26,0.61,False,High,12,Emerging
24c4659c-c05b-47a6-bd89-b2fefcec6fc2,2013,Bangladesh,South Asia,New York,Prime Technologies,Enterprise,Tech,Research Scientist,Junior,False,,0.17,"Project Management, Data Analysis, Cloud Computing",Not Specified,22550,0.94,0.88,False,Low,5,Emerging
ec07bd6d-d252-43c7-acab-4ef8791fc114,2019,Malaysia,Southeast Asia,Singapore,Prime Solutions,Medium,Healthcare,Policy Analyst,Senior,False,,0.01,"Data Analysis, Research, SQL, Python",Not Specified,43134,-1.27,0.71,False,High,15,Growing
be76bfec-dbb3-4c46-bb69-0cc19b6fcbdf,2022,Canada,North America,Bangalore,Global Systems,Medium,Tech,Research Scientist,Senior,False,,0.1,"Python, Business Analysis, Research",Not Specified,95867,1.26,0.89,False,Low,13,Mature
3a17f876-18fd-4af9-91ad-1bf260d6020e,2021,Malaysia,Southeast Asia,New York,Future Technologies,Large,Manufacturing,AI Researcher,Lead,False,,0.08,"Cloud Computing, Business Analysis, Research, Project Management",Not Specified,36195,2.75,0.65,False,High,1,Growing
d29365da-232c-4548-bec0-78a196435272,2024,Australia,Oceania,Toronto,Future Solutions,Enterprise,Retail,Software Engineer,Junior,True,"deep learning, NLP, generative AI",0.41,"SQL, Project Management, Software Engineering, Cloud Computing, Python, Communication","deep learning, NLP, generative AI",126081,7.9,0.19,True,Low,19,Growing
a5fb0091-fd46-49ce-92b5-2e0889ded54f,2019,Nigeria,Africa,Seoul,Future Solutions,Small,Manufacturing,Operations Manager,Lead,False,,0.01,"Python, Software Engineering, Data Analysis",Not Specified,20551,2.91,0.68,False,Medium,12,Growing
1ebcfe80-cd94-4e05-aa3d-ca10fcf828e6,2015,UAE,Middle East,Berlin,Prime Analytics,Enterprise,Agriculture,Systems Engineer,Lead,False,,0.06,"SQL, Project Management, Business Analysis, Research, Software Engineering",Not Specified,54017,0.6,0.82,False,Medium,17,Emerging
26e50bc8-a979-4e05-9836-9d26d644d4eb,2022,New Zealand,Oceania,Lagos,Future Systems,Enterprise,Tech,Business Analyst,Mid,True,"computer vision, LLMs, machine learning, NLP",0.47,"Software Engineering, Cloud Computing, Data Analysis, Project Management, Python","computer vision, LLMs, machine learning, NLP",130914,9.21,0.11,True,Medium,4,Mature
56557258-25f3-4c1f-a5ec-ae5a14efe7fb,2018,Bangladesh,South Asia,Sao Paulo,NextGen Analytics,Small,Retail,Business Analyst,Intern,False,,0.08,"Statistics, SQL, Project Management, Cloud Computing, Python, Data Analysis",Not Specified,21533,-1.66,0.74,False,Medium,0,Growing
d283e932-e2a0-4e8c-8df6-651206ccdea4,2015,Egypt,Africa,New York,Future Analytics,Startup,Agriculture,Operations Manager,Senior,False,,0.08,"Software Engineering, Statistics, Python",Not Specified,23492,1.09,0.63,False,Low,6,Emerging
d9a6ad3b-c2fd-4cf1-810d-fe7f010a06b3,2015,Ghana,Africa,Lagos,Future Analytics,Large,Retail,AI Researcher,Intern,False,,0.09,"Software Engineering, SQL, Business Analysis, Research, Project Management, Statistics",Not Specified,21395,4.97,0.9,False,High,14,Emerging
22bc26e5-7ff3-48cc-9bf2-18fcdf3a149d,2021,Taiwan,East Asia,Nairobi,NextGen Solutions,Enterprise,Manufacturing,Research Scientist,Executive,False,,0.01,"Cloud Computing, SQL, Data Analysis, Python, Statistics",Not Specified,69041,-1.06,0.68,False,Medium,12,Growing
29db7eb7-ee73-4bf4-9b6f-45d8e9980144,2023,Taiwan,East Asia,Singapore,NextGen Solutions,Startup,Tech,Data Scientist,Mid,False,,0.12,"Statistics, Software Engineering, Communication",Not Specified,85086,-3.12,0.84,False,High,8,Mature
67718e51-52ce-4e6d-8672-19a00d78bdbe,2023,Poland,Europe,Lagos,NextGen Technologies,Large,Agriculture,AI Researcher,Junior,False,,0.02,"Business Analysis, Cloud Computing, Data Analysis, Python, Communication",Not Specified,91176,-0.2,0.84,False,High,8,Growing
1da3aeb2-e58a-4279-8052-b5c5d9eea007,2016,Chile,South America,Seoul,Prime Technologies,Small,Retail,Policy Analyst,Executive,False,,0.16,"Python, Software Engineering, SQL, Business Analysis, Research, Cloud Computing",Not Specified,38353,-3.2,0.79,False,Medium,14,Emerging
cb52383e-eb6c-4da0-96d5-dde5ed593f00,2017,India,South Asia,Singapore,NextGen Solutions,Startup,Manufacturing,Data Scientist,Mid,False,,0.05,"Cloud Computing, Business Analysis, Statistics, Python, SQL",Not Specified,21210,3.69,0.7,False,Low,12,Growing
5da44840-9774-4dc7-b72c-6183d5295691,2014,Sweden,Europe,Sydney,NextGen Solutions,Medium,Tech,Research Scientist,Senior,False,,0.15,"Business Analysis, Statistics, Software Engineering, Cloud Computing, Research",Not Specified,64532,-1.54,0.88,False,Low,7,Emerging
a86ff8b1-a0d2-4b4f-bbda-961715b5a827,2021,New Zealand,Oceania,Bangalore,Future Analytics,Medium,Agriculture,ML Engineer,Executive,False,,0.16,"Business Analysis, Software Engineering, Python, SQL, Communication",Not Specified,91425,-4.82,0.74,False,Medium,3,Growing
d685c635-ee99-4773-8e61-b1257857e8d8,2021,New Zealand,Oceania,New York,Prime Solutions,Large,Agriculture,ML Engineer,Intern,False,,0.01,"Business Analysis, Python, Software Engineering, Data Analysis, SQL",Not Specified,88518,3.71,0.8,False,High,0,Growing
4eccaf1e-0677-4026-86f0-83cdb35d148f,2023,Malaysia,Southeast Asia,Nairobi,NextGen Systems,Small,Retail,Data Scientist,Intern,False,,0.14,"SQL, Research, Project Management, Communication, Python, Data Analysis",Not Specified,42246,-3.94,0.81,False,Low,18,Growing
cb18ab72-419f-4102-919e-b9525a355063,2025,United States,North America,New York,Prime Systems,Startup,Manufacturing,Business Analyst,Junior,False,,0.08,"SQL, Business Analysis, Software Engineering, Communication",Not Specified,97771,1.96,0.66,False,Low,4,Growing
88a49042-2334-4725-bb12-f45accfbd943,2018,Qatar,Middle East,Paris,NextGen Systems,Large,Manufacturing,Business Analyst,Intern,True,"machine learning, computer vision, reinforcement learning, deep learning",0.65,"Python, Communication, Software Engineering","machine learning, computer vision, reinforcement learning, deep learning",90547,11.39,0.24,True,Low,19,Growing
e1a65e6c-b0db-4cd1-80bb-2753621a057e,2016,Pakistan,South Asia,New York,Prime Systems,Enterprise,Tech,Data Scientist,Intern,True,"deep learning, reinforcement learning, NLP",0.88,"Business Analysis, Software Engineering, Statistics, Data Analysis","deep learning, reinforcement learning, NLP",28329,1.12,0.26,True,Medium,14,Emerging
ecc68a98-1004-463d-8b6b-7dbbb21c00ed,2023,Pakistan,South Asia,Seoul,NextGen Technologies,Startup,Manufacturing,Data Scientist,Junior,False,,0.04,"Research, Data Analysis, SQL, Project Management, Software Engineering",Not Specified,24793,-4.19,0.74,False,Medium,7,Growing
62c0e485-0bcb-42b0-b198-ffdce94ed786,2011,Nigeria,Africa,Lagos,Prime Systems,Enterprise,Manufacturing,Software Engineer,Junior,False,,0.17,"Research, Python, Cloud Computing, Data Analysis, Statistics",Not Specified,19303,1.38,0.76,False,Low,1,Emerging
44c77eb6-c7c9-47b1-ac8a-6f7681c17439,2012,Singapore,Southeast Asia,Sydney,Future Systems,Large,Tech,Business Analyst,Senior,False,,0.19,"Statistics, Cloud Computing, Business Analysis, Research",Not Specified,32125,0.26,0.73,False,High,10,Emerging
eb44a279-79a0-493e-997a-588dd4091ca4,2024,Morocco,Africa,Toronto,NextGen Solutions,Small,Manufacturing,Software Engineer,Senior,True,"reinforcement learning, computer vision, MLOps",0.7,"Python, Project Management, Data Analysis, Statistics, Business Analysis, SQL","reinforcement learning, computer vision, MLOps",39375,13.32,0.25,True,High,15,Growing
467b7d8c-e0c1-4a86-9d32-26354ddffd1f,2018,United States,North America,Nairobi,Global Analytics,Enterprise,Tech,AI Researcher,Junior,True,reinforcement learning,0.64,"Python, Cloud Computing, Software Engineering, Project Management",reinforcement learning,126845,6.0,0.29,True,Low,10,Growing
5091425e-5e53-4ed2-b349-4b38b9168148,2012,China,East Asia,Nairobi,Future Systems,Enterprise,Retail,Systems Engineer,Junior,False,,0.07,"Business Analysis, Data Analysis, SQL",Not Specified,61530,3.58,0.67,False,Medium,13,Emerging
9a83ab83-2d4a-4492-b9c5-dbfdf826a468,2016,China,East Asia,Tokyo,Future Technologies,Enterprise,Tech,Systems Engineer,Junior,False,,0.07,"Business Analysis, Research, Python, Statistics, Cloud Computing",Not Specified,56797,0.22,0.68,False,Medium,14,Emerging
8e24e144-8af1-4745-93a6-f9428613c8e3,2025,Kenya,Africa,Nairobi,Prime Solutions,Medium,Healthcare,AI Researcher,Intern,False,,0.05,"Cloud Computing, Software Engineering, Communication, SQL, Research, Business Analysis",Not Specified,27696,-0.36,0.64,False,Low,12,Growing
278cbfdc-e16e-4f05-a011-3ef084443963,2019,Australia,Oceania,Paris,Future Solutions,Large,Agriculture,Business Analyst,Lead,True,"MLOps, NLP",0.46,"Business Analysis, Data Analysis, Software Engineering, Project Management","MLOps, NLP",121534,12.28,0.28,True,Low,7,Growing
7b9550d1-f20e-450f-9bf5-3941bd644b6e,2020,Argentina,South America,Lagos,Future Solutions,Startup,Agriculture,Operations Manager,Senior,True,"MLOps, computer vision, deep learning, NLP",0.4,"Data Analysis, Communication, Cloud Computing, Project Management, Software Engineering","MLOps, computer vision, deep learning, NLP",69384,13.1,0.39,True,Medium,16,Growing
a8ad9caa-fe41-462b-b3f2-0d70cab8c0a2,2023,India,South Asia,Bangalore,Future Solutions,Startup,Healthcare,Operations Manager,Intern,True,reinforcement learning,0.46,"Python, Communication, Statistics, Business Analysis, Project Management",reinforcement learning,37420,13.54,0.29,True,Medium,10,Growing
e7c72fd0-0ade-4eb4-a238-d7c07a66fd57,2022,Australia,Oceania,Singapore,Future Analytics,Small,Tech,Software Engineer,Mid,False,,0.16,"SQL, Communication, Python",Not Specified,83340,-0.13,0.81,False,High,3,Mature
8c13bd25-193b-442c-ab6f-e578ce96685b,2016,New Zealand,Oceania,Tokyo,Global Technologies,Enterprise,Tech,ML Engineer,Lead,True,"NLP, reinforcement learning, computer vision, MLOps",0.9,"Business Analysis, Cloud Computing, SQL","NLP, reinforcement learning, computer vision, MLOps",99404,4.12,0.1,True,High,19,Emerging
792c3888-d5ae-4fe1-8858-e7eea13bceff,2019,South Korea,East Asia,Sao Paulo,Future Analytics,Small,Tech,ML Engineer,Lead,False,,0.05,"Data Analysis, Project Management, Business Analysis",Not Specified,68189,-1.78,0.85,False,Medium,13,Growing
73f3c7b3-7f32-4387-82cd-7f74f26018f6,2011,Sweden,Europe,New York,NextGen Systems,Enterprise,Tech,Data Scientist,Mid,True,reinforcement learning,0.88,"Software Engineering, Research, Data Analysis, Cloud Computing",reinforcement learning,95942,2.68,0.25,True,Medium,16,Emerging
649cdb37-c46f-4a9a-905e-d0c9c04754c5,2015,Philippines,Southeast Asia,Paris,Global Analytics,Startup,Healthcare,Research Scientist,Executive,False,,0.2,"Data Analysis, Project Management, Software Engineering, Research",Not Specified,29429,-4.29,0.9,False,High,12,Emerging
783e7d9c-7c3a-408c-8f81-34844209280c,2021,Germany,Europe,Toronto,Global Technologies,Startup,Manufacturing,Operations Manager,Executive,False,,0.2,"Communication, Data Analysis, Cloud Computing, Business Analysis",Not Specified,69452,0.78,0.77,False,Low,17,Growing
354c2891-8ef1-4a06-b2b0-5bf4ca423547,2020,Japan,East Asia,Sao Paulo,Future Solutions,Small,Agriculture,Product Manager,Lead,True,"MLOps, deep learning",0.71,"Python, Data Analysis, Project Management","MLOps, deep learning",108248,13.28,0.26,True,Low,11,Growing
dbaa0c35-c4be-4584-b865-a348e6098e34,2020,Chile,South America,Bangalore,Prime Solutions,Enterprise,Manufacturing,Research Scientist,Mid,True,deep learning,0.66,"Python, Data Analysis, Business Analysis",deep learning,57235,8.63,0.33,True,Low,17,Growing
f7018535-0258-4dd9-b90c-c023a5b40b54,2021,New Zealand,Oceania,Sao Paulo,Global Solutions,Startup,Agriculture,Operations Manager,Intern,False,,0.1,"Communication, Software Engineering, Cloud Computing",Not Specified,78290,-4.79,0.62,False,Low,10,Growing
d10865fb-692d-4652-b03d-042ccb128190,2014,Malaysia,Southeast Asia,Paris,Global Solutions,Medium,Healthcare,Systems Engineer,Lead,False,,0.16,"Python, SQL, Statistics",Not Specified,35590,-1.26,0.79,False,High,17,Emerging
5423a682-7259-4ec1-822b-698081ff493b,2013,United Kingdom,Europe,Nairobi,Global Systems,Startup,Tech,Business Analyst,Junior,False,,0.17,"Data Analysis, Communication, Project Management",Not Specified,60491,1.41,0.69,False,Low,10,Emerging
e332820b-4818-46d9-af99-db729bf15c64,2021,Sri Lanka,South Asia,Sydney,Future Analytics,Large,Tech,Software Engineer,Junior,False,,0.05,"Python, Communication, Data Analysis",Not Specified,30332,-0.23,0.65,False,Medium,11,Growing
0e001921-3943-4a84-a558-f8661e1921f1,2018,Qatar,Middle East,Toronto,Global Solutions,Small,Retail,Software Engineer,Executive,True,"MLOps, reinforcement learning, NLP, machine learning",0.72,"Statistics, Python, Communication, Software Engineering, Business Analysis","MLOps, reinforcement learning, NLP, machine learning",90326,17.69,0.19,True,Medium,6,Growing
36b3ed42-8671-4379-a347-caccc3c95742,2018,China,East Asia,Bangalore,NextGen Analytics,Enterprise,Agriculture,Research Scientist,Mid,False,,0.17,"Cloud Computing, Project Management, Communication, Business Analysis, Research, Statistics",Not Specified,68604,1.04,0.73,False,High,16,Growing
2c20cc7a-9992-4807-8a6d-503b678e678c,2015,Australia,Oceania,Nairobi,Prime Solutions,Medium,Manufacturing,AI Researcher,Mid,False,,0.1,"Cloud Computing, Data Analysis, Business Analysis",Not Specified,84102,2.66,0.9,False,Low,4,Emerging
cd95d4ea-85d3-4175-b6e6-6b0a242d8b90,2011,Philippines,Southeast Asia,London,Global Analytics,Small,Healthcare,Data Scientist,Executive,False,,0.05,"Business Analysis, Project Management, Cloud Computing, Data Analysis, SQL, Statistics",Not Specified,34633,-4.67,0.76,False,Medium,13,Emerging
87c6b651-80e2-4277-9230-7028c2c84af6,2025,India,South Asia,Sao Paulo,Future Solutions,Small,Healthcare,ML Engineer,Senior,False,,0.18,"Data Analysis, Project Management, Statistics",Not Specified,27832,-2.37,0.82,False,Medium,15,Growing
bf0371c7-4476-408d-8115-5293112785a2,2018,France,Europe,Sydney,Global Systems,Medium,Tech,AI Researcher,Lead,False,,0.19,"Python, Cloud Computing, Statistics",Not Specified,81157,3.97,0.61,False,High,16,Growing
9e35e8cf-837d-491c-a7a8-b68b97c1811c,2021,Poland,Europe,Singapore,Future Solutions,Small,Healthcare,Systems Engineer,Junior,True,"machine learning, MLOps, NLP, computer vision",0.71,"Communication, Research, SQL, Cloud Computing, Software Engineering","machine learning, MLOps, NLP, computer vision",125212,17.9,0.17,True,High,8,Growing
5e1f7f48-c33c-4658-b9ef-ab78e3f09d71,2024,Ghana,Africa,Toronto,NextGen Technologies,Enterprise,Manufacturing,Policy Analyst,Intern,False,,0.12,"Communication, Data Analysis, Business Analysis, Statistics, Project Management, Python",Not Specified,22050,3.74,0.81,False,High,9,Growing
cd12ada2-b20b-4444-bf58-79ca262fde6b,2017,Canada,North America,Seoul,Prime Systems,Startup,Tech,AI Researcher,Senior,False,,0.14,"Statistics, SQL, Research, Business Analysis",Not Specified,86584,3.67,0.85,False,Medium,4,Growing
83a708fc-5e25-4287-a6ba-aa81b30f2974,2015,Pakistan,South Asia,Bangalore,Global Analytics,Large,Retail,Operations Manager,Lead,True,"computer vision, deep learning, NLP, reinforcement learning",0.78,"Project Management, Business Analysis, SQL, Data Analysis, Python","computer vision, deep learning, NLP, reinforcement learning",30024,2.35,0.34,True,High,6,Emerging
54a4795b-c908-47c6-875f-648acd096f57,2024,Mexico,North America,Singapore,Prime Analytics,Enterprise,Tech,ML Engineer,Senior,True,"computer vision, reinforcement learning",0.43,"Software Engineering, Project Management, Business Analysis","computer vision, reinforcement learning",138540,7.44,0.14,True,Low,18,Mature
7614d4b0-5eef-4e73-94fd-a1960238c093,2020,Italy,Europe,Lagos,Future Technologies,Enterprise,Agriculture,Policy Analyst,Junior,False,,0.09,"Cloud Computing, Business Analysis, Data Analysis",Not Specified,76944,0.44,0.82,False,High,5,Growing
79dbbafa-b802-41a7-9b95-a4bafdf7f6c9,2015,France,Europe,Berlin,NextGen Technologies,Small,Agriculture,Product Manager,Lead,False,,0.14,"Business Analysis, Data Analysis, Software Engineering",Not Specified,60362,0.0,0.88,False,High,0,Emerging
821b23fa-ee9f-4b45-b38d-d15cbdbad782,2013,UAE,Middle East,Bangalore,Future Analytics,Medium,Manufacturing,Operations Manager,Executive,False,,0.06,"Research, Project Management, Communication",Not Specified,61439,-3.14,0.9,False,High,11,Emerging
b3bf78bd-3792-4093-87db-f7a2f3c21754,2023,Canada,North America,Tokyo,Future Technologies,Enterprise,Healthcare,AI Researcher,Executive,False,,0.04,"Research, Statistics, SQL, Communication, Cloud Computing, Python",Not Specified,110565,-2.22,0.71,False,Medium,7,Growing
396b4c48-a4b1-481d-9bd2-3de05025bdc6,2018,Mexico,North America,Nairobi,Prime Technologies,Enterprise,Retail,AI Researcher,Junior,False,,0.11,"Python, Communication, Software Engineering, Research",Not Specified,75321,1.99,0.66,False,High,13,Growing
e238a1c3-7b73-4064-8971-ca8dc5d938e9,2023,Peru,South America,Singapore,NextGen Systems,Enterprise,Manufacturing,Business Analyst,Lead,False,,0.08,"Statistics, Business Analysis, Communication, Python",Not Specified,48013,-0.34,0.79,False,High,12,Growing
85e8e4b3-5c55-4ac7-b81e-ee54972e144f,2024,France,Europe,Nairobi,Global Systems,Small,Tech,Product Manager,Mid,True,"generative AI, MLOps",0.84,"Data Analysis, Cloud Computing, SQL, Software Engineering, Project Management, Statistics","generative AI, MLOps",125291,8.43,0.29,True,Medium,13,Mature
78d3a657-a2fd-4741-a1f9-75d5acbf0674,2018,Australia,Oceania,Berlin,Future Solutions,Medium,Tech,AI Researcher,Executive,False,,0.06,"Python, Business Analysis, Statistics, Data Analysis",Not Specified,69366,-3.0,0.85,False,High,7,Growing
4a782b0c-5fa5-4ab3-b3b3-a7c13f3407ce,2012,Sweden,Europe,Seoul,NextGen Analytics,Small,Manufacturing,Software Engineer,Mid,False,,0.01,"Cloud Computing, Project Management, SQL, Python",Not Specified,66762,3.95,0.83,False,High,2,Emerging
54e31e74-b591-436d-a468-47f67c76c0a2,2017,Sri Lanka,South Asia,Berlin,NextGen Solutions,Enterprise,Tech,ML Engineer,Executive,False,,0.15,"Cloud Computing, Software Engineering, Communication, Project Management, Research, Business Analysis",Not Specified,22317,4.68,0.62,False,Low,13,Growing
8d650b83-72f7-409c-ba24-234793cbfde6,2022,Philippines,Southeast Asia,New York,Global Technologies,Medium,Manufacturing,Business Analyst,Mid,True,"computer vision, machine learning, reinforcement learning, MLOps",0.65,"Statistics, Business Analysis, Cloud Computing","computer vision, machine learning, reinforcement learning, MLOps",49911,5.52,0.12,True,Low,3,Growing
2057617e-7124-4486-868d-bec7cacc6bcf,2025,Peru,South America,Lagos,Global Analytics,Enterprise,Manufacturing,ML Engineer,Executive,True,LLMs,0.54,"SQL, Cloud Computing, Data Analysis, Python",LLMs,61875,5.71,0.39,True,Medium,18,Growing
19a48c53-cdc2-4f1b-9a50-3eb5a48c2132,2023,Nigeria,Africa,Bangalore,NextGen Systems,Startup,Manufacturing,Data Scientist,Mid,False,,0.02,"Python, Project Management, SQL, Data Analysis, Statistics",Not Specified,21817,-0.42,0.8,False,High,16,Growing
17600766-2df3-4862-a632-16d798138551,2020,Vietnam,Southeast Asia,Singapore,Prime Systems,Large,Tech,Research Scientist,Mid,True,"reinforcement learning, MLOps, NLP, machine learning",0.55,"Cloud Computing, Data Analysis, Software Engineering","reinforcement learning, MLOps, NLP, machine learning",50748,7.96,0.38,True,Medium,1,Growing
407db609-3d0c-4741-91bb-ab4a59112808,2010,South Korea,East Asia,Tokyo,Prime Systems,Large,Manufacturing,ML Engineer,Junior,False,,0.06,"Software Engineering, Data Analysis, Statistics",Not Specified,50304,3.49,0.61,False,High,1,Emerging
1f5fb87e-7f0e-4efa-97b6-5312abef06c9,2020,New Zealand,Oceania,Sydney,NextGen Solutions,Medium,Healthcare,AI Researcher,Junior,False,,0.11,"Python, SQL, Communication, Cloud Computing, Statistics, Business Analysis",Not Specified,82901,2.91,0.82,False,High,7,Growing
7cd6308a-0253-4e6d-892e-1f5375ba3eae,2013,Peru,South America,Seoul,Prime Systems,Startup,Manufacturing,Research Scientist,Junior,False,,0.12,"Research, Communication, Software Engineering, Business Analysis",Not Specified,40244,-3.86,0.85,False,Medium,2,Emerging
cceb513c-e97c-4cc2-aff0-10c16501cd67,2018,Nepal,South Asia,Toronto,NextGen Analytics,Medium,Healthcare,Research Scientist,Senior,True,"NLP, reinforcement learning",0.85,"Cloud Computing, Research, SQL, Python, Business Analysis, Data Analysis","NLP, reinforcement learning",31060,10.54,0.29,True,Low,5,Growing
ff84da33-9300-418a-b168-df142478e383,2014,Poland,Europe,New York,Prime Systems,Small,Manufacturing,Policy Analyst,Executive,True,"computer vision, reinforcement learning, MLOps, NLP",0.68,"Cloud Computing, Python, Project Management, Statistics","computer vision, reinforcement learning, MLOps, NLP",98686,-0.44,0.25,True,Medium,2,Emerging
cd1879de-4eea-48f6-b6d5-1681c1372334,2013,South Africa,Africa,London,Prime Technologies,Large,Retail,Data Scientist,Intern,False,,0.01,"Data Analysis, Statistics, SQL, Research, Software Engineering, Project Management",Not Specified,17738,-2.51,0.73,False,High,12,Emerging
5951a2f7-c168-4870-997a-ae9d91be0c17,2021,Ghana,Africa,Seoul,Global Systems,Large,Tech,Policy Analyst,Junior,True,"reinforcement learning, computer vision, machine learning, NLP",0.59,"Business Analysis, Data Analysis, Statistics","reinforcement learning, computer vision, machine learning, NLP",33778,5.34,0.11,True,Low,18,Growing
ccedddf8-b083-4483-8731-813c9d806952,2021,Australia,Oceania,London,NextGen Solutions,Large,Retail,AI Researcher,Senior,False,,0.06,"Business Analysis, Python, Statistics",Not Specified,75501,0.74,0.69,False,Low,5,Growing
dabb001a-e499-457f-8fc1-d1215fe3415b,2011,India,South Asia,Seoul,Prime Solutions,Small,Manufacturing,ML Engineer,Junior,False,,0.07,"Python, Research, Project Management, Business Analysis, Cloud Computing",Not Specified,22891,2.38,0.63,False,Medium,1,Emerging
772325c0-fc37-4d79-9029-163b5d474bdb,2013,Singapore,Southeast Asia,London,Global Systems,Startup,Healthcare,Data Scientist,Junior,False,,0.01,"Python, Research, Data Analysis, Business Analysis",Not Specified,35902,-4.74,0.75,False,Low,8,Emerging
b92790df-aa64-4636-a60c-f907a237bbf5,2010,Colombia,South America,Sydney,Prime Systems,Enterprise,Tech,Research Scientist,Intern,False,,0.1,"Business Analysis, Cloud Computing, Research, Data Analysis, Software Engineering, Python",Not Specified,35212,3.07,0.71,False,Medium,7,Emerging
004408bc-0e8e-4d1d-ad75-21371666a7e5,2023,New Zealand,Oceania,Paris,Prime Solutions,Medium,Retail,Research Scientist,Lead,False,,0.18,"Project Management, Software Engineering, Cloud Computing, Data Analysis",Not Specified,95968,0.88,0.71,False,Low,19,Growing
29049078-b581-46fc-beca-af67276dd7e1,2011,Peru,South America,Bangalore,NextGen Technologies,Small,Healthcare,Operations Manager,Junior,False,,0.11,"Python, Communication, Statistics, Project Management, Data Analysis, SQL",Not Specified,35083,2.85,0.69,False,High,14,Emerging
f3ac3e8a-1197-4610-82ba-dde9ffd6e443,2010,Thailand,Southeast Asia,Paris,Prime Technologies,Enterprise,Agriculture,Business Analyst,Junior,False,,0.02,"Business Analysis, Statistics, Data Analysis, Communication, Cloud Computing",Not Specified,28902,3.92,0.86,False,Low,17,Emerging
a4c4f297-8e63-437d-b0c3-1f36c889d917,2011,Bangladesh,South Asia,Paris,NextGen Solutions,Medium,Manufacturing,Systems Engineer,Senior,False,,0.0,"Research, SQL, Cloud Computing",Not Specified,18947,0.74,0.72,False,Medium,19,Emerging
1c2c54db-f0b6-45d1-a6dc-ecd1bbbe72ac,2011,New Zealand,Oceania,Tokyo,Global Solutions,Enterprise,Healthcare,AI Researcher,Intern,False,,0.16,"Python, Software Engineering, SQL, Cloud Computing, Communication, Data Analysis",Not Specified,76755,-3.17,0.77,False,High,16,Emerging
871bd9d5-197a-4766-9c2f-8b127e2c1f8a,2023,Vietnam,Southeast Asia,Sao Paulo,Future Solutions,Startup,Tech,Business Analyst,Intern,True,"computer vision, NLP",0.85,"Project Management, Software Engineering, SQL, Data Analysis","computer vision, NLP",50856,12.88,0.14,True,High,15,Mature
f120b683-b5bd-4209-9ab8-1b567f580949,2021,Saudi Arabia,Middle East,Dubai,Future Systems,Large,Tech,Data Scientist,Senior,False,,0.06,"Software Engineering, Communication, Statistics, Data Analysis, Python, Research",Not Specified,67025,-3.67,0.85,False,Medium,6,Growing
d8320e85-3020-469e-bdd2-d5e65f205681,2022,Sri Lanka,South Asia,Singapore,Global Analytics,Small,Tech,AI Researcher,Junior,True,"computer vision, deep learning, reinforcement learning, machine learning",0.55,"Business Analysis, Communication, SQL, Statistics, Data Analysis","computer vision, deep learning, reinforcement learning, machine learning",43473,11.13,0.13,True,High,5,Mature
458eac55-e553-4bc2-a1d3-f3373575a5c4,2023,Saudi Arabia,Middle East,Bangalore,Prime Systems,Enterprise,Manufacturing,Software Engineer,Senior,True,"NLP, generative AI, computer vision, reinforcement learning",0.81,"SQL, Business Analysis, Cloud Computing, Python, Statistics","NLP, generative AI, computer vision, reinforcement learning",96543,5.78,0.22,True,Low,1,Growing
4ec5c27e-fb9b-4201-a020-cb83243f335c,2023,Netherlands,Europe,Berlin,Prime Technologies,Small,Agriculture,Policy Analyst,Senior,False,,0.14,"Software Engineering, Business Analysis, Statistics, Data Analysis, Python, SQL",Not Specified,94088,1.55,0.73,False,Low,9,Growing
13e3eeb9-454a-48d7-b85c-246355cfad35,2019,Singapore,Southeast Asia,Sao Paulo,NextGen Analytics,Startup,Retail,Product Manager,Executive,False,,0.09,"Statistics, Data Analysis, Project Management, Communication, Software Engineering, Business Analysis",Not Specified,39913,-4.93,0.64,False,Medium,12,Growing
a574c7cd-da29-406a-8bdd-af2b66a8a987,2021,Poland,Europe,Paris,NextGen Analytics,Medium,Manufacturing,Product Manager,Lead,False,,0.05,"Statistics, Project Management, Business Analysis, Communication, Data Analysis",Not Specified,73440,-1.95,0.79,False,High,5,Growing
57d3f806-4250-4dac-9a4e-928da592b4d2,2010,Italy,Europe,Paris,Global Analytics,Large,Manufacturing,Systems Engineer,Junior,False,,0.08,"Data Analysis, Software Engineering, Communication, Research, Project Management",Not Specified,64032,1.28,0.81,False,Medium,3,Emerging
9152a66e-3222-4d69-92e0-c9d81639be13,2024,Chile,South America,Lagos,Prime Technologies,Large,Agriculture,Systems Engineer,Senior,True,generative AI,0.89,"Project Management, Research, Software Engineering",generative AI,61702,16.48,0.15,True,Low,2,Growing
dd4d1a82-5cff-422c-b875-40d75447fd28,2015,Qatar,Middle East,Sao Paulo,Prime Systems,Medium,Healthcare,Systems Engineer,Senior,False,,0.13,"Cloud Computing, Research, Statistics",Not Specified,64223,0.52,0.73,False,Medium,19,Emerging
c40639ce-13f4-4368-b890-6301e9fdb4c8,2024,Netherlands,Europe,New York,NextGen Solutions,Medium,Agriculture,Software Engineer,Junior,False,,0.04,"Project Management, Cloud Computing, Statistics, Data Analysis, SQL, Business Analysis",Not Specified,80482,-3.49,0.75,False,Medium,3,Growing
38a81d59-eaee-4807-a07c-55b91e8996d4,2020,Chile,South America,Toronto,Global Systems,Small,Agriculture,Operations Manager,Intern,False,,0.19,"Software Engineering, Communication, Business Analysis, Statistics, Cloud Computing, SQL",Not Specified,46283,3.27,0.7,False,Low,6,Growing
ae91a399-b200-4a7f-ae49-6e15f553e39a,2019,Colombia,South America,New York,NextGen Solutions,Small,Retail,AI Researcher,Junior,False,,0.04,"SQL, Python, Communication, Software Engineering",Not Specified,49646,-3.39,0.7,False,Medium,9,Growing
50ae9c3b-e68c-437a-9ee7-6a4e09f6127d,2013,Israel,Middle East,Tokyo,NextGen Systems,Large,Tech,Systems Engineer,Executive,False,,0.04,"Cloud Computing, Data Analysis, Communication",Not Specified,48487,-0.87,0.73,False,Low,19,Emerging
74fe1893-4c98-44ee-904e-032bd6ba0438,2012,Germany,Europe,Sydney,Prime Technologies,Medium,Healthcare,Data Scientist,Lead,False,,0.19,"Research, Software Engineering, Data Analysis, Business Analysis",Not Specified,66315,2.92,0.7,False,Low,3,Emerging
78185954-7035-42e5-923d-932c4217c76a,2016,United Kingdom,Europe,Seoul,Global Systems,Small,Agriculture,Product Manager,Intern,False,,0.12,"Communication, Statistics, Cloud Computing, Project Management, Business Analysis",Not Specified,64257,2.57,0.89,False,Low,13,Emerging
3688364a-933b-4b82-a769-0d2115d22d43,2022,Australia,Oceania,Singapore,Future Analytics,Startup,Agriculture,Policy Analyst,Intern,False,,0.01,"Project Management, SQL, Cloud Computing",Not Specified,94430,3.55,0.6,False,Low,7,Growing
6cd8b66e-e9a9-4a76-86c5-ec147597feb1,2012,United States,North America,Singapore,NextGen Solutions,Small,Retail,Research Scientist,Senior,False,,0.08,"Data Analysis, Python, Research, Business Analysis",Not Specified,76961,-2.08,0.78,False,High,13,Emerging
9ee35991-3ce2-42c0-a54a-4f81f4a65fc8,2016,Colombia,South America,Dubai,Global Systems,Medium,Healthcare,AI Researcher,Lead,True,"reinforcement learning, computer vision, NLP",0.45,"Business Analysis, Communication, Software Engineering","reinforcement learning, computer vision, NLP",64960,0.66,0.21,True,Medium,0,Emerging
eb68ba4d-eee2-44e3-b7bc-ba68d729d439,2012,Pakistan,South Asia,Lagos,NextGen Solutions,Medium,Agriculture,ML Engineer,Lead,False,,0.17,"Python, Research, Data Analysis",Not Specified,20428,3.75,0.61,False,Medium,17,Emerging
bb6a8b0c-1963-465d-996b-e4761fbfd706,2016,Sri Lanka,South Asia,New York,Future Analytics,Startup,Agriculture,Research Scientist,Executive,False,,0.0,"Research, Statistics, Project Management, Communication, Python",Not Specified,23261,-2.94,0.62,False,Medium,8,Emerging
c923df8e-1353-41b2-936d-3f9b1f9a3df0,2018,United States,North America,Bangalore,Global Systems,Medium,Agriculture,Research Scientist,Mid,True,reinforcement learning,0.87,"Data Analysis, Statistics, Research, SQL, Software Engineering",reinforcement learning,138490,6.76,0.16,True,High,12,Growing
7e6505af-47bc-49da-a903-043cb11e2b21,2022,Australia,Oceania,Toronto,Future Systems,Medium,Healthcare,Data Scientist,Mid,False,,0.1,"Statistics, Software Engineering, SQL",Not Specified,77415,2.0,0.75,False,Medium,10,Growing
6c9046b4-f6f6-4a9b-a25d-1e498e1841a1,2019,India,South Asia,Bangalore,Prime Technologies,Medium,Retail,Research Scientist,Lead,True,"NLP, deep learning, reinforcement learning, machine learning",0.48,"Data Analysis, Python, Communication","NLP, deep learning, reinforcement learning, machine learning",35388,6.67,0.19,True,High,2,Growing
0bee357e-f441-4018-a842-0e233736c1bf,2022,Indonesia,Southeast Asia,Seoul,Prime Systems,Startup,Retail,AI Researcher,Intern,False,,0.05,"Statistics, Business Analysis, Data Analysis, Communication, Software Engineering",Not Specified,37895,-4.67,0.79,False,Low,1,Growing
9c958753-4186-4b57-960b-837f642b5c2a,2014,Nigeria,Africa,Seoul,Future Technologies,Startup,Manufacturing,Software Engineer,Mid,False,,0.0,"Software Engineering, Communication, Python, Business Analysis",Not Specified,17820,-4.34,0.73,False,Medium,10,Emerging
d56a219d-1525-4748-a7ed-51952b89877d,2023,Philippines,Southeast Asia,Toronto,Global Systems,Enterprise,Manufacturing,Research Scientist,Mid,True,"NLP, generative AI, computer vision, MLOps",0.5,"Statistics, Python, Communication, Software Engineering, SQL, Business Analysis","NLP, generative AI, computer vision, MLOps",59513,11.58,0.38,True,Low,3,Growing
a6f0b414-3c9d-4389-87f3-3b949d0b5370,2025,Argentina,South America,Bangalore,NextGen Technologies,Medium,Tech,Software Engineer,Senior,True,"computer vision, deep learning, generative AI",0.79,"Business Analysis, Communication, Software Engineering","computer vision, deep learning, generative AI",63340,14.93,0.13,True,Medium,9,Mature
2df57072-b20d-45b0-8936-90d53f6fa7d4,2010,New Zealand,Oceania,Nairobi,Future Analytics,Large,Healthcare,Research Scientist,Junior,False,,0.04,"SQL, Cloud Computing, Software Engineering, Statistics, Research, Project Management",Not Specified,72216,2.24,0.69,False,Medium,0,Emerging
78c8b1da-599d-4683-807b-de21939a0349,2013,Morocco,Africa,Sao Paulo,Future Solutions,Enterprise,Agriculture,Operations Manager,Lead,True,"computer vision, NLP, MLOps, machine learning",0.85,"Python, Software Engineering, Communication, Project Management, Business Analysis, Research","computer vision, NLP, MLOps, machine learning",29867,-2.23,0.33,True,Medium,11,Emerging
a5402256-f5cd-4b04-aaf1-40e68e7a55de,2010,Pakistan,South Asia,Singapore,NextGen Systems,Startup,Tech,ML Engineer,Lead,False,,0.02,"Business Analysis, Software Engineering, Data Analysis, Research, Python",Not Specified,22568,-3.96,0.74,False,Medium,11,Emerging
e2c923ab-5714-48e6-9173-f0c0318ad17a,2012,Canada,North America,Lagos,Global Systems,Large,Tech,Business Analyst,Lead,False,,0.11,"Business Analysis, Python, Communication, Project Management, SQL, Software Engineering",Not Specified,64004,-3.38,0.7,False,Low,11,Emerging
dc6630fd-dda5-4761-9746-98ea5f13e165,2017,United States,North America,Berlin,Global Solutions,Startup,Healthcare,Data Scientist,Senior,False,,0.07,"Python, Business Analysis, Research, Statistics, Communication",Not Specified,90307,4.9,0.66,False,High,10,Growing
3afbdf81-8410-4a50-b5ae-c9683f59ca0d,2018,New Zealand,Oceania,Sao Paulo,NextGen Systems,Small,Retail,Policy Analyst,Lead,True,"MLOps, NLP, machine learning",0.46,"Software Engineering, Business Analysis, Python, Data Analysis, Communication, Project Management","MLOps, NLP, machine learning",121055,15.4,0.34,True,Low,7,Growing
41d2656d-e46a-4035-bb04-136dfb43e0f5,2024,Canada,North America,Bangalore,NextGen Analytics,Small,Healthcare,Data Scientist,Intern,True,"LLMs, reinforcement learning, MLOps, NLP",0.9,"Business Analysis, Software Engineering, Research, SQL, Cloud Computing, Statistics","LLMs, reinforcement learning, MLOps, NLP",141932,14.54,0.25,True,Low,3,Growing
36866892-94d2-4d24-b422-75006dd1bc3a,2016,Brazil,South America,Toronto,Future Systems,Medium,Tech,Business Analyst,Mid,True,"deep learning, MLOps",0.52,"Business Analysis, Project Management, Data Analysis","deep learning, MLOps",65171,-3.36,0.16,True,Medium,8,Emerging
ec1113f8-92bd-4df7-8f37-18e95eed27bd,2022,China,East Asia,Bangalore,Future Systems,Medium,Tech,Research Scientist,Executive,True,"deep learning, machine learning, reinforcement learning, LLMs",0.87,"Cloud Computing, Project Management, Software Engineering","deep learning, machine learning, reinforcement learning, LLMs",109809,13.43,0.4,True,Medium,1,Mature
0f0383b5-55e1-49b6-949f-a86be55c7b64,2024,Sweden,Europe,Sydney,Future Solutions,Medium,Tech,Systems Engineer,Intern,True,"MLOps, reinforcement learning, deep learning",0.53,"Research, Statistics, SQL, Python, Cloud Computing","MLOps, reinforcement learning, deep learning",117530,7.43,0.33,True,High,1,Mature
6fbf2235-97c4-41a5-a567-c089830421a6,2014,Saudi Arabia,Middle East,Sydney,Global Analytics,Enterprise,Healthcare,Systems Engineer,Mid,True,"deep learning, MLOps, NLP",0.44,"Data Analysis, Communication, Cloud Computing, Business Analysis, Research, Software Engineering","deep learning, MLOps, NLP",77061,2.91,0.24,True,High,7,Emerging
b46be306-942d-489d-a8bc-8c94ad64986e,2012,Colombia,South America,New York,Future Systems,Startup,Agriculture,Research Scientist,Junior,False,,0.1,"Business Analysis, Data Analysis, Software Engineering, SQL",Not Specified,39895,1.0,0.77,False,Medium,9,Emerging
70600497-0685-4cfa-8ee8-5251337701f9,2012,Peru,South America,Tokyo,Prime Solutions,Medium,Agriculture,Software Engineer,Senior,False,,0.07,"Business Analysis, Statistics, Research, Cloud Computing, Communication, Software Engineering",Not Specified,35596,-4.46,0.72,False,Low,19,Emerging
b37c1c5a-fc5c-405b-bb86-bbdccf6062d1,2015,Morocco,Africa,Berlin,Global Analytics,Medium,Retail,Policy Analyst,Junior,False,,0.16,"Statistics, Research, Python, SQL, Cloud Computing",Not Specified,20976,4.64,0.81,False,Medium,11,Emerging
7c08f112-0b6f-4a1b-afc3-1c6b6139a373,2012,Pakistan,South Asia,Sao Paulo,Prime Analytics,Startup,Healthcare,ML Engineer,Lead,False,,0.11,"Software Engineering, Data Analysis, Python, Research, Communication, Cloud Computing",Not Specified,22891,-1.97,0.6,False,Medium,5,Emerging
d2484bbb-8dc7-4af4-af76-25932f0d3459,2020,Colombia,South America,Bangalore,Global Technologies,Startup,Retail,Research Scientist,Senior,True,MLOps,0.46,"Business Analysis, Software Engineering, Statistics, Data Analysis",MLOps,67636,12.04,0.32,True,Medium,14,Growing
b5d4f1cc-aeba-426b-b14b-786740597445,2016,Taiwan,East Asia,Seoul,Prime Analytics,Small,Manufacturing,Systems Engineer,Junior,False,,0.11,"Research, Business Analysis, Data Analysis, SQL, Software Engineering",Not Specified,68465,-1.35,0.77,False,High,8,Emerging
9abeb9cf-d73b-404e-88e6-99d4a1a6c499,2014,Nepal,South Asia,Berlin,Future Solutions,Enterprise,Manufacturing,Business Analyst,Intern,False,,0.16,"Communication, Project Management, Cloud Computing, SQL, Python, Data Analysis",Not Specified,19450,0.74,0.74,False,High,3,Emerging
43d06eba-6d6d-4da1-9972-ac1c0c017d5a,2012,Saudi Arabia,Middle East,Sydney,NextGen Solutions,Medium,Retail,ML Engineer,Lead,False,,0.17,"Software Engineering, Cloud Computing, Python, Data Analysis, Communication",Not Specified,58949,0.8,0.74,False,Medium,5,Emerging
82262492-f1b5-4928-b506-7fc6696223c5,2024,Philippines,Southeast Asia,Nairobi,Prime Solutions,Small,Tech,Software Engineer,Executive,True,"MLOps, computer vision, deep learning, machine learning",0.93,"Communication, Python, Business Analysis","MLOps, computer vision, deep learning, machine learning",64817,13.57,0.23,True,High,11,Mature
c52dc67a-2415-4987-94b4-52d3157e24a8,2019,Peru,South America,London,Prime Systems,Large,Tech,Policy Analyst,Junior,True,"NLP, computer vision",0.46,"Data Analysis, Python, Communication, Business Analysis","NLP, computer vision",66456,8.54,0.31,True,Medium,2,Growing
9f21c6c6-cbd2-4c80-8299-61f4d02d3f72,2010,Ghana,Africa,Bangalore,Prime Technologies,Small,Tech,Research Scientist,Lead,False,,0.07,"Statistics, Communication, Research",Not Specified,15645,2.36,0.69,False,Low,7,Emerging
22b48b34-8bd5-48dd-8824-274c5c11c849,2016,Vietnam,Southeast Asia,Sydney,Future Solutions,Medium,Tech,ML Engineer,Senior,False,,0.18,"Project Management, Communication, Research, Business Analysis",Not Specified,33753,2.02,0.69,False,High,17,Emerging
75b28a0e-d5f5-42ee-a4d9-fb5cb93840fd,2023,New Zealand,Oceania,Bangalore,Global Technologies,Startup,Retail,Data Scientist,Intern,True,computer vision,0.79,"Python, Business Analysis, Cloud Computing, Statistics, Research, Data Analysis",computer vision,128821,15.3,0.27,True,High,1,Growing
d554663e-554a-4c1b-9038-72bf3cf6b0e2,2017,Kenya,Africa,Bangalore,NextGen Systems,Startup,Manufacturing,Operations Manager,Intern,False,,0.14,"SQL, Research, Data Analysis, Python",Not Specified,23343,1.25,0.66,False,Medium,0,Growing
feabc704-6646-4c20-bf35-4128f4365600,2010,Italy,Europe,Sao Paulo,Future Systems,Small,Healthcare,Business Analyst,Mid,False,,0.05,"Communication, Python, Research",Not Specified,62214,-4.42,0.62,False,High,6,Emerging
bd328301-5f76-4c78-89d5-3d96d11ea11f,2014,Sri Lanka,South Asia,Seoul,Global Systems,Large,Agriculture,Systems Engineer,Executive,False,,0.12,"Project Management, Communication, Research, Cloud Computing, SQL, Software Engineering",Not Specified,20622,4.51,0.83,False,Medium,10,Emerging
a636ab65-4b21-4467-b9f2-1b2950b9fc27,2011,Kenya,Africa,Paris,Future Solutions,Medium,Healthcare,Product Manager,Executive,False,,0.08,"Python, SQL, Communication, Statistics",Not Specified,19183,2.04,0.67,False,Low,11,Emerging
3a303ffd-f570-4f59-bde4-4700a818b219,2019,Israel,Middle East,Lagos,Prime Systems,Medium,Agriculture,AI Researcher,Executive,False,,0.03,"Data Analysis, SQL, Software Engineering, Project Management",Not Specified,62482,-4.43,0.63,False,Medium,19,Growing
196b86af-eeb5-46b5-985e-bea3f17208aa,2021,United States,North America,Berlin,Global Solutions,Enterprise,Manufacturing,Software Engineer,Executive,False,,0.11,"Project Management, Software Engineering, Data Analysis",Not Specified,95171,-4.74,0.9,False,High,2,Growing
06f730db-2d6a-407c-b67a-db9ddadaec1d,2024,United States,North America,Dubai,Prime Technologies,Enterprise,Healthcare,AI Researcher,Executive,True,"generative AI, NLP, machine learning, deep learning",0.64,"Data Analysis, Communication, Statistics","generative AI, NLP, machine learning, deep learning",137628,13.37,0.25,True,Low,14,Growing
346f7947-dc82-4209-b49b-490295e353b8,2023,Taiwan,East Asia,Bangalore,Future Solutions,Enterprise,Agriculture,Policy Analyst,Junior,True,NLP,0.67,"Business Analysis, Statistics, Communication, SQL, Python",NLP,104393,6.28,0.16,True,High,5,Growing
d7f57ba1-c4a5-4dad-86e0-77d2f40f5062,2011,Nepal,South Asia,Seoul,NextGen Analytics,Medium,Manufacturing,Policy Analyst,Executive,False,,0.06,"Statistics, Business Analysis, Cloud Computing, Research",Not Specified,19762,-2.92,0.73,False,High,11,Emerging
d11bd163-9c2d-4cb8-85ed-9f82d791619f,2014,Nepal,South Asia,Dubai,Prime Solutions,Large,Retail,Data Scientist,Executive,False,,0.0,"Cloud Computing, Business Analysis, Research",Not Specified,24903,-0.75,0.71,False,Low,12,Emerging
2e4a4082-d3f6-4caf-9f74-77578fc730c3,2015,Ghana,Africa,Berlin,Global Technologies,Medium,Agriculture,ML Engineer,Mid,True,"machine learning, computer vision, deep learning",0.82,"SQL, Data Analysis, Project Management, Cloud Computing","machine learning, computer vision, deep learning",27504,3.59,0.29,True,Low,5,Emerging
91f8d4a7-54c4-4a33-a1ab-faea70056dd1,2022,Israel,Middle East,Singapore,Global Technologies,Large,Healthcare,Research Scientist,Mid,True,"deep learning, MLOps, NLP",0.68,"Statistics, Research, Project Management, Communication, Cloud Computing","deep learning, MLOps, NLP",88447,16.09,0.29,True,Medium,7,Growing
847011a2-ef43-4e46-aefa-cd20feb9ab3c,2018,Philippines,Southeast Asia,Sao Paulo,Future Solutions,Startup,Tech,Research Scientist,Executive,False,,0.07,"Data Analysis, SQL, Python, Statistics, Communication",Not Specified,37096,2.77,0.66,False,Low,0,Growing
dcf16181-6f5a-4aea-8b35-9f58ae07b53f,2012,New Zealand,Oceania,Toronto,Prime Technologies,Small,Agriculture,Product Manager,Mid,False,,0.19,"Statistics, Cloud Computing, SQL",Not Specified,66979,-2.29,0.61,False,Medium,3,Emerging
0b267a14-b4fe-4fd4-9218-b2d841254974,2024,UAE,Middle East,Sydney,NextGen Technologies,Large,Tech,Policy Analyst,Senior,False,,0.15,"Research, SQL, Project Management",Not Specified,63428,0.03,0.83,False,High,5,Mature
4a3726e7-5626-4720-b6ca-7547b0cf41e3,2014,United Kingdom,Europe,London,Prime Systems,Startup,Healthcare,Systems Engineer,Mid,False,,0.1,"Software Engineering, SQL, Python, Business Analysis, Data Analysis",Not Specified,70401,2.16,0.86,False,Low,10,Emerging
0fb9dad0-8a27-42ce-8f52-7d7ab201a7ba,2015,United States,North America,Nairobi,NextGen Systems,Medium,Agriculture,AI Researcher,Senior,False,,0.05,"Cloud Computing, Project Management, Communication, Python, SQL, Business Analysis",Not Specified,70779,-4.56,0.64,False,Medium,15,Emerging
96c1565c-d014-4e52-bb98-074a125a834e,2020,Morocco,Africa,Singapore,Global Technologies,Startup,Tech,Research Scientist,Intern,True,"LLMs, reinforcement learning, computer vision",0.7,"Research, Cloud Computing, Statistics, Data Analysis, Software Engineering","LLMs, reinforcement learning, computer vision",34614,17.79,0.35,True,High,18,Growing
816eaa5d-458e-4818-918f-1b49a3392297,2024,Jordan,Middle East,London,Prime Solutions,Medium,Healthcare,Systems Engineer,Junior,True,"machine learning, NLP",0.67,"Communication, Python, Cloud Computing, Business Analysis, Project Management","machine learning, NLP",107954,8.99,0.14,True,Medium,3,Growing
b9e1b326-5dca-490d-a7e9-e494d4426048,2018,Israel,Middle East,Singapore,NextGen Solutions,Large,Manufacturing,ML Engineer,Executive,False,,0.07,"Cloud Computing, Business Analysis, Statistics, Research, Python, Communication",Not Specified,58456,-4.32,0.69,False,High,7,Growing
115791fd-7440-42f1-b601-912b3314f3db,2013,Philippines,Southeast Asia,Nairobi,Global Technologies,Medium,Retail,Policy Analyst,Executive,False,,0.03,"Cloud Computing, SQL, Data Analysis, Software Engineering",Not Specified,28928,4.96,0.89,False,Medium,4,Emerging
182fdff0-41f2-4d6b-8a61-f0aa3af62d08,2024,Spain,Europe,Seoul,Prime Technologies,Startup,Healthcare,ML Engineer,Junior,True,reinforcement learning,0.59,"Software Engineering, Project Management, Research, Data Analysis, SQL, Python",reinforcement learning,130841,5.64,0.3,True,Low,16,Growing
5186cf36-c5ff-4de1-a6ec-acb0999d44ab,2017,Japan,East Asia,Berlin,Future Solutions,Medium,Healthcare,Operations Manager,Lead,False,,0.0,"Communication, Python, Software Engineering, Research",Not Specified,66864,2.96,0.75,False,Low,2,Growing
c8a6db8b-ea7b-4f8f-9b01-7fbf9c8152bc,2025,Netherlands,Europe,Seoul,NextGen Analytics,Enterprise,Agriculture,ML Engineer,Mid,True,machine learning,0.48,"Communication, Statistics, Data Analysis, Python, Project Management",machine learning,134640,12.4,0.25,True,Medium,18,Growing
10513d33-2967-4d42-9e16-7263ae897c75,2014,Chile,South America,London,Prime Analytics,Small,Agriculture,Product Manager,Intern,False,,0.19,"Research, Python, Communication",Not Specified,39969,-0.07,0.77,False,Medium,8,Emerging
c5d0491d-5b29-4b12-b480-308558af2d8a,2024,Canada,North America,Berlin,Future Solutions,Enterprise,Manufacturing,Systems Engineer,Mid,False,,0.03,"Software Engineering, Business Analysis, Project Management, Research, Python",Not Specified,94939,3.64,0.65,False,Medium,19,Growing
ea94cb5c-1b17-4722-a6e3-685c8ed6c0d4,2021,Chile,South America,Seoul,Future Technologies,Enterprise,Retail,AI Researcher,Senior,False,,0.01,"Cloud Computing, Business Analysis, Research, Project Management",Not Specified,44942,-2.75,0.9,False,Medium,4,Growing
ddb9cc5a-868c-457f-a014-fe89b3398445,2021,Pakistan,South Asia,Tokyo,Prime Systems,Startup,Healthcare,Policy Analyst,Senior,True,"LLMs, MLOps, deep learning",0.54,"Research, Communication, Project Management","LLMs, MLOps, deep learning",32697,5.3,0.32,True,Medium,16,Growing
228b1bfd-77fc-4e75-bb11-6065f7b81c30,2022,Malaysia,Southeast Asia,Toronto,Prime Analytics,Medium,Agriculture,ML Engineer,Mid,False,,0.1,"Python, Research, SQL, Data Analysis",Not Specified,42903,-1.72,0.84,False,High,0,Growing
c83ebf11-0e52-4282-adcd-73e268f2fbc0,2024,New Zealand,Oceania,Seoul,NextGen Solutions,Enterprise,Agriculture,Systems Engineer,Senior,True,deep learning,0.87,"Communication, Data Analysis, Software Engineering",deep learning,144541,16.74,0.3,True,Medium,5,Growing
55772d81-3feb-406e-8477-d6b20cafa9ad,2013,Egypt,Africa,Sao Paulo,Prime Technologies,Startup,Tech,Product Manager,Intern,False,,0.15,"Statistics, Software Engineering, Python, Data Analysis, SQL, Communication",Not Specified,20342,2.92,0.86,False,Low,18,Emerging
0f104744-ead2-4f74-8060-2572b72b6979,2017,Canada,North America,Tokyo,Global Technologies,Enterprise,Healthcare,Operations Manager,Intern,False,,0.05,"SQL, Research, Cloud Computing, Project Management, Business Analysis, Software Engineering",Not Specified,73795,-4.09,0.62,False,Low,17,Growing
5d82ec31-7104-4bf1-b858-e1e6f784ba1e,2019,Thailand,Southeast Asia,Sao Paulo,Prime Analytics,Startup,Tech,Software Engineer,Lead,False,,0.09,"Business Analysis, SQL, Python",Not Specified,33104,-2.85,0.71,False,High,10,Growing
07d65cbb-7b5c-421f-89f0-7a8270e6243f,2011,Egypt,Africa,Berlin,Prime Technologies,Large,Tech,Research Scientist,Intern,True,machine learning,0.4,"SQL, Python, Communication, Business Analysis, Research",machine learning,23228,-3.6,0.32,True,High,2,Emerging
a0a7c882-5eeb-4931-814c-218becbfbc80,2022,Israel,Middle East,Nairobi,NextGen Solutions,Medium,Retail,Business Analyst,Executive,True,"LLMs, generative AI",0.49,"Statistics, Software Engineering, Communication","LLMs, generative AI",101369,15.98,0.3,True,High,10,Growing
db02b479-ab6b-42e0-b31f-f3d6bb68692c,2019,United States,North America,London,Prime Solutions,Medium,Healthcare,Business Analyst,Lead,False,,0.03,"Software Engineering, SQL, Project Management, Research, Python, Business Analysis",Not Specified,81306,4.65,0.65,False,Low,12,Growing
7868fc4d-02b0-419c-ad40-64afd26be0d7,2014,Argentina,South America,Paris,Global Analytics,Small,Tech,AI Researcher,Lead,True,"computer vision, reinforcement learning, MLOps, deep learning",0.57,"Python, Cloud Computing, Business Analysis","computer vision, reinforcement learning, MLOps, deep learning",61209,-3.22,0.32,True,Low,1,Emerging
705762b4-7ade-4f39-9f53-2017679a8b7e,2019,Poland,Europe,New York,Global Technologies,Large,Manufacturing,Software Engineer,Mid,False,,0.07,"Business Analysis, Communication, Statistics, Research",Not Specified,71059,-4.41,0.87,False,High,9,Growing
07033954-a24e-42e8-a023-69225d997cc9,2024,Canada,North America,London,Global Systems,Startup,Healthcare,Research Scientist,Mid,False,,0.07,"Project Management, Python, Research, SQL, Communication",Not Specified,85637,4.39,0.77,False,Medium,7,Growing
1d86ecda-f95a-4c97-a332-1b66be31bd76,2022,United Kingdom,Europe,Berlin,Prime Technologies,Large,Retail,ML Engineer,Senior,True,"reinforcement learning, generative AI",0.63,"Business Analysis, Project Management, SQL, Python, Data Analysis, Software Engineering","reinforcement learning, generative AI",103571,5.11,0.29,True,Low,1,Growing
c5d492c9-472f-40b5-8d90-ea94b3c88a39,2017,Malaysia,Southeast Asia,Lagos,Future Technologies,Large,Agriculture,Research Scientist,Junior,False,,0.06,"Business Analysis, Cloud Computing, Communication",Not Specified,33753,4.77,0.66,False,Low,9,Growing
e42e92d5-04aa-4449-aa5f-d96f833fcc85,2016,Ghana,Africa,Seoul,Future Solutions,Startup,Agriculture,Data Scientist,Mid,False,,0.06,"Software Engineering, Cloud Computing, Project Management, Research, Business Analysis",Not Specified,22668,1.91,0.82,False,Medium,15,Emerging
4c429af2-d242-4f53-9916-f6695c6e7908,2025,Pakistan,South Asia,Berlin,Global Systems,Medium,Healthcare,Data Scientist,Intern,True,"NLP, deep learning, reinforcement learning, generative AI",0.59,"Communication, Business Analysis, SQL, Python, Project Management","NLP, deep learning, reinforcement learning, generative AI",38104,14.47,0.38,True,Medium,16,Growing
ddabc38d-aa35-4839-8568-7f1df9555d11,2014,Mexico,North America,Sydney,NextGen Analytics,Medium,Retail,Operations Manager,Executive,False,,0.12,"SQL, Data Analysis, Statistics, Communication",Not Specified,86882,-3.17,0.79,False,Medium,11,Emerging
059136a1-0f43-4cbc-ab4a-0b7623c5cab8,2017,Israel,Middle East,Sao Paulo,NextGen Solutions,Large,Agriculture,Policy Analyst,Executive,False,,0.1,"Python, Statistics, Cloud Computing",Not Specified,59730,-4.32,0.7,False,High,5,Growing
55e4e743-1f2f-464b-a02e-1f9f9cdcc8f5,2017,Egypt,Africa,Sao Paulo,Global Analytics,Small,Healthcare,Product Manager,Senior,False,,0.15,"Project Management, Python, Software Engineering",Not Specified,22105,3.67,0.64,False,High,7,Growing
3182d779-4f57-4f98-ba4d-85e761574933,2012,New Zealand,Oceania,New York,Prime Solutions,Enterprise,Manufacturing,Product Manager,Executive,False,,0.06,"Software Engineering, Communication, Cloud Computing, Python, Statistics, Data Analysis",Not Specified,64165,4.24,0.66,False,Medium,11,Emerging
6569d618-cb7b-4e2e-a9a4-7e8a1f0d08f7,2023,Taiwan,East Asia,Dubai,Prime Solutions,Large,Tech,Product Manager,Executive,True,"machine learning, LLMs, NLP",0.79,"Data Analysis, Business Analysis, Cloud Computing, Project Management","machine learning, LLMs, NLP",104671,17.33,0.23,True,Medium,3,Mature
a6677d41-f102-4411-8c94-de1f922b25a4,2015,UAE,Middle East,Seoul,NextGen Solutions,Startup,Manufacturing,Research Scientist,Senior,False,,0.17,"Python, Communication, SQL",Not Specified,52247,-0.64,0.69,False,High,4,Emerging
1fc0ad45-850b-4aa8-a271-554f47852647,2021,Japan,East Asia,Sydney,Future Systems,Enterprise,Retail,Systems Engineer,Junior,True,"MLOps, generative AI, NLP, machine learning",0.45,"Software Engineering, Data Analysis, Communication","MLOps, generative AI, NLP, machine learning",102983,6.66,0.23,True,Low,10,Growing
40b015c0-8cd0-4276-a04f-6917c0ad61d4,2024,Malaysia,Southeast Asia,Toronto,NextGen Technologies,Medium,Manufacturing,Software Engineer,Junior,True,"LLMs, generative AI, NLP",0.7,"Statistics, Research, Software Engineering, Project Management, Data Analysis","LLMs, generative AI, NLP",52749,16.02,0.36,True,Low,11,Growing
7939c459-6329-4f74-b1fc-e2fee45fb574,2012,United States,North America,Sydney,Future Analytics,Startup,Retail,Research Scientist,Lead,False,,0.15,"Project Management, Research, Software Engineering, Business Analysis, Data Analysis, Statistics",Not Specified,71511,-4.46,0.81,False,Medium,15,Emerging
2e6e0afd-fa23-410a-b560-84fde5089001,2025,Canada,North America,Toronto,Future Solutions,Small,Tech,Software Engineer,Intern,False,,0.05,"Project Management, Software Engineering, SQL, Statistics, Python",Not Specified,116084,-0.59,0.8,False,High,5,Mature
55a6f63d-3075-48b0-849d-9dd159e61451,2016,United States,North America,Sao Paulo,Global Analytics,Startup,Manufacturing,AI Researcher,Executive,False,,0.05,"Python, Project Management, SQL, Statistics",Not Specified,88474,0.11,0.74,False,Low,13,Emerging
e36513ea-8e55-436d-a40d-943c0d99d8d4,2014,New Zealand,Oceania,Nairobi,NextGen Systems,Startup,Tech,Operations Manager,Senior,True,"NLP, machine learning, deep learning, MLOps",0.88,"SQL, Project Management, Research, Data Analysis, Communication","NLP, machine learning, deep learning, MLOps",114635,-2.38,0.13,True,High,9,Emerging
5edcc349-b737-4753-beb0-7ca66dabf9b8,2023,Sri Lanka,South Asia,Lagos,Prime Systems,Small,Tech,Business Analyst,Mid,True,"deep learning, machine learning, LLMs, NLP",0.83,"Research, Business Analysis, Software Engineering, Project Management","deep learning, machine learning, LLMs, NLP",44079,13.84,0.15,True,Low,4,Mature
b9f8a581-7f5a-4fed-a70e-eb17e3daff58,2020,United States,North America,Lagos,Future Technologies,Medium,Tech,AI Researcher,Senior,True,NLP,0.55,"Project Management, SQL, Communication, Data Analysis",NLP,145633,10.87,0.16,True,High,4,Growing
4958ba23-3d9b-4d8d-ada9-5b292f20d133,2014,Mexico,North America,Singapore,Prime Solutions,Large,Manufacturing,Data Scientist,Mid,False,,0.0,"Data Analysis, Communication, Business Analysis",Not Specified,78523,-2.78,0.65,False,Medium,9,Emerging
733dc1b2-e06f-4894-a7b9-a50f0f1a19a3,2021,Morocco,Africa,Sao Paulo,Prime Analytics,Enterprise,Tech,ML Engineer,Junior,True,"generative AI, reinforcement learning, MLOps",0.75,"Software Engineering, Communication, Business Analysis, Python, SQL","generative AI, reinforcement learning, MLOps",30825,8.72,0.27,True,High,4,Growing
3529786b-085b-4680-b1f3-9418901025b3,2023,New Zealand,Oceania,Paris,Global Analytics,Enterprise,Agriculture,Product Manager,Junior,True,"NLP, reinforcement learning, LLMs, machine learning",0.93,"Project Management, Statistics, Python, Communication","NLP, reinforcement learning, LLMs, machine learning",115500,16.32,0.23,True,High,19,Growing
ad48deb5-67d0-4e73-b93f-38c582824850,2015,Taiwan,East Asia,Nairobi,Prime Analytics,Startup,Agriculture,AI Researcher,Executive,False,,0.09,"SQL, Research, Communication, Cloud Computing, Python, Data Analysis",Not Specified,62118,2.41,0.73,False,High,18,Emerging
d96050d8-d2fc-4d88-bd5a-f3b7c0f705b0,2023,Malaysia,Southeast Asia,New York,Prime Technologies,Enterprise,Agriculture,Business Analyst,Junior,False,,0.05,"SQL, Python, Project Management, Communication, Business Analysis, Data Analysis",Not Specified,35857,-2.84,0.75,False,High,15,Growing
981b4d9d-5109-4458-a74b-5e3146031492,2022,Indonesia,Southeast Asia,Bangalore,Global Analytics,Startup,Retail,AI Researcher,Mid,True,"deep learning, LLMs, MLOps",0.85,"Data Analysis, Cloud Computing, Software Engineering, Project Management, SQL, Research","deep learning, LLMs, MLOps",61477,6.05,0.14,True,High,11,Growing
d1ba62da-97be-49e2-8e34-8e4d8ac3d6cb,2022,Indonesia,Southeast Asia,Nairobi,Global Systems,Medium,Agriculture,Research Scientist,Lead,True,"NLP, LLMs, generative AI, reinforcement learning",0.86,"Business Analysis, Data Analysis, Cloud Computing, Statistics, Research, Python","NLP, LLMs, generative AI, reinforcement learning",57259,14.26,0.21,True,Medium,2,Growing
39719115-1095-4453-9b10-5d76c7c56faf,2010,Jordan,Middle East,Tokyo,Future Solutions,Enterprise,Manufacturing,AI Researcher,Senior,False,,0.15,"Communication, Business Analysis, SQL, Statistics, Python",Not Specified,47671,1.07,0.71,False,Medium,15,Emerging
72b0f057-ecbc-4f78-90da-f57a24d7d39e,2014,Thailand,Southeast Asia,Nairobi,Future Technologies,Small,Healthcare,AI Researcher,Intern,False,,0.09,"Data Analysis, Software Engineering, Python",Not Specified,37332,-1.21,0.8,False,Low,14,Emerging
5f9e379f-4395-4e23-8a62-1e72d089b482,2021,Peru,South America,Bangalore,Future Analytics,Medium,Tech,Product Manager,Mid,True,computer vision,0.81,"Research, Cloud Computing, Communication",computer vision,66557,6.95,0.22,True,Low,19,Growing
223ad39a-4735-4ecf-9a36-636059876904,2023,Ghana,Africa,Toronto,Future Analytics,Medium,Retail,Data Scientist,Mid,True,"reinforcement learning, generative AI",0.86,"Business Analysis, Data Analysis, Project Management, Python, Statistics, Communication","reinforcement learning, generative AI",30314,17.39,0.18,True,Medium,12,Growing
d888e0a5-eaeb-44e2-8b11-8ad84dcc7fa4,2019,Mexico,North America,Nairobi,NextGen Solutions,Large,Manufacturing,Data Scientist,Senior,False,,0.07,"Statistics, Business Analysis, Research, Software Engineering, Python, Data Analysis",Not Specified,98476,-3.61,0.87,False,Low,11,Growing
3be7f667-ae4a-4aa1-8f06-5c8c4a6fd654,2021,Mexico,North America,Toronto,Future Technologies,Large,Retail,Operations Manager,Junior,True,"computer vision, MLOps, reinforcement learning, LLMs",0.78,"Project Management, Statistics, Data Analysis","computer vision, MLOps, reinforcement learning, LLMs",120511,6.25,0.28,True,Low,18,Growing
f52bb910-7cf0-4ab2-85cb-0877c2f91fbb,2013,China,East Asia,Seoul,Future Technologies,Small,Tech,Business Analyst,Executive,False,,0.18,"Data Analysis, SQL, Research, Python",Not Specified,55849,-4.29,0.83,False,High,18,Emerging
566c06b0-55a5-4c1b-b10d-f03cb5fad8f0,2015,South Africa,Africa,Paris,Prime Analytics,Large,Agriculture,Policy Analyst,Intern,False,,0.03,"Research, Python, Communication, Software Engineering, Statistics",Not Specified,19857,-1.8,0.89,False,Medium,17,Emerging
860a7cfe-3cc1-4972-bc79-e8de20fcea81,2013,Pakistan,South Asia,Tokyo,Future Analytics,Large,Retail,Policy Analyst,Intern,False,,0.17,"Software Engineering, Communication, Cloud Computing",Not Specified,18877,-4.07,0.69,False,High,3,Emerging
ead0f082-c185-42b5-8c23-d809aef7cf3e,2013,Jordan,Middle East,Singapore,Future Systems,Startup,Retail,Operations Manager,Intern,False,,0.05,"Python, Business Analysis, Statistics",Not Specified,52968,3.89,0.8,False,Medium,4,Emerging
966d80bd-67be-4ccf-babb-49dacacd4a80,2023,Taiwan,East Asia,Sydney,Future Solutions,Enterprise,Agriculture,Research Scientist,Lead,True,"generative AI, deep learning, reinforcement learning",0.78,"Data Analysis, Project Management, Cloud Computing","generative AI, deep learning, reinforcement learning",98034,17.11,0.25,True,Medium,4,Growing
c71bdad6-f789-44b6-b7d7-06685245437c,2010,Malaysia,Southeast Asia,Dubai,Prime Systems,Large,Agriculture,Operations Manager,Mid,False,,0.05,"Statistics, Software Engineering, Research, Cloud Computing, Business Analysis, Python",Not Specified,33287,-3.05,0.74,False,Medium,3,Emerging
571b1507-6e1c-46f0-9036-a8d0325330c5,2019,Australia,Oceania,Sao Paulo,NextGen Solutions,Small,Manufacturing,Software Engineer,Mid,True,MLOps,0.42,"Research, Business Analysis, Project Management, Data Analysis",MLOps,109199,9.34,0.12,True,High,8,Growing
1208bf67-ede3-4054-815c-05eb16adf3e3,2018,India,South Asia,Seoul,Prime Technologies,Medium,Retail,Research Scientist,Senior,False,,0.04,"SQL, Research, Python, Cloud Computing, Data Analysis, Communication",Not Specified,24698,-2.87,0.76,False,High,16,Growing
0702e18b-d59b-4d63-bd78-4847e833a865,2019,Colombia,South America,Dubai,Global Analytics,Small,Agriculture,Data Scientist,Mid,False,,0.14,"Cloud Computing, Communication, Statistics, Python, SQL, Business Analysis",Not Specified,50837,1.52,0.61,False,High,0,Growing
c1badaea-e7f2-4e3c-8793-728a25093ea6,2018,China,East Asia,Tokyo,Global Systems,Startup,Retail,ML Engineer,Senior,False,,0.12,"Project Management, Data Analysis, Software Engineering, SQL, Business Analysis, Statistics",Not Specified,68437,3.39,0.74,False,Medium,7,Growing
acba163b-1bd9-49b4-b8cf-79fc43ce9db4,2011,South Korea,East Asia,Toronto,NextGen Solutions,Small,Manufacturing,AI Researcher,Mid,False,,0.13,"Data Analysis, Business Analysis, Statistics, Communication",Not Specified,63288,-1.68,0.61,False,High,6,Emerging
108c9018-edb8-4093-89c5-a9914ae0d948,2024,Indonesia,Southeast Asia,Sydney,Future Systems,Startup,Manufacturing,Software Engineer,Lead,False,,0.02,"Project Management, Business Analysis, Statistics",Not Specified,44577,-2.58,0.88,False,Medium,9,Growing
d261af57-b7eb-481e-9245-2eecc39ea79c,2015,Mexico,North America,Sao Paulo,NextGen Technologies,Medium,Retail,AI Researcher,Lead,False,,0.03,"Project Management, Statistics, Software Engineering, Cloud Computing, Business Analysis",Not Specified,69408,-0.87,0.76,False,Low,17,Emerging
30812249-b343-4e57-ab35-326f2fe8e6fd,2019,Nepal,South Asia,Singapore,NextGen Solutions,Enterprise,Retail,Research Scientist,Senior,False,,0.03,"Statistics, Business Analysis, Communication, Data Analysis, Python, SQL",Not Specified,22076,-0.17,0.86,False,High,16,Growing
aaefec06-5aaa-48a8-bcd5-092e63dedcc8,2016,Sri Lanka,South Asia,Lagos,Global Systems,Small,Agriculture,ML Engineer,Junior,False,,0.08,"Project Management, Communication, Software Engineering",Not Specified,22517,-0.46,0.66,False,Medium,6,Emerging
d4860467-e9e2-451f-89b1-fd9dc9953cef,2012,Saudi Arabia,Middle East,Singapore,Prime Solutions,Medium,Manufacturing,Research Scientist,Lead,False,,0.04,"Communication, Business Analysis, Project Management, Cloud Computing",Not Specified,57654,-2.11,0.83,False,High,4,Emerging
a1e3d986-3165-463a-b4fd-16d31c8ab3f5,2021,Pakistan,South Asia,London,Prime Technologies,Small,Manufacturing,Business Analyst,Senior,True,"generative AI, reinforcement learning",0.54,"Python, Business Analysis, Data Analysis, Statistics, Software Engineering, Project Management","generative AI, reinforcement learning",40094,7.25,0.12,True,Low,11,Growing
437ca679-1706-4d51-bfb9-d234f01feb00,2016,South Africa,Africa,Seoul,NextGen Technologies,Enterprise,Healthcare,Systems Engineer,Executive,False,,0.05,"SQL, Cloud Computing, Research, Data Analysis",Not Specified,19721,-3.73,0.65,False,Low,15,Emerging
e0dd9695-38d3-44e0-9b06-59316e6a666d,2011,Chile,South America,Paris,Global Systems,Medium,Manufacturing,Software Engineer,Executive,False,,0.12,"Communication, SQL, Project Management, Research, Software Engineering",Not Specified,35925,3.62,0.75,False,High,9,Emerging
f293d82a-69ef-4e41-93ae-d4d44c16c685,2019,Chile,South America,Sao Paulo,NextGen Systems,Medium,Retail,Research Scientist,Lead,True,"computer vision, deep learning, reinforcement learning, machine learning",0.88,"Research, SQL, Statistics, Python, Project Management, Cloud Computing","computer vision, deep learning, reinforcement learning, machine learning",69302,9.29,0.19,True,Medium,15,Growing
b1e2ae05-c259-4800-a9e1-d75ea0e2ad80,2025,India,South Asia,Tokyo,NextGen Technologies,Enterprise,Retail,Operations Manager,Intern,False,,0.18,"Research, Business Analysis, Communication, Project Management",Not Specified,32468,4.21,0.66,False,High,13,Growing
87c6aa97-52f4-4242-9e2d-d91033dd6b56,2018,Nigeria,Africa,Sydney,NextGen Systems,Medium,Manufacturing,Research Scientist,Lead,True,deep learning,0.59,"Research, Python, Cloud Computing",deep learning,34714,17.13,0.23,True,Low,18,Growing
36a7fc36-8eb1-4a2a-a98b-0d4d4847d8c3,2013,Chile,South America,Lagos,NextGen Solutions,Startup,Manufacturing,Operations Manager,Executive,False,,0.07,"Data Analysis, Business Analysis, Project Management, Research, Software Engineering",Not Specified,33109,-1.51,0.8,False,Medium,2,Emerging
60c6de91-827c-4a67-9158-dcc507abb67c,2023,France,Europe,Lagos,Prime Systems,Large,Manufacturing,Business Analyst,Junior,True,"computer vision, generative AI, LLMs",0.81,"Python, Research, SQL, Project Management, Data Analysis","computer vision, generative AI, LLMs",105491,9.43,0.28,True,High,8,Growing
f15c3340-58cb-4ea5-872c-50b149114922,2015,Chile,South America,Dubai,Global Analytics,Startup,Agriculture,AI Researcher,Mid,False,,0.1,"Statistics, SQL, Research",Not Specified,36161,1.08,0.85,False,Medium,10,Emerging
ea6f0c75-cbb5-4f27-8ed2-f3282d7022f3,2023,India,South Asia,Sydney,Prime Technologies,Small,Agriculture,Software Engineer,Mid,False,,0.2,"Project Management, Python, Research, SQL, Statistics",Not Specified,29889,1.92,0.65,False,High,9,Growing
8bfb058a-ecf0-46b7-831c-e076a2845cfa,2012,Argentina,South America,Tokyo,Prime Solutions,Large,Retail,Systems Engineer,Executive,False,,0.04,"Statistics, SQL, Cloud Computing, Data Analysis",Not Specified,40659,-1.21,0.75,False,Low,5,Emerging
a9d8a96f-a759-4707-b524-261b49c9b134,2016,Australia,Oceania,Lagos,Prime Technologies,Medium,Healthcare,Business Analyst,Lead,False,,0.17,"Statistics, Software Engineering, Research, Data Analysis, Cloud Computing, SQL",Not Specified,76964,-1.79,0.66,False,High,7,Emerging
e8656291-c85f-44f6-b13b-7d0bf3f0ea54,2018,Sweden,Europe,Seoul,NextGen Analytics,Medium,Retail,Research Scientist,Lead,True,"computer vision, MLOps, reinforcement learning, NLP",0.93,"Project Management, Python, SQL, Statistics, Software Engineering, Business Analysis","computer vision, MLOps, reinforcement learning, NLP",103496,8.98,0.24,True,Low,4,Growing
34fc9608-52ba-4cc4-8b99-ff297e74dece,2020,Jordan,Middle East,London,Global Analytics,Large,Healthcare,Systems Engineer,Intern,True,"NLP, MLOps, deep learning, LLMs",0.65,"Communication, Data Analysis, Project Management, SQL, Statistics","NLP, MLOps, deep learning, LLMs",85905,10.25,0.19,True,Medium,14,Growing
cac2c6e6-6126-4c86-947c-3cb8981ca151,2020,Australia,Oceania,Toronto,Global Systems,Large,Tech,ML Engineer,Intern,True,"machine learning, MLOps",0.79,"Software Engineering, Project Management, Python, Business Analysis","machine learning, MLOps",127891,8.71,0.32,True,High,4,Growing
fdc02dbc-fd75-49cc-a56c-9e556bfa2a4c,2021,Ghana,Africa,Berlin,NextGen Technologies,Startup,Retail,Data Scientist,Junior,False,,0.03,"Statistics, Research, Data Analysis, SQL",Not Specified,24845,4.82,0.61,False,Low,18,Growing
c348a7d3-a912-4b5f-b270-72068bc87a1b,2019,Mexico,North America,London,Future Solutions,Small,Healthcare,Business Analyst,Lead,False,,0.08,"Statistics, Software Engineering, Cloud Computing, SQL, Python, Project Management",Not Specified,98836,3.48,0.72,False,Low,0,Growing
ee9665a2-1577-4cdc-9f40-cd1907fe5332,2019,China,East Asia,New York,NextGen Systems,Medium,Agriculture,Software Engineer,Junior,False,,0.12,"Python, Research, Cloud Computing",Not Specified,61957,0.06,0.73,False,Low,6,Growing
9fc03417-a03e-4667-848e-37df10938a91,2012,Chile,South America,Tokyo,Global Solutions,Startup,Agriculture,Data Scientist,Senior,False,,0.02,"Communication, Statistics, Python, Business Analysis, Data Analysis",Not Specified,42220,-0.62,0.72,False,Medium,7,Emerging
6b5029ad-8e3c-48ab-a366-b2ebba8c0cf4,2013,Poland,Europe,Sao Paulo,Future Systems,Enterprise,Healthcare,Systems Engineer,Intern,False,,0.13,"Communication, Project Management, Business Analysis, Software Engineering, SQL, Data Analysis",Not Specified,55707,2.06,0.68,False,Low,16,Emerging
45c5364b-91fe-401b-825c-2d0e140e4779,2020,UAE,Middle East,Tokyo,Future Analytics,Medium,Healthcare,Policy Analyst,Intern,False,,0.16,"Business Analysis, Cloud Computing, Research",Not Specified,59351,-1.5,0.84,False,High,13,Growing
52f584c8-5cbf-4275-87a2-fa16ba577e49,2011,Philippines,Southeast Asia,London,NextGen Systems,Startup,Retail,Software Engineer,Executive,True,"computer vision, deep learning, machine learning",0.94,"Research, Data Analysis, Cloud Computing, Statistics, Python","computer vision, deep learning, machine learning",43970,-3.15,0.26,True,High,9,Emerging
d2cc11bf-372f-4c78-8e84-94037091cc74,2018,Nigeria,Africa,Dubai,Prime Technologies,Medium,Manufacturing,Business Analyst,Lead,False,,0.09,"Python, SQL, Software Engineering",Not Specified,23168,-2.03,0.84,False,Medium,16,Growing
01f0448d-8b93-4cd1-9eff-4ec6ee9c41db,2018,South Africa,Africa,New York,Prime Analytics,Startup,Retail,Systems Engineer,Intern,True,MLOps,0.6,"Python, Business Analysis, SQL, Project Management, Statistics, Research",MLOps,32809,7.58,0.11,True,High,8,Growing
eb20a364-dd55-4d6f-8373-2d4e3fe801f5,2014,South Korea,East Asia,London,Global Analytics,Enterprise,Tech,Research Scientist,Senior,False,,0.03,"Project Management, Cloud Computing, Research, Data Analysis",Not Specified,58079,0.23,0.85,False,Low,10,Emerging
af7720d9-f5d0-4730-8da1-3050865f2981,2014,Sri Lanka,South Asia,Tokyo,Prime Technologies,Large,Manufacturing,Data Scientist,Executive,False,,0.03,"Business Analysis, Python, Cloud Computing",Not Specified,24354,2.81,0.72,False,High,9,Emerging
a1bc06b0-ed30-4f58-a827-f81200d3c401,2021,Japan,East Asia,Tokyo,NextGen Solutions,Small,Retail,Research Scientist,Executive,False,,0.08,"Research, Python, Business Analysis, Communication, Cloud Computing",Not Specified,69845,2.11,0.87,False,Medium,16,Growing
fb52ae6c-322b-4016-b0bf-4f50855597ab,2010,Nigeria,Africa,Seoul,Global Systems,Startup,Manufacturing,Business Analyst,Intern,False,,0.1,"Business Analysis, Statistics, Python, SQL, Data Analysis",Not Specified,19691,-0.8,0.77,False,Medium,17,Emerging
5dab89c1-1a5a-4c16-a3a4-398e0360e599,2011,Singapore,Southeast Asia,Nairobi,Global Technologies,Enterprise,Retail,Policy Analyst,Senior,True,"reinforcement learning, MLOps, machine learning, deep learning",0.62,"Research, Communication, Project Management, Software Engineering, SQL","reinforcement learning, MLOps, machine learning, deep learning",41896,3.59,0.33,True,Medium,18,Emerging
c67cd18a-debf-4292-b245-ab7cc9caf9eb,2012,Vietnam,Southeast Asia,Toronto,Global Solutions,Startup,Manufacturing,Data Scientist,Lead,False,,0.05,"Statistics, Communication, Python, Data Analysis, Project Management, SQL",Not Specified,34971,2.95,0.83,False,Medium,9,Emerging
66751c20-25a3-4c7d-b24d-84ff89eb70d4,2016,New Zealand,Oceania,Sydney,NextGen Solutions,Small,Agriculture,Operations Manager,Lead,False,,0.15,"Project Management, Statistics, Software Engineering, Business Analysis, SQL, Research",Not Specified,66924,3.97,0.6,False,Medium,5,Emerging
442e9af8-81e3-4213-ade1-507f11e4d74a,2017,Indonesia,Southeast Asia,Sao Paulo,Future Technologies,Enterprise,Tech,ML Engineer,Intern,False,,0.0,"Communication, Statistics, Cloud Computing",Not Specified,34185,2.77,0.69,False,High,12,Growing
1a3a3325-b013-4a5d-8730-791490854a92,2017,Taiwan,East Asia,Seoul,NextGen Systems,Medium,Tech,ML Engineer,Intern,False,,0.18,"Statistics, Research, Data Analysis, Business Analysis, Cloud Computing, SQL",Not Specified,66487,-0.66,0.84,False,High,0,Growing
94c1d5ad-b307-4e69-b158-8141b8d150c7,2024,Pakistan,South Asia,Sao Paulo,Prime Technologies,Startup,Tech,Data Scientist,Executive,False,,0.13,"Data Analysis, Cloud Computing, Project Management, Business Analysis",Not Specified,30179,2.02,0.61,False,Low,7,Mature
4834c7b8-1d5e-41d6-91c0-5fbb0dc388f2,2021,Qatar,Middle East,Nairobi,NextGen Solutions,Medium,Agriculture,ML Engineer,Senior,False,,0.09,"Cloud Computing, Business Analysis, Data Analysis, Research",Not Specified,63940,3.22,0.71,False,High,19,Growing
4b3451b1-d1be-4482-8a87-4d3cd3023fc9,2024,New Zealand,Oceania,Toronto,Future Analytics,Small,Manufacturing,ML Engineer,Junior,False,,0.07,"Business Analysis, Project Management, Cloud Computing",Not Specified,97918,1.65,0.85,False,Medium,10,Growing
a13333de-e3d8-47b7-9295-b43b096cad68,2022,Peru,South America,Paris,NextGen Analytics,Startup,Retail,Research Scientist,Intern,True,NLP,0.44,"Research, Business Analysis, Statistics, Communication, Python, Data Analysis",NLP,74480,13.8,0.17,True,Medium,13,Growing
98b09a84-3349-4308-b295-663693e584c6,2017,Colombia,South America,Tokyo,Global Systems,Startup,Healthcare,Data Scientist,Junior,False,,0.04,"Cloud Computing, Research, Python",Not Specified,46137,-0.37,0.64,False,Low,17,Growing
5942b459-6b92-4a56-ba3b-a3d4563f3da6,2020,Qatar,Middle East,Berlin,NextGen Systems,Medium,Retail,AI Researcher,Junior,False,,0.1,"Research, Project Management, Business Analysis",Not Specified,60907,1.45,0.64,False,Medium,18,Growing
582034af-45cf-4e29-a57a-c750867e38d9,2017,Jordan,Middle East,Toronto,NextGen Technologies,Enterprise,Retail,Research Scientist,Senior,False,,0.0,"Research, Cloud Computing, Statistics, Project Management, SQL",Not Specified,56353,1.0,0.84,False,Medium,3,Growing
445874fc-6843-4122-b315-12d8b70791cc,2011,Egypt,Africa,Dubai,Global Systems,Medium,Healthcare,Systems Engineer,Senior,False,,0.08,"Communication, Cloud Computing, Software Engineering",Not Specified,19152,-2.23,0.77,False,High,6,Emerging
a028e91d-0850-4779-8984-ac6cd2492f51,2023,France,Europe,Sao Paulo,NextGen Systems,Large,Tech,Data Scientist,Junior,True,"LLMs, deep learning, MLOps, computer vision",0.66,"Project Management, Communication, Statistics, Business Analysis","LLMs, deep learning, MLOps, computer vision",108233,11.92,0.23,True,Medium,7,Mature
3b655330-e144-4b4e-b760-e50732f9f581,2014,United States,North America,Tokyo,Future Analytics,Small,Healthcare,Data Scientist,Lead,False,,0.07,"Cloud Computing, Business Analysis, Research",Not Specified,69727,-3.33,0.76,False,Low,14,Emerging
52d65fe4-c517-4c91-acb1-d333f1ae3a02,2012,Brazil,South America,Dubai,Global Systems,Large,Manufacturing,Operations Manager,Junior,False,,0.04,"Business Analysis, Communication, Statistics",Not Specified,40537,3.24,0.87,False,Low,12,Emerging
ae8b9c46-06ee-4de0-82af-681fb222ac31,2024,Argentina,South America,Berlin,NextGen Solutions,Small,Manufacturing,Policy Analyst,Executive,True,"reinforcement learning, generative AI, machine learning",0.41,"Project Management, Software Engineering, Business Analysis, Research","reinforcement learning, generative AI, machine learning",69051,11.6,0.15,True,Low,4,Growing
c6a96dd3-efec-4108-a5b4-e1c0d3e59396,2017,Morocco,Africa,Seoul,Prime Systems,Medium,Manufacturing,Data Scientist,Executive,True,"NLP, machine learning, computer vision",0.67,"Python, Communication, Statistics","NLP, machine learning, computer vision",29294,0.39,0.23,True,High,2,Growing
37ae129c-4080-46d3-8434-760c61465d67,2022,Peru,South America,Bangalore,Global Technologies,Medium,Healthcare,Systems Engineer,Lead,True,"computer vision, generative AI",0.93,"Project Management, SQL, Statistics, Software Engineering, Data Analysis, Business Analysis","computer vision, generative AI",75777,11.61,0.27,True,High,16,Growing
e001dc7c-ded7-44d5-9ab4-fe717a2c5483,2010,Mexico,North America,London,NextGen Technologies,Large,Agriculture,AI Researcher,Senior,False,,0.15,"Research, Cloud Computing, Communication",Not Specified,69179,-4.01,0.81,False,Medium,12,Emerging
7aa5ac59-bcd5-4f45-804b-ab19a1073054,2022,Australia,Oceania,Dubai,Future Analytics,Large,Healthcare,Systems Engineer,Intern,True,"machine learning, computer vision, generative AI, reinforcement learning",0.57,"Research, Data Analysis, Communication","machine learning, computer vision, generative AI, reinforcement learning",123961,13.01,0.22,True,Low,0,Growing
832141e6-6310-4abf-b323-3be6389de9c9,2023,Malaysia,Southeast Asia,London,Future Technologies,Small,Manufacturing,Policy Analyst,Executive,True,"machine learning, LLMs",0.67,"Communication, SQL, Business Analysis, Python, Statistics, Project Management","machine learning, LLMs",53532,7.58,0.21,True,Medium,12,Growing
cc923d05-38a7-46dd-b2b6-d43b6f6e8e27,2016,New Zealand,Oceania,Berlin,NextGen Systems,Medium,Manufacturing,Systems Engineer,Lead,False,,0.16,"Statistics, Communication, Project Management, Python",Not Specified,87270,4.36,0.8,False,Low,6,Emerging
4369a094-d42b-4806-a5f5-5b7cdd6cc055,2011,Nepal,South Asia,London,Global Solutions,Large,Agriculture,AI Researcher,Mid,False,,0.13,"SQL, Data Analysis, Software Engineering, Statistics",Not Specified,23405,-2.46,0.69,False,Low,14,Emerging
42427375-1e44-4db2-ae02-9f71b7f5929b,2016,Vietnam,Southeast Asia,Paris,Global Systems,Startup,Manufacturing,Systems Engineer,Executive,False,,0.17,"SQL, Software Engineering, Research, Statistics, Python, Business Analysis",Not Specified,36741,-3.12,0.88,False,Low,7,Emerging
c68c912a-7c48-4597-9d08-f343603e3fa0,2015,UAE,Middle East,Bangalore,Global Analytics,Large,Tech,Research Scientist,Intern,False,,0.09,"Research, Python, Communication, Business Analysis, Software Engineering",Not Specified,57467,-1.81,0.83,False,Low,0,Emerging
9f316b22-cda7-425d-9167-d3e1c3e7692d,2017,Argentina,South America,London,Global Technologies,Small,Tech,Research Scientist,Junior,False,,0.06,"Statistics, Research, SQL",Not Specified,42954,-4.82,0.87,False,High,4,Growing
8579fc73-a89c-49d2-b3fa-e6ebc8e58697,2014,Thailand,Southeast Asia,Paris,Future Analytics,Medium,Manufacturing,Policy Analyst,Lead,False,,0.09,"Statistics, Research, Project Management",Not Specified,32798,-2.11,0.71,False,Low,12,Emerging
ac74c334-aff3-48d0-b8fe-f2ef2b0c68ef,2024,Nepal,South Asia,Toronto,Global Technologies,Large,Manufacturing,Research Scientist,Intern,False,,0.19,"Project Management, Research, Data Analysis, Business Analysis",Not Specified,29503,0.91,0.69,False,High,12,Growing
7ba2ab51-e15e-45de-b0c7-abd1dbcee2a3,2024,South Korea,East Asia,Dubai,Prime Analytics,Enterprise,Manufacturing,Systems Engineer,Senior,False,,0.07,"Research, Python, Communication, Project Management",Not Specified,80376,-0.58,0.89,False,Medium,1,Growing
e53380b2-5cb8-4a52-8c7d-4bda4014e71b,2021,China,East Asia,New York,Future Analytics,Startup,Healthcare,Policy Analyst,Lead,False,,0.2,"Research, Communication, Python, SQL",Not Specified,82780,-3.65,0.67,False,High,5,Growing
6676da4d-b36a-4ba8-b9b3-fa48d3cd84a0,2017,Bangladesh,South Asia,Sao Paulo,Future Analytics,Medium,Manufacturing,Operations Manager,Intern,False,,0.11,"Software Engineering, Data Analysis, Cloud Computing",Not Specified,24142,3.93,0.74,False,High,16,Growing
967cbcac-9337-4501-be61-ddfcc6b3f2a1,2017,United States,North America,Dubai,Global Analytics,Startup,Healthcare,Software Engineer,Senior,False,,0.17,"Python, Cloud Computing, Statistics",Not Specified,82764,-4.38,0.8,False,High,19,Growing
d6c04c8b-08e5-4594-9777-82c554f5a1b9,2012,Jordan,Middle East,Lagos,Future Analytics,Large,Retail,Product Manager,Intern,False,,0.0,"Software Engineering, Cloud Computing, Research",Not Specified,48172,-3.0,0.75,False,Low,10,Emerging
d7f7255c-6d21-4bb7-9ee8-e9eaa63afe34,2018,Italy,Europe,Sao Paulo,Future Technologies,Large,Agriculture,Product Manager,Executive,True,reinforcement learning,0.85,"Research, Cloud Computing, Python",reinforcement learning,95287,16.93,0.27,True,Medium,6,Growing
a19b152d-2ba7-4312-ada5-f4a4cb0ac0dc,2022,Italy,Europe,Dubai,Global Technologies,Startup,Retail,Systems Engineer,Mid,False,,0.04,"Research, Cloud Computing, Software Engineering, Statistics",Not Specified,91821,-4.14,0.61,False,Low,19,Growing
29a7c483-c9a2-4c7a-b92a-6bc017ebe97a,2015,Australia,Oceania,Sao Paulo,NextGen Analytics,Medium,Tech,ML Engineer,Mid,True,computer vision,0.87,"Data Analysis, Research, Business Analysis, Communication",computer vision,96460,1.76,0.38,True,Medium,3,Emerging
50a79518-3e09-465d-90c7-78157c4ae046,2015,Peru,South America,New York,Prime Technologies,Enterprise,Manufacturing,AI Researcher,Lead,False,,0.03,"Research, Project Management, Data Analysis",Not Specified,43501,4.1,0.66,False,Medium,11,Emerging
8b8a6606-bf02-42de-b50a-2ced626ce9ee,2017,Chile,South America,Lagos,Global Solutions,Large,Retail,Software Engineer,Mid,True,"reinforcement learning, deep learning, NLP, MLOps",0.78,"Software Engineering, SQL, Business Analysis, Cloud Computing, Research, Communication","reinforcement learning, deep learning, NLP, MLOps",61667,2.71,0.32,True,High,19,Growing
4ddbdd32-b08e-4dab-a84d-55a6df59f74c,2012,Australia,Oceania,Sydney,NextGen Analytics,Small,Agriculture,Data Scientist,Junior,False,,0.08,"Cloud Computing, Software Engineering, Project Management, SQL, Statistics, Business Analysis",Not Specified,61893,4.17,0.72,False,Low,4,Emerging
e769ea5b-6044-465d-9bab-b0e04d7a62c1,2010,Nepal,South Asia,London,Global Solutions,Medium,Manufacturing,Operations Manager,Lead,False,,0.14,"Python, Business Analysis, Statistics, SQL, Data Analysis",Not Specified,19656,-1.88,0.68,False,Low,5,Emerging
5d371aef-98de-4691-9400-e5e766a9d13b,2014,Morocco,Africa,Dubai,Future Solutions,Medium,Manufacturing,Data Scientist,Lead,False,,0.13,"Software Engineering, Statistics, Cloud Computing, Project Management, SQL, Communication",Not Specified,21700,-2.22,0.71,False,Low,10,Emerging
ca16d281-e92e-428f-9c85-3ddc6de3560d,2013,Sweden,Europe,Nairobi,Prime Technologies,Small,Retail,Data Scientist,Lead,False,,0.17,"Research, Data Analysis, Python",Not Specified,69026,1.78,0.6,False,High,15,Emerging
32895ac5-7e3f-481f-847e-9d334b1c1be3,2015,Australia,Oceania,Nairobi,Future Technologies,Startup,Healthcare,AI Researcher,Executive,False,,0.03,"Cloud Computing, Software Engineering, SQL, Research, Python",Not Specified,67505,-3.85,0.79,False,High,5,Emerging
de218d0f-81bf-48a1-b315-259ca142a901,2014,Vietnam,Southeast Asia,Dubai,NextGen Solutions,Small,Tech,Operations Manager,Lead,False,,0.0,"Statistics, Cloud Computing, Project Management, SQL",Not Specified,36576,4.14,0.65,False,Medium,1,Emerging
86660ec8-02d6-4cd1-ae86-fd459f35f928,2015,South Africa,Africa,Toronto,Global Analytics,Startup,Manufacturing,Software Engineer,Mid,False,,0.17,"Business Analysis, Research, Statistics",Not Specified,20499,1.42,0.6,False,Low,9,Emerging
fc09079b-ba39-4ef7-a6d0-1e47d2853ed4,2021,China,East Asia,Seoul,Prime Analytics,Startup,Healthcare,Data Scientist,Intern,False,,0.02,"Cloud Computing, Communication, SQL, Python, Project Management, Business Analysis",Not Specified,70036,2.81,0.64,False,Medium,18,Growing
00e8812e-6d13-47ac-b1f2-c68d87e9ce3f,2022,United States,North America,Sao Paulo,Global Systems,Enterprise,Manufacturing,ML Engineer,Mid,False,,0.05,"Research, Cloud Computing, Project Management, Data Analysis, SQL, Statistics",Not Specified,84513,-1.56,0.8,False,High,14,Growing
9a4bc118-1b6e-475a-8ade-3ab7f3d232e2,2017,Chile,South America,Seoul,Future Solutions,Large,Agriculture,Research Scientist,Executive,True,machine learning,0.59,"Communication, Data Analysis, Business Analysis",machine learning,52989,4.02,0.13,True,Medium,18,Growing
4e7b7f84-ab6d-4258-a186-2e07dae23ed8,2015,Australia,Oceania,Lagos,Future Systems,Medium,Manufacturing,Policy Analyst,Lead,False,,0.08,"Communication, Software Engineering, Statistics",Not Specified,80873,4.65,0.77,False,Medium,2,Emerging
7e38e959-78bb-476b-a772-d0ef3d13ac2c,2013,Vietnam,Southeast Asia,Tokyo,Future Solutions,Medium,Retail,Research Scientist,Executive,False,,0.08,"Research, Project Management, Python, Data Analysis, Cloud Computing",Not Specified,33269,2.9,0.87,False,Medium,1,Emerging
17a4cb82-cb2a-418a-9ef9-e161f0997053,2012,Australia,Oceania,Tokyo,NextGen Technologies,Startup,Tech,Software Engineer,Senior,False,,0.07,"Communication, Data Analysis, Business Analysis, Software Engineering, Project Management, Research",Not Specified,71240,-4.07,0.76,False,Low,7,Emerging
7b3d3304-cad6-4890-a0c0-56f2b6a34d06,2021,Canada,North America,Paris,Global Systems,Medium,Tech,Systems Engineer,Senior,False,,0.11,"Python, SQL, Software Engineering",Not Specified,79891,4.46,0.68,False,High,12,Growing
cceab0ef-23ed-4916-970b-7d19f6acce0f,2010,India,South Asia,Bangalore,Future Solutions,Enterprise,Retail,Product Manager,Executive,False,,0.17,"Communication, Project Management, SQL, Cloud Computing",Not Specified,20241,-1.72,0.82,False,Medium,13,Emerging
f390dd61-f16d-4766-b036-fc48be6466f6,2019,New Zealand,Oceania,Seoul,NextGen Solutions,Medium,Healthcare,Research Scientist,Senior,False,,0.09,"Statistics, Software Engineering, SQL, Research, Data Analysis, Communication",Not Specified,87500,4.71,0.62,False,Medium,11,Growing
ed342b04-3afa-4f43-a496-368a9142b083,2024,New Zealand,Oceania,Seoul,Global Solutions,Startup,Retail,Data Scientist,Executive,False,,0.01,"Statistics, Cloud Computing, Research",Not Specified,94339,4.02,0.61,False,Medium,18,Growing
b0f7cdf2-293a-4e6e-9406-c8b8232a868e,2021,Japan,East Asia,Nairobi,NextGen Systems,Startup,Healthcare,Operations Manager,Senior,False,,0.05,"Business Analysis, Software Engineering, Statistics, Research, SQL, Data Analysis",Not Specified,81999,1.15,0.85,False,High,9,Growing
afd2006a-89d2-428a-92f3-fac4f2cc3238,2023,India,South Asia,Sydney,Prime Technologies,Startup,Agriculture,AI Researcher,Lead,False,,0.11,"Statistics, Data Analysis, Business Analysis, Python",Not Specified,31901,-0.4,0.83,False,Low,14,Growing
592dda17-6454-4ec3-bf7a-05abdacc9790,2023,Indonesia,Southeast Asia,Berlin,Prime Systems,Medium,Retail,Software Engineer,Executive,True,"NLP, MLOps",0.93,"Project Management, Communication, Data Analysis, Statistics","NLP, MLOps",51349,9.36,0.34,True,High,1,Growing
2e5b5811-1ecc-4030-a5c2-15d5b75e9252,2023,Kenya,Africa,Seoul,NextGen Technologies,Enterprise,Healthcare,Systems Engineer,Mid,False,,0.07,"SQL, Statistics, Data Analysis, Business Analysis",Not Specified,26419,2.77,0.68,False,High,18,Growing
bbcd9667-f938-43a5-9474-093f294753f0,2021,South Korea,East Asia,Tokyo,NextGen Technologies,Large,Agriculture,Software Engineer,Senior,False,,0.08,"Software Engineering, Python, SQL",Not Specified,66437,1.12,0.82,False,High,4,Growing
88ea4f92-39dc-404a-9817-6c8e1163bef0,2012,Vietnam,Southeast Asia,Lagos,Prime Analytics,Medium,Manufacturing,ML Engineer,Mid,False,,0.14,"Business Analysis, Software Engineering, SQL, Python",Not Specified,33035,3.83,0.87,False,Medium,3,Emerging
a5a4ef87-90c7-49f5-b4a3-4364a0a1d086,2017,United Kingdom,Europe,Singapore,Prime Solutions,Medium,Manufacturing,Research Scientist,Executive,False,,0.1,"Project Management, Python, Research, SQL",Not Specified,67555,1.32,0.89,False,Low,9,Growing
9d485cff-cc81-4971-ace7-2502a02d95d3,2016,Singapore,Southeast Asia,Lagos,Global Systems,Large,Tech,Operations Manager,Executive,False,,0.09,"SQL, Python, Communication, Research",Not Specified,32815,-4.53,0.89,False,High,3,Emerging
410ec827-fce8-4ec3-a0f9-164b1fe29796,2015,Ghana,Africa,New York,Prime Analytics,Small,Tech,Research Scientist,Executive,False,,0.04,"Statistics, Software Engineering, Research, Business Analysis, Project Management, Data Analysis",Not Specified,19504,0.29,0.76,False,Medium,6,Emerging
f50d41af-f35d-469a-9a47-bba5edcd6835,2015,Nepal,South Asia,Dubai,Global Systems,Enterprise,Agriculture,Systems Engineer,Intern,True,"deep learning, machine learning, reinforcement learning, NLP",0.82,"Software Engineering, Research, SQL, Cloud Computing, Communication","deep learning, machine learning, reinforcement learning, NLP",30678,-2.64,0.24,True,Low,5,Emerging
0b2c898b-97c8-4c1f-80ea-233481fc6549,2018,Morocco,Africa,Bangalore,Future Analytics,Enterprise,Manufacturing,Research Scientist,Executive,False,,0.06,"Cloud Computing, Statistics, SQL, Research, Data Analysis",Not Specified,24255,1.68,0.69,False,Low,3,Growing
9b1d786a-97aa-448c-b24b-b1ecf57cd8ef,2021,India,South Asia,Nairobi,Prime Technologies,Large,Tech,Software Engineer,Senior,True,"deep learning, generative AI, machine learning",0.55,"Data Analysis, Software Engineering, Communication, Research, SQL, Cloud Computing","deep learning, generative AI, machine learning",33141,17.6,0.2,True,Low,9,Growing
577ae2c8-c985-4cce-b81c-53e1d30aecd3,2023,Israel,Middle East,New York,Global Solutions,Startup,Retail,Business Analyst,Senior,False,,0.17,"Project Management, Research, Cloud Computing, Data Analysis",Not Specified,71434,-0.48,0.66,False,Medium,9,Growing
52f861a4-cffc-4876-afc6-6e70f107dd94,2012,India,South Asia,Paris,Future Systems,Small,Healthcare,AI Researcher,Intern,False,,0.18,"Python, Statistics, Project Management, Communication",Not Specified,24215,3.0,0.79,False,High,18,Emerging
15014bab-b12c-4fdd-9cea-f396208678b5,2010,Australia,Oceania,Nairobi,Prime Analytics,Small,Healthcare,Systems Engineer,Lead,False,,0.01,"Python, Business Analysis, Project Management, Statistics, Cloud Computing, SQL",Not Specified,69240,4.23,0.86,False,High,5,Emerging
a272162a-cb11-46c6-aaad-1eb9fa176ded,2024,Taiwan,East Asia,Toronto,NextGen Solutions,Startup,Manufacturing,Business Analyst,Lead,False,,0.0,"Data Analysis, Statistics, Research, Cloud Computing, Python, Software Engineering",Not Specified,66552,4.45,0.8,False,Low,2,Growing
f5168262-c3f2-456d-9766-72b5892cf3bc,2015,Jordan,Middle East,Berlin,Global Analytics,Startup,Healthcare,Policy Analyst,Mid,True,"NLP, computer vision, deep learning",0.41,"Statistics, Python, Data Analysis, Project Management, Cloud Computing","NLP, computer vision, deep learning",89217,-1.25,0.39,True,Medium,11,Emerging
31544644-35d3-4b8c-847e-1cac55a6f006,2019,Netherlands,Europe,Nairobi,Global Analytics,Small,Manufacturing,AI Researcher,Executive,True,"reinforcement learning, deep learning",0.81,"Python, Software Engineering, Data Analysis, Project Management, Research, SQL","reinforcement learning, deep learning",104287,17.33,0.36,True,Low,1,Growing
7cbe8c8f-90a8-4975-b370-6a642cc66b32,2015,India,South Asia,Toronto,Global Systems,Startup,Manufacturing,Business Analyst,Lead,False,,0.09,"Communication, SQL, Statistics, Business Analysis, Cloud Computing",Not Specified,23784,-2.73,0.87,False,Low,11,Emerging
3393ecd6-dd0f-43a4-a23f-7d0dde53db41,2019,Saudi Arabia,Middle East,London,Future Systems,Large,Agriculture,Policy Analyst,Lead,False,,0.13,"Software Engineering, Statistics, SQL, Data Analysis, Research, Project Management",Not Specified,59848,2.68,0.75,False,High,18,Growing
dfd1854b-e475-4997-aec0-831e76d1d981,2013,Chile,South America,Sydney,Prime Analytics,Enterprise,Retail,Business Analyst,Intern,False,,0.19,"Statistics, Project Management, Software Engineering, Data Analysis, Research, Communication",Not Specified,38164,-3.61,0.86,False,Medium,17,Emerging
7109fa98-314a-486f-8378-d03dfb3322c4,2015,Qatar,Middle East,London,Global Systems,Large,Retail,ML Engineer,Executive,False,,0.05,"SQL, Cloud Computing, Communication, Data Analysis",Not Specified,61633,-3.27,0.63,False,Low,1,Emerging
c7032ee5-0f16-4f33-bd9d-1ec2c924aee2,2014,Brazil,South America,Singapore,Prime Analytics,Startup,Tech,Software Engineer,Lead,False,,0.16,"Data Analysis, Project Management, Python, SQL, Statistics",Not Specified,38816,2.0,0.63,False,Low,5,Emerging
2d6db084-12f8-415c-ae5d-cb983734d962,2014,Israel,Middle East,Toronto,Future Analytics,Large,Manufacturing,Business Analyst,Executive,False,,0.1,"Business Analysis, Cloud Computing, Data Analysis, Software Engineering",Not Specified,48021,-0.02,0.78,False,Medium,5,Emerging
3542bd7c-9dd7-4454-8577-f0b714b50e68,2011,Qatar,Middle East,Sydney,Prime Technologies,Large,Healthcare,Data Scientist,Senior,False,,0.02,"Communication, Software Engineering, Data Analysis, SQL",Not Specified,48694,2.93,0.69,False,Low,3,Emerging
8789c746-29a9-470d-aa0a-c3ec3776279d,2010,New Zealand,Oceania,Singapore,NextGen Analytics,Large,Agriculture,Product Manager,Intern,False,,0.05,"Communication, Python, Project Management, Cloud Computing",Not Specified,71391,-1.97,0.82,False,High,10,Emerging
770faaf3-df46-4d51-b2ae-fd99d9224e0b,2014,China,East Asia,Berlin,Prime Solutions,Medium,Agriculture,Research Scientist,Mid,False,,0.19,"Cloud Computing, Software Engineering, Python",Not Specified,55199,0.18,0.73,False,Medium,9,Emerging
0d226dcd-fbdb-4e22-bf88-9fcedde6d466,2012,Malaysia,Southeast Asia,Nairobi,Prime Systems,Small,Retail,Policy Analyst,Junior,False,,0.13,"Research, Data Analysis, Python, Statistics",Not Specified,28620,3.94,0.61,False,Low,0,Emerging
8fe4ea37-91a8-41f7-8996-7852dd29fc98,2016,Kenya,Africa,Nairobi,Prime Systems,Small,Healthcare,Policy Analyst,Junior,False,,0.1,"Cloud Computing, Research, Communication",Not Specified,19490,-2.41,0.68,False,High,5,Emerging
5091c041-39b5-4efd-8d7d-2ef01813e680,2016,Spain,Europe,Dubai,Prime Systems,Small,Healthcare,Data Scientist,Lead,False,,0.15,"Research, Business Analysis, Project Management",Not Specified,69206,3.58,0.72,False,Low,3,Emerging
18fa3e73-bea7-4fcc-bd92-9d7eadebdf97,2018,Malaysia,Southeast Asia,Bangalore,Future Systems,Small,Healthcare,Policy Analyst,Junior,False,,0.12,"Cloud Computing, Project Management, Data Analysis, Statistics, Python, Business Analysis",Not Specified,41220,-2.99,0.67,False,Medium,0,Growing
dc3a65be-836c-45af-9d17-16b954ed81db,2011,Egypt,Africa,Sao Paulo,Global Solutions,Small,Healthcare,Systems Engineer,Lead,False,,0.19,"Software Engineering, Business Analysis, SQL, Cloud Computing, Communication",Not Specified,19920,4.15,0.69,False,Medium,16,Emerging
011e7f98-1d1d-46ac-9eae-20f351d93cbb,2018,Israel,Middle East,Sao Paulo,Prime Systems,Enterprise,Agriculture,AI Researcher,Intern,False,,0.16,"Cloud Computing, Data Analysis, Project Management, Statistics",Not Specified,61831,-3.76,0.72,False,High,0,Growing
1b3127af-c255-444f-a289-ae8f73821b05,2011,Poland,Europe,Seoul,Global Systems,Enterprise,Healthcare,Systems Engineer,Junior,False,,0.16,"Cloud Computing, Business Analysis, Software Engineering",Not Specified,64818,3.44,0.72,False,High,13,Emerging
d0eac78b-76e8-4b6d-94b9-16b63c821598,2017,Nigeria,Africa,Toronto,Global Analytics,Startup,Agriculture,Systems Engineer,Executive,False,,0.12,"Cloud Computing, Communication, Research, Software Engineering, Python, Statistics",Not Specified,24480,2.55,0.76,False,High,11,Growing
df6b7808-ac2c-4278-b4f5-dbd298a79958,2013,Brazil,South America,Tokyo,Global Systems,Medium,Retail,Policy Analyst,Executive,False,,0.09,"Research, Software Engineering, Data Analysis",Not Specified,43550,-1.77,0.87,False,Medium,16,Emerging
b053efad-40a2-418a-ae94-31e600f0cddf,2017,Saudi Arabia,Middle East,Lagos,NextGen Technologies,Small,Tech,Software Engineer,Intern,True,"deep learning, computer vision, NLP, machine learning",0.46,"Project Management, Cloud Computing, SQL, Statistics, Communication","deep learning, computer vision, NLP, machine learning",80732,4.53,0.25,True,Medium,7,Growing
d60b8115-f3a5-4bdd-b9d6-cfd53ae7e3b8,2022,Mexico,North America,London,Prime Analytics,Small,Agriculture,AI Researcher,Senior,True,"reinforcement learning, machine learning, computer vision, NLP",0.82,"Statistics, Project Management, Python","reinforcement learning, machine learning, computer vision, NLP",129303,7.06,0.14,True,High,2,Growing
29dec34e-a140-44b7-ae48-6b962547dde8,2010,Brazil,South America,Paris,NextGen Analytics,Large,Tech,AI Researcher,Senior,False,,0.09,"SQL, Research, Software Engineering, Statistics, Business Analysis",Not Specified,32232,3.77,0.9,False,Low,6,Emerging
085b3789-a884-430f-8d13-1a88a93d7bb4,2020,France,Europe,Bangalore,Future Solutions,Enterprise,Tech,Product Manager,Executive,True,"computer vision, LLMs",0.77,"Cloud Computing, Software Engineering, Data Analysis, Project Management, Communication","computer vision, LLMs",98090,17.65,0.18,True,Medium,19,Growing
bf23e903-d1a1-44f0-860e-3a69f8e55b33,2012,Thailand,Southeast Asia,New York,Prime Analytics,Small,Agriculture,Research Scientist,Intern,False,,0.14,"Data Analysis, Research, SQL",Not Specified,35203,3.4,0.66,False,Low,2,Emerging
2f822ab2-7169-41af-944c-b6bb9774f6c6,2016,Sweden,Europe,Seoul,Global Technologies,Enterprise,Retail,AI Researcher,Mid,True,"computer vision, machine learning, MLOps, reinforcement learning",0.93,"Data Analysis, Research, Cloud Computing, Communication, SQL, Project Management","computer vision, machine learning, MLOps, reinforcement learning",95812,-3.3,0.2,True,High,5,Emerging
73db4a74-5779-4e2b-8152-4883c2d44881,2018,Australia,Oceania,Berlin,Global Systems,Startup,Tech,Policy Analyst,Junior,False,,0.07,"Data Analysis, Cloud Computing, Software Engineering",Not Specified,85367,-4.42,0.68,False,High,12,Growing
a778af2a-8bae-4795-9d9f-e83dc95844b0,2024,Taiwan,East Asia,Toronto,Future Systems,Small,Agriculture,AI Researcher,Senior,True,reinforcement learning,0.49,"Research, Cloud Computing, SQL, Data Analysis, Statistics, Python",reinforcement learning,117400,5.65,0.28,True,High,19,Growing
76f8d3f5-7260-484d-868b-aeb69b31c98b,2013,Taiwan,East Asia,Dubai,Prime Solutions,Medium,Agriculture,AI Researcher,Lead,False,,0.01,"SQL, Cloud Computing, Python, Data Analysis, Project Management",Not Specified,53715,0.09,0.89,False,High,9,Emerging
558ed053-4e82-4454-8747-7265e6da4fff,2016,Nepal,South Asia,Toronto,Prime Technologies,Startup,Manufacturing,ML Engineer,Mid,False,,0.02,"Statistics, Python, Data Analysis, SQL, Software Engineering, Cloud Computing",Not Specified,25976,-1.36,0.65,False,Low,3,Emerging
5c409921-e1bb-4dbe-8d0a-2b6dff128817,2025,France,Europe,Berlin,Future Solutions,Medium,Healthcare,Systems Engineer,Senior,True,"generative AI, NLP, reinforcement learning",0.41,"Data Analysis, Project Management, Business Analysis, Research, Statistics, Software Engineering","generative AI, NLP, reinforcement learning",128411,10.89,0.2,True,High,6,Growing
8bcc25fd-e543-4080-9959-d443191f2403,2017,France,Europe,Nairobi,Future Analytics,Large,Retail,AI Researcher,Senior,True,"deep learning, MLOps",0.53,"Research, Python, Statistics, Cloud Computing","deep learning, MLOps",97264,-4.36,0.3,True,Medium,12,Growing
51b5e99f-920d-45be-9b1d-7be2ac96005a,2010,Canada,North America,Berlin,Prime Systems,Small,Manufacturing,Data Scientist,Lead,False,,0.14,"Statistics, Business Analysis, Project Management, Communication, Python",Not Specified,69725,1.06,0.62,False,Medium,14,Emerging
609adf7e-bd9c-42b2-b9d6-51c97783eac9,2019,New Zealand,Oceania,Toronto,Future Analytics,Large,Manufacturing,Operations Manager,Intern,True,"machine learning, computer vision",0.75,"Python, Research, Statistics, Software Engineering, Data Analysis, Cloud Computing","machine learning, computer vision",132701,14.94,0.19,True,High,16,Growing
2c0a6c0b-5292-41aa-aea7-53ce91354ae4,2023,Taiwan,East Asia,New York,NextGen Technologies,Small,Retail,Systems Engineer,Senior,True,"deep learning, machine learning, LLMs, MLOps",0.41,"SQL, Software Engineering, Python, Cloud Computing, Statistics, Business Analysis","deep learning, machine learning, LLMs, MLOps",118083,17.13,0.1,True,Medium,8,Growing
7827f317-ace3-44f5-b892-bfe32e867b2d,2024,Pakistan,South Asia,Sydney,Prime Systems,Enterprise,Retail,Systems Engineer,Junior,False,,0.03,"Data Analysis, Project Management, Research, Cloud Computing, Python",Not Specified,28239,4.59,0.74,False,Low,1,Growing
e23e996f-974c-49d3-a82b-499795e9186b,2021,Chile,South America,Toronto,Global Solutions,Medium,Healthcare,Research Scientist,Mid,True,"generative AI, deep learning, machine learning",0.45,"Statistics, SQL, Cloud Computing, Data Analysis, Research","generative AI, deep learning, machine learning",66584,9.74,0.27,True,Low,0,Growing
8fa67e40-e235-4f0a-a08c-0940261c2d10,2016,United Kingdom,Europe,Sydney,Global Solutions,Enterprise,Agriculture,ML Engineer,Intern,False,,0.0,"SQL, Python, Research, Data Analysis",Not Specified,69781,-2.53,0.82,False,Medium,17,Emerging
83396a4e-388a-402b-8c01-2b733d8d53a5,2025,Vietnam,Southeast Asia,Singapore,Prime Analytics,Small,Retail,ML Engineer,Junior,True,LLMs,0.7,"Communication, Python, Statistics, Business Analysis",LLMs,57496,7.28,0.3,True,Medium,9,Growing
48e3ab9c-b7e4-4e34-b2ef-4e53601774f6,2012,Colombia,South America,Lagos,Prime Systems,Medium,Tech,Operations Manager,Intern,False,,0.08,"Cloud Computing, Research, Software Engineering, SQL, Statistics, Business Analysis",Not Specified,33925,2.32,0.79,False,Medium,16,Emerging
b2582381-b11a-4810-b532-661eb463d0f0,2024,Australia,Oceania,Nairobi,NextGen Solutions,Small,Manufacturing,Policy Analyst,Junior,True,"MLOps, reinforcement learning",0.84,"Project Management, Data Analysis, Communication, Business Analysis, Python, Statistics","MLOps, reinforcement learning",143412,9.38,0.23,True,Medium,13,Growing
1629d533-5db8-494f-81f6-56dac11e23ae,2025,Qatar,Middle East,Berlin,Global Technologies,Startup,Retail,Research Scientist,Senior,True,generative AI,0.81,"Python, SQL, Communication",generative AI,113654,6.11,0.19,True,Medium,8,Growing
44b88b8e-7082-4a7b-8c33-1c6138260128,2011,South Africa,Africa,Bangalore,Global Analytics,Startup,Retail,Data Scientist,Intern,False,,0.01,"Business Analysis, Research, Cloud Computing, Statistics, Software Engineering, Project Management",Not Specified,18990,3.95,0.67,False,Medium,10,Emerging
fca51947-e5bd-4963-8715-13015921e4d3,2014,New Zealand,Oceania,Lagos,Prime Solutions,Medium,Healthcare,Business Analyst,Junior,False,,0.09,"Software Engineering, Communication, Statistics, Python",Not Specified,70400,-1.48,0.7,False,Low,19,Emerging
45e856f3-0b36-4413-95a5-5a3b734441e9,2021,South Africa,Africa,Berlin,Global Analytics,Large,Healthcare,Systems Engineer,Intern,False,,0.06,"Data Analysis, Project Management, SQL, Communication, Cloud Computing",Not Specified,22355,3.58,0.83,False,High,14,Growing
4692b765-fe76-4a47-8680-81657d1c4e59,2015,Chile,South America,Bangalore,Global Solutions,Small,Tech,Research Scientist,Junior,False,,0.09,"Project Management, Business Analysis, Data Analysis, Research, SQL, Python",Not Specified,40234,1.23,0.64,False,Medium,10,Emerging
cb5e4282-7da9-402f-9ff0-707e0a0516cb,2020,Canada,North America,Bangalore,Global Analytics,Medium,Tech,Research Scientist,Senior,True,generative AI,0.92,"SQL, Statistics, Python",generative AI,121783,15.44,0.11,True,Low,15,Growing
a9dbc6ae-7718-4a97-8fbf-0932a88ad25b,2024,Peru,South America,Singapore,Prime Technologies,Enterprise,Healthcare,Business Analyst,Junior,True,deep learning,0.8,"Business Analysis, Python, Statistics",deep learning,77558,11.59,0.29,True,High,2,Growing
6f14c145-eb1c-4564-8ff5-d9a96e003e7c,2013,Argentina,South America,Bangalore,Global Technologies,Medium,Healthcare,Product Manager,Executive,False,,0.09,"Statistics, Cloud Computing, Python",Not Specified,43402,0.77,0.75,False,Medium,13,Emerging
0d30716d-0b24-4098-9cae-546c4c30fc50,2013,Qatar,Middle East,Tokyo,Global Solutions,Large,Agriculture,Product Manager,Junior,False,,0.13,"Research, Python, Software Engineering, Business Analysis, SQL",Not Specified,50739,-0.91,0.81,False,Low,14,Emerging
c0766280-7f0b-4a4d-8328-e2b4a580a1fc,2021,New Zealand,Oceania,Berlin,Global Systems,Medium,Agriculture,Systems Engineer,Senior,True,"machine learning, deep learning, MLOps",0.49,"Data Analysis, Statistics, Communication, Project Management, Cloud Computing, SQL","machine learning, deep learning, MLOps",129009,17.73,0.31,True,High,9,Growing
fe4b582d-aae0-4266-8e22-8cd515366feb,2015,Germany,Europe,New York,NextGen Technologies,Startup,Tech,Policy Analyst,Senior,False,,0.0,"Research, Cloud Computing, Statistics, Business Analysis",Not Specified,61761,1.62,0.68,False,Low,11,Emerging
902e669b-7c0d-4e10-92ad-b1a32e30f0ee,2019,Argentina,South America,Toronto,Future Solutions,Medium,Manufacturing,ML Engineer,Lead,False,,0.05,"SQL, Research, Business Analysis, Python",Not Specified,39937,-1.1,0.75,False,Medium,13,Growing
81e7cc8b-5971-4a21-bc96-046eeb91bb17,2017,Japan,East Asia,London,Prime Technologies,Small,Manufacturing,Business Analyst,Lead,False,,0.16,"Software Engineering, Python, Statistics, Communication, Data Analysis, Cloud Computing",Not Specified,68610,-4.03,0.68,False,Low,2,Growing
256f7a82-dea7-4216-b55f-897ec1bf9799,2023,UAE,Middle East,Toronto,Future Systems,Medium,Retail,Operations Manager,Mid,False,,0.08,"Statistics, SQL, Project Management, Cloud Computing",Not Specified,61068,-3.19,0.9,False,Low,8,Growing
7ca5fb77-c261-4890-b73e-e4b9049d7191,2016,Egypt,Africa,Sydney,Prime Analytics,Small,Retail,Business Analyst,Mid,False,,0.1,"Research, Business Analysis, Software Engineering, SQL, Communication, Python",Not Specified,19485,2.61,0.62,False,Medium,2,Emerging
40218dfa-a792-45cf-8787-28832ce0dfc5,2021,UAE,Middle East,Lagos,Future Systems,Startup,Manufacturing,Software Engineer,Senior,False,,0.12,"Data Analysis, Business Analysis, SQL, Communication, Software Engineering",Not Specified,73593,0.86,0.69,False,Low,14,Growing
f8ac984c-d80a-472a-b68a-6487be679e23,2019,UAE,Middle East,Nairobi,NextGen Analytics,Startup,Retail,Data Scientist,Lead,False,,0.17,"Python, Project Management, Statistics",Not Specified,63954,-1.71,0.85,False,Medium,8,Growing
d011a880-ab9a-474f-b6d1-7bae019fffb8,2013,Nigeria,Africa,Nairobi,Global Technologies,Startup,Tech,Policy Analyst,Executive,False,,0.17,"Cloud Computing, Software Engineering, Data Analysis, Project Management, SQL",Not Specified,22144,-2.45,0.61,False,Low,10,Emerging
73cb8ced-dd66-40e1-9d4b-6d52e0333491,2012,Mexico,North America,Lagos,Future Analytics,Enterprise,Tech,Research Scientist,Intern,False,,0.09,"Statistics, Cloud Computing, Python, Business Analysis",Not Specified,64245,4.28,0.83,False,Medium,8,Emerging
43bb026c-ee8c-4b8e-950e-cdf085889d21,2017,France,Europe,Dubai,Global Analytics,Enterprise,Retail,Business Analyst,Lead,False,,0.06,"SQL, Data Analysis, Communication, Software Engineering, Business Analysis",Not Specified,73314,4.11,0.72,False,Medium,18,Growing
f903ac01-897f-47c7-b582-271ffd987b07,2021,Qatar,Middle East,London,Future Analytics,Enterprise,Manufacturing,Research Scientist,Lead,False,,0.01,"Research, Project Management, Statistics, Communication, Software Engineering",Not Specified,72507,0.69,0.68,False,Low,3,Growing
1e87797c-122d-4bd9-b376-2faa8df35802,2020,Taiwan,East Asia,Bangalore,Prime Solutions,Large,Agriculture,AI Researcher,Lead,False,,0.16,"Python, Project Management, Business Analysis, Communication",Not Specified,72073,-1.67,0.82,False,High,18,Growing
f0faee94-faa2-4777-9733-852c92123139,2022,South Africa,Africa,Singapore,Prime Solutions,Small,Tech,ML Engineer,Executive,False,,0.19,"Business Analysis, Research, Project Management, Software Engineering",Not Specified,25859,-1.03,0.63,False,High,16,Mature
d6a6cb4f-de17-43d3-bc4d-dda56afd1da8,2010,Australia,Oceania,Nairobi,Global Technologies,Enterprise,Manufacturing,AI Researcher,Junior,False,,0.19,"Software Engineering, Project Management, Communication, Statistics, Research",Not Specified,69624,-0.02,0.61,False,High,11,Emerging
cbd637d5-e740-4595-88f6-fe87b64cec98,2015,United States,North America,Tokyo,Prime Systems,Enterprise,Healthcare,Business Analyst,Mid,False,,0.12,"Cloud Computing, Python, Statistics, Research, Software Engineering, Project Management",Not Specified,83375,3.88,0.62,False,High,9,Emerging
4d98ba3f-2cc8-417c-97c5-e5e1395f435e,2017,Brazil,South America,London,NextGen Systems,Enterprise,Healthcare,Data Scientist,Executive,True,"MLOps, computer vision, NLP, reinforcement learning",0.53,"Project Management, Research, Communication, Business Analysis","MLOps, computer vision, NLP, reinforcement learning",65340,2.73,0.27,True,Low,13,Growing
82bf14c7-da28-4847-90ff-cd8d8e0d4196,2015,Saudi Arabia,Middle East,New York,Global Systems,Small,Healthcare,Policy Analyst,Lead,True,"reinforcement learning, MLOps, NLP, computer vision",0.77,"Python, Software Engineering, Data Analysis","reinforcement learning, MLOps, NLP, computer vision",92332,-2.9,0.29,True,Low,4,Emerging
b82e1fcc-7ed8-416a-83a5-5daaacac011e,2025,UAE,Middle East,Dubai,Global Solutions,Medium,Agriculture,Operations Manager,Intern,True,"reinforcement learning, machine learning, deep learning, generative AI",0.72,"Python, Cloud Computing, Project Management","reinforcement learning, machine learning, deep learning, generative AI",101709,13.32,0.12,True,High,18,Growing
0e146a3b-9403-448e-95cc-74c77f3b1bcb,2012,Nepal,South Asia,Berlin,Future Technologies,Startup,Tech,AI Researcher,Intern,False,,0.18,"Statistics, SQL, Research, Project Management, Business Analysis, Cloud Computing",Not Specified,18422,2.22,0.76,False,Low,10,Emerging
d60a9f5e-a087-4d9b-ab71-70db0cb11707,2014,Chile,South America,Sydney,Global Solutions,Enterprise,Agriculture,Data Scientist,Lead,True,NLP,0.73,"Communication, Statistics, SQL, Project Management, Research",NLP,53506,-4.75,0.21,True,Low,8,Emerging
21c20530-b77a-499f-a2f6-0d4f69f040f5,2011,Kenya,Africa,Tokyo,Future Technologies,Startup,Healthcare,AI Researcher,Mid,False,,0.1,"Business Analysis, Data Analysis, Software Engineering",Not Specified,18409,-4.72,0.67,False,Medium,2,Emerging
bf38fe05-38e2-47bd-a492-46380f0d2adf,2011,Sri Lanka,South Asia,London,Future Technologies,Enterprise,Agriculture,Product Manager,Mid,False,,0.1,"Cloud Computing, SQL, Data Analysis, Business Analysis",Not Specified,19939,-4.64,0.63,False,Medium,11,Emerging
cae5af67-8ab5-44cd-96f5-3536b4394988,2011,Netherlands,Europe,Seoul,NextGen Analytics,Enterprise,Manufacturing,Product Manager,Mid,True,"deep learning, computer vision, reinforcement learning",0.53,"Research, Statistics, Python, Business Analysis, SQL, Communication","deep learning, computer vision, reinforcement learning",75286,3.14,0.35,True,Low,17,Emerging
94789eda-2cfd-4d8a-859e-82300c18b759,2016,Canada,North America,Toronto,Future Systems,Medium,Agriculture,AI Researcher,Junior,False,,0.19,"Business Analysis, Statistics, SQL, Cloud Computing, Software Engineering",Not Specified,86916,0.77,0.81,False,High,11,Emerging
8a586e33-9671-426b-b713-9a4890b5460b,2014,Japan,East Asia,New York,Future Solutions,Medium,Tech,AI Researcher,Executive,False,,0.02,"Python, Cloud Computing, Project Management, Data Analysis",Not Specified,70379,-1.33,0.79,False,High,8,Emerging
528da732-2cb7-42a5-b99f-0b287ec1a986,2021,Australia,Oceania,Sao Paulo,Prime Technologies,Enterprise,Agriculture,Software Engineer,Mid,False,,0.14,"Data Analysis, Python, Project Management",Not Specified,86877,-2.07,0.67,False,Low,1,Growing
fc2905bf-db30-4ad3-b17b-1932c546c9c7,2012,Philippines,Southeast Asia,Toronto,Global Solutions,Enterprise,Retail,Systems Engineer,Junior,False,,0.15,"Statistics, Cloud Computing, Data Analysis, Research, Software Engineering",Not Specified,31710,2.91,0.85,False,Medium,16,Emerging
de64be2d-fe0d-4be3-98f7-3444b1ef492f,2024,Japan,East Asia,Dubai,Future Technologies,Startup,Healthcare,ML Engineer,Senior,True,"computer vision, LLMs",0.52,"Python, Data Analysis, Business Analysis, Research, Software Engineering","computer vision, LLMs",98020,6.65,0.12,True,High,10,Growing
14d3af0a-aca4-4b40-b4df-f6459e8c42a1,2021,Italy,Europe,Lagos,Global Solutions,Startup,Agriculture,Software Engineer,Mid,True,"deep learning, machine learning",0.68,"Research, Communication, Data Analysis, Project Management","deep learning, machine learning",111866,13.42,0.32,True,Low,15,Growing
219cc7ed-89b9-4fad-9211-f3f68f710ac2,2011,Jordan,Middle East,Seoul,Global Technologies,Medium,Manufacturing,ML Engineer,Mid,False,,0.02,"Business Analysis, Data Analysis, SQL",Not Specified,57177,4.1,0.83,False,High,9,Emerging
3f263331-cfc1-4ad7-afaa-39f6f277c5c0,2013,Egypt,Africa,Singapore,NextGen Systems,Startup,Healthcare,Business Analyst,Junior,False,,0.05,"Project Management, Data Analysis, Communication, Python, Business Analysis, SQL",Not Specified,19614,1.49,0.62,False,Medium,11,Emerging
a5ff1960-1c1e-491a-8333-0929a8de2443,2024,Colombia,South America,Singapore,NextGen Technologies,Enterprise,Retail,Operations Manager,Executive,True,LLMs,0.55,"Communication, Software Engineering, SQL, Statistics, Project Management, Research",LLMs,69144,7.32,0.33,True,Medium,12,Growing
dcb1a4ad-b1fc-4f20-af57-16acd11683ec,2020,Qatar,Middle East,Seoul,NextGen Technologies,Startup,Tech,Systems Engineer,Executive,False,,0.09,"Business Analysis, Communication, Data Analysis",Not Specified,68439,-0.43,0.8,False,High,19,Growing
9b626636-dea8-4b01-a212-78d579aad4f4,2024,Mexico,North America,Seoul,Future Technologies,Enterprise,Healthcare,Operations Manager,Junior,True,"computer vision, generative AI, reinforcement learning, MLOps",0.65,"Python, Communication, Software Engineering, Data Analysis, Business Analysis, Research","computer vision, generative AI, reinforcement learning, MLOps",136140,13.11,0.22,True,Medium,0,Growing
1bb9656e-a4ba-49b9-ad72-ef5afdb5fbe9,2014,Pakistan,South Asia,Lagos,Global Technologies,Enterprise,Tech,Product Manager,Mid,True,"NLP, reinforcement learning",0.76,"Communication, Cloud Computing, SQL","NLP, reinforcement learning",30432,1.33,0.13,True,Low,6,Emerging
d627bbf6-699e-4d14-a1fc-da19c4a63acd,2018,South Korea,East Asia,Seoul,Future Systems,Small,Retail,Research Scientist,Executive,True,"machine learning, computer vision, MLOps",0.58,"Business Analysis, Data Analysis, Software Engineering, Research","machine learning, computer vision, MLOps",101679,12.29,0.23,True,High,15,Growing
34f8045f-65d1-41f1-9668-4d5132987780,2011,Vietnam,Southeast Asia,Lagos,Future Technologies,Small,Retail,Business Analyst,Junior,False,,0.11,"Python, Project Management, Software Engineering, Statistics, Research, SQL",Not Specified,30896,-4.24,0.81,False,Low,16,Emerging
2b227a23-fd1a-4865-aace-846ad442eef8,2022,South Korea,East Asia,Seoul,NextGen Systems,Small,Healthcare,Software Engineer,Mid,False,,0.05,"Cloud Computing, Business Analysis, Software Engineering, Data Analysis, Project Management, SQL",Not Specified,74482,-4.33,0.67,False,Low,10,Growing
9ccfcce3-a201-47f2-ad6c-47bb1d7adad3,2013,Chile,South America,Berlin,Future Analytics,Large,Retail,Systems Engineer,Intern,True,"machine learning, deep learning",0.55,"Cloud Computing, Python, Project Management, Data Analysis, Statistics, SQL","machine learning, deep learning",47796,2.29,0.24,True,High,1,Emerging
5d365a01-7df4-40a0-9bfb-5ccec36a5f3d,2022,Canada,North America,Bangalore,Global Technologies,Medium,Agriculture,ML Engineer,Senior,True,"NLP, computer vision, deep learning, reinforcement learning",0.43,"Python, SQL, Statistics, Communication","NLP, computer vision, deep learning, reinforcement learning",135877,16.77,0.34,True,High,18,Growing
a0e65d2b-175a-4e9f-b675-ba06a1394edc,2016,France,Europe,Lagos,Global Technologies,Enterprise,Tech,Policy Analyst,Senior,True,deep learning,0.51,"Software Engineering, Data Analysis, Cloud Computing",deep learning,98068,-2.47,0.2,True,Low,1,Emerging
c6cb1852-5602-4f38-af9e-d96a5cf61214,2019,Japan,East Asia,London,NextGen Systems,Large,Agriculture,Systems Engineer,Lead,False,,0.16,"Statistics, Data Analysis, SQL, Python, Business Analysis",Not Specified,66949,-1.08,0.87,False,High,19,Growing
319c1134-7cab-4ff7-89a4-b254627a2b29,2020,Spain,Europe,New York,Future Solutions,Medium,Healthcare,Business Analyst,Lead,False,,0.08,"Communication, Research, Python, Project Management, Cloud Computing",Not Specified,82420,-1.42,0.89,False,Low,9,Growing
42aec06d-89c5-4f7f-9d08-f7124a785edd,2025,Ghana,Africa,Nairobi,Global Solutions,Enterprise,Agriculture,Research Scientist,Mid,True,"LLMs, MLOps, NLP",0.86,"Statistics, Data Analysis, SQL","LLMs, MLOps, NLP",35395,6.9,0.22,True,High,16,Growing
95b363b0-cdad-4cc2-a9b7-5ebcee967cd4,2014,Poland,Europe,Dubai,Global Technologies,Small,Retail,ML Engineer,Mid,False,,0.02,"Project Management, Data Analysis, Statistics, Cloud Computing",Not Specified,72810,4.37,0.81,False,High,16,Emerging
a318f1e1-dd95-4559-97c6-c7705be4a0bb,2019,United Kingdom,Europe,New York,Global Technologies,Small,Tech,Software Engineer,Senior,False,,0.19,"Business Analysis, Project Management, Cloud Computing, SQL, Research",Not Specified,82799,-4.91,0.69,False,Low,8,Growing
72eda590-0898-470b-9f5b-18143e349ccf,2016,Japan,East Asia,London,Global Analytics,Startup,Healthcare,Data Scientist,Intern,False,,0.1,"Business Analysis, SQL, Software Engineering, Python, Statistics",Not Specified,57006,0.07,0.71,False,High,5,Emerging
04ebec61-6cdb-407b-b425-b1ec3b9248ac,2017,Philippines,Southeast Asia,Nairobi,Prime Solutions,Medium,Healthcare,ML Engineer,Mid,False,,0.09,"Research, Communication, Data Analysis",Not Specified,39353,-4.11,0.89,False,Low,4,Growing
28985fd5-4fdd-46d4-8bdb-49f668895b62,2013,Italy,Europe,New York,Future Analytics,Small,Manufacturing,Business Analyst,Junior,False,,0.08,"Python, Software Engineering, Data Analysis",Not Specified,62951,-0.78,0.86,False,Medium,14,Emerging
7136c6f5-aa93-4955-835e-d614c4a859ad,2010,Taiwan,East Asia,Bangalore,Prime Analytics,Small,Retail,Systems Engineer,Executive,False,,0.04,"Software Engineering, Communication, Research, Business Analysis",Not Specified,58351,2.57,0.66,False,Low,9,Emerging
677a8637-71aa-45b7-af8e-f9f7b78f6585,2019,Thailand,Southeast Asia,Seoul,Prime Solutions,Startup,Agriculture,Systems Engineer,Intern,False,,0.14,"Cloud Computing, Python, Business Analysis",Not Specified,32810,2.07,0.64,False,Medium,6,Growing
d0d60420-e5b6-4860-bb21-8f34d8ab4e54,2022,Netherlands,Europe,Singapore,Prime Technologies,Medium,Agriculture,Policy Analyst,Executive,True,MLOps,0.87,"Statistics, SQL, Data Analysis, Python, Software Engineering, Communication",MLOps,106559,5.97,0.38,True,Low,11,Growing
2c422901-56d3-45e8-bdb9-80a4e895126c,2025,United Kingdom,Europe,Dubai,Prime Technologies,Large,Agriculture,Data Scientist,Executive,False,,0.06,"Project Management, Communication, Business Analysis, SQL",Not Specified,93949,-4.92,0.73,False,Medium,0,Growing
0ae0aa8f-f618-4fe7-b50c-8c893f5442b0,2017,South Korea,East Asia,Tokyo,Future Solutions,Startup,Agriculture,AI Researcher,Mid,False,,0.09,"Data Analysis, Python, Cloud Computing",Not Specified,68404,4.45,0.81,False,Medium,17,Growing
3a430217-94d6-4d1d-997c-20a286b12d17,2021,Japan,East Asia,Lagos,Global Analytics,Small,Retail,Systems Engineer,Senior,True,generative AI,0.87,"Statistics, Research, Python",generative AI,88805,15.76,0.34,True,High,10,Growing
f36cb770-a8c2-4c78-a685-9373d6bf6968,2016,Italy,Europe,Seoul,Prime Systems,Startup,Agriculture,ML Engineer,Intern,False,,0.11,"Business Analysis, Research, Communication",Not Specified,71041,-3.37,0.88,False,Medium,1,Emerging
695c6183-5186-4db6-9146-0e6f04a894d7,2012,France,Europe,Sao Paulo,Global Analytics,Enterprise,Manufacturing,Policy Analyst,Intern,False,,0.08,"Cloud Computing, Research, Project Management, Software Engineering, Python",Not Specified,60735,-0.65,0.8,False,High,2,Emerging
82f4dc44-ef7b-4c1d-946d-f10b8e5f32dc,2013,Sweden,Europe,Dubai,Prime Technologies,Large,Manufacturing,Operations Manager,Junior,False,,0.09,"SQL, Business Analysis, Cloud Computing",Not Specified,73658,2.19,0.64,False,Medium,11,Emerging
ee720a7f-9f9e-472d-a50a-48438ef47bf0,2025,Germany,Europe,Tokyo,Prime Solutions,Medium,Manufacturing,Business Analyst,Junior,False,,0.06,"Business Analysis, Research, Cloud Computing",Not Specified,89140,1.93,0.76,False,Low,9,Growing
ee1bd15a-8ce3-4ffb-9caf-a9d10f8b050b,2021,Sri Lanka,South Asia,Toronto,NextGen Systems,Large,Retail,Product Manager,Senior,True,generative AI,0.75,"Project Management, Python, Data Analysis",generative AI,39665,12.52,0.28,True,High,7,Growing
f976a288-b64b-4816-8062-698cc135c953,2017,Malaysia,Southeast Asia,Nairobi,Future Systems,Startup,Manufacturing,Software Engineer,Senior,False,,0.02,"Business Analysis, Project Management, Cloud Computing, Communication, Data Analysis",Not Specified,37754,4.05,0.79,False,Low,13,Growing
feac672d-778a-46e0-9263-de0bd888a1ff,2013,United States,North America,Nairobi,NextGen Technologies,Enterprise,Tech,ML Engineer,Junior,True,"deep learning, computer vision, MLOps, NLP",0.93,"Project Management, Software Engineering, Communication, Python, Cloud Computing, Research","deep learning, computer vision, MLOps, NLP",120390,-3.37,0.33,True,High,5,Emerging
f56dcb02-cdc4-44cc-b68f-553399cbd91e,2023,Saudi Arabia,Middle East,Toronto,NextGen Analytics,Startup,Agriculture,Operations Manager,Intern,False,,0.18,"Business Analysis, SQL, Cloud Computing, Statistics, Communication",Not Specified,60006,-0.27,0.81,False,Medium,0,Growing
73b79b15-ef2b-4109-a228-bf5ec0587a29,2016,Argentina,South America,London,Future Systems,Medium,Manufacturing,Data Scientist,Senior,False,,0.18,"Statistics, Data Analysis, Communication, SQL, Python, Software Engineering",Not Specified,39836,-1.13,0.75,False,Medium,10,Emerging
f3effef8-1640-427e-bd6c-5882bea2c673,2022,Sri Lanka,South Asia,New York,Prime Solutions,Medium,Agriculture,Research Scientist,Senior,False,,0.03,"Cloud Computing, SQL, Communication, Data Analysis, Research, Python",Not Specified,30156,3.66,0.89,False,Low,16,Growing
34814918-ca7f-405f-a774-037e6afd640b,2019,United States,North America,London,Prime Systems,Startup,Healthcare,Business Analyst,Executive,False,,0.2,"Business Analysis, Research, Software Engineering, Statistics, Python, Cloud Computing",Not Specified,100369,-0.33,0.88,False,Low,15,Growing
f55ad09b-0610-4269-bddb-771f4c9ce8a8,2022,Chile,South America,Bangalore,Global Analytics,Enterprise,Tech,Product Manager,Senior,True,"LLMs, machine learning, generative AI, computer vision",0.71,"Business Analysis, SQL, Communication, Research, Python, Software Engineering","LLMs, machine learning, generative AI, computer vision",73768,17.03,0.19,True,Low,7,Mature
c36462d9-3dc6-4d04-b0cd-173c233a6126,2017,Brazil,South America,London,Prime Analytics,Enterprise,Agriculture,ML Engineer,Lead,False,,0.14,"Communication, Project Management, Python",Not Specified,43654,-2.29,0.79,False,Medium,4,Growing
dd3eaadc-c61b-4cbc-ba70-1b6c48147710,2021,United States,North America,Toronto,NextGen Technologies,Medium,Tech,Business Analyst,Intern,True,"deep learning, machine learning",0.82,"Research, Business Analysis, Statistics, Software Engineering","deep learning, machine learning",127935,10.12,0.36,True,Low,7,Growing
b69f52f3-07e5-4eb9-a242-69c56545c017,2013,New Zealand,Oceania,Lagos,NextGen Technologies,Startup,Tech,ML Engineer,Mid,False,,0.11,"Cloud Computing, Communication, Research, Python",Not Specified,77334,0.81,0.78,False,High,12,Emerging
63833098-7b29-469b-82ef-9d166ab83cfe,2021,China,East Asia,Paris,NextGen Solutions,Small,Healthcare,Product Manager,Executive,True,"MLOps, generative AI, reinforcement learning, NLP",0.85,"Cloud Computing, Project Management, Data Analysis","MLOps, generative AI, reinforcement learning, NLP",98927,12.17,0.32,True,Low,3,Growing
393d1100-4edc-46c3-811c-8bbd1b44bc9a,2018,Indonesia,Southeast Asia,New York,Prime Systems,Large,Retail,Operations Manager,Lead,False,,0.16,"Research, Software Engineering, SQL",Not Specified,32480,-3.25,0.76,False,Low,10,Growing
4565ec73-85ac-4b87-81f4-d285f8f8c7fd,2012,Nigeria,Africa,Berlin,Prime Technologies,Enterprise,Agriculture,Policy Analyst,Senior,False,,0.01,"SQL, Project Management, Python, Data Analysis, Communication, Statistics",Not Specified,20923,-4.2,0.78,False,High,15,Emerging
5660c10f-b260-4942-81ea-84da39284dc0,2010,China,East Asia,Toronto,Global Analytics,Large,Tech,Policy Analyst,Mid,False,,0.15,"Statistics, Project Management, SQL, Software Engineering",Not Specified,56924,-2.18,0.82,False,High,10,Emerging
3095ea7c-7bd8-40f7-a11e-802a47cc3bef,2024,Mexico,North America,Paris,NextGen Solutions,Medium,Healthcare,AI Researcher,Junior,True,"reinforcement learning, NLP, deep learning, LLMs",0.82,"Software Engineering, Research, SQL, Business Analysis, Statistics","reinforcement learning, NLP, deep learning, LLMs",141122,14.68,0.34,True,Low,0,Growing
c67e3c6e-f4f0-488c-893e-f2c2b4e2ecd0,2015,Netherlands,Europe,Sao Paulo,Future Analytics,Large,Manufacturing,AI Researcher,Executive,False,,0.18,"Research, Software Engineering, Statistics",Not Specified,61120,-2.82,0.71,False,Low,10,Emerging
88916054-4c40-4775-8653-81568ca9e96c,2015,Australia,Oceania,London,NextGen Technologies,Small,Manufacturing,AI Researcher,Intern,False,,0.12,"Communication, Statistics, Cloud Computing, SQL, Business Analysis, Research",Not Specified,83681,3.25,0.71,False,Low,8,Emerging
785e12f9-d9a8-4359-94d0-42fc12dbecb3,2021,Japan,East Asia,Nairobi,Prime Analytics,Startup,Retail,ML Engineer,Intern,False,,0.1,"Project Management, Software Engineering, SQL, Cloud Computing, Business Analysis",Not Specified,73511,-3.05,0.88,False,High,8,Growing
29f2be15-9727-4132-91c1-f828c6fb8a91,2016,Ghana,Africa,Berlin,NextGen Analytics,Small,Tech,Software Engineer,Senior,True,NLP,0.93,"SQL, Research, Business Analysis",NLP,30870,-1.59,0.37,True,Low,18,Emerging
edfcc699-014c-415e-af67-9da9aa1ee315,2023,Argentina,South America,Lagos,Global Solutions,Startup,Manufacturing,Data Scientist,Mid,False,,0.12,"Software Engineering, Project Management, Statistics, Python, SQL, Business Analysis",Not Specified,55155,-4.68,0.89,False,High,16,Growing
066cbe57-6023-47cd-b8fd-57a7492a30d7,2024,Jordan,Middle East,Tokyo,Prime Analytics,Startup,Manufacturing,Data Scientist,Junior,True,"NLP, LLMs",0.57,"Statistics, Data Analysis, SQL, Project Management","NLP, LLMs",96608,17.0,0.17,True,High,18,Growing
e43d473b-2e15-4394-b4a0-ad2edb80941a,2013,Germany,Europe,New York,NextGen Analytics,Small,Agriculture,Software Engineer,Lead,False,,0.11,"Statistics, Research, SQL",Not Specified,60453,3.13,0.7,False,Medium,14,Emerging
b243d0b9-55eb-4814-97ff-251d68ad1f92,2025,United States,North America,London,Future Systems,Enterprise,Manufacturing,Policy Analyst,Mid,True,NLP,0.61,"Python, Communication, Cloud Computing, Software Engineering, Business Analysis",NLP,146639,9.86,0.13,True,Medium,10,Growing
efa8afce-4af1-4ecd-952e-5ecad4d25c02,2010,France,Europe,Bangalore,NextGen Systems,Startup,Manufacturing,Software Engineer,Junior,False,,0.07,"Software Engineering, Data Analysis, Research",Not Specified,59689,-3.35,0.82,False,Low,18,Emerging
2a1297f8-a4a9-4bfd-87dc-9dc6c5f64abf,2018,Saudi Arabia,Middle East,Paris,Prime Technologies,Small,Healthcare,Business Analyst,Intern,True,"NLP, machine learning",0.77,"Software Engineering, Data Analysis, Project Management, Python","NLP, machine learning",88038,9.67,0.24,True,High,14,Growing
e7b96fc8-4a2a-4aae-ba60-6fdeae3dc1e2,2020,India,South Asia,Berlin,Future Technologies,Startup,Manufacturing,Data Scientist,Lead,False,,0.05,"Research, Business Analysis, Python, Project Management, Data Analysis",Not Specified,29350,-2.11,0.76,False,High,3,Growing
a9e6f0e5-ab24-4c6d-a8fa-477887027202,2014,Israel,Middle East,Lagos,Prime Systems,Startup,Retail,Software Engineer,Mid,False,,0.14,"Python, Research, Communication, Business Analysis, Project Management",Not Specified,57327,-2.52,0.75,False,Low,18,Emerging
b88b2305-e10d-4b51-842a-94de30ba8e73,2019,Nepal,South Asia,Dubai,Prime Solutions,Medium,Retail,AI Researcher,Senior,False,,0.13,"Cloud Computing, Software Engineering, Business Analysis",Not Specified,28425,1.6,0.65,False,High,16,Growing
e83d7186-42b1-46c8-a7f9-e1698acf5d3a,2017,Saudi Arabia,Middle East,Bangalore,NextGen Solutions,Large,Manufacturing,AI Researcher,Senior,False,,0.1,"Statistics, Research, Python, Software Engineering",Not Specified,60884,-0.22,0.67,False,Medium,7,Growing
3401a2b6-b474-4f16-9783-f52955bc68b7,2021,Bangladesh,South Asia,Seoul,Prime Systems,Startup,Retail,Business Analyst,Junior,False,,0.13,"Business Analysis, Data Analysis, Cloud Computing, Research, SQL, Project Management",Not Specified,23343,2.04,0.87,False,Medium,15,Growing
0782c5fb-45eb-4f2d-8e32-cf6735b49a20,2011,Australia,Oceania,Berlin,Prime Analytics,Startup,Tech,Systems Engineer,Intern,False,,0.03,"Business Analysis, Data Analysis, Statistics, Software Engineering, Cloud Computing, Research",Not Specified,60461,4.14,0.62,False,Medium,17,Emerging
0ffaf50b-8327-4fa9-8973-de26ab4561d0,2025,South Korea,East Asia,Berlin,Global Systems,Enterprise,Manufacturing,Product Manager,Lead,True,"deep learning, reinforcement learning, machine learning",0.45,"Research, Communication, SQL, Software Engineering, Business Analysis","deep learning, reinforcement learning, machine learning",97258,15.11,0.14,True,Medium,17,Growing
a952d63f-f2c6-43d5-9ab3-32318bc0cf0d,2022,New Zealand,Oceania,Singapore,NextGen Technologies,Enterprise,Tech,Product Manager,Executive,True,"computer vision, deep learning",0.53,"Communication, Cloud Computing, Statistics, Project Management, Python","computer vision, deep learning",118986,5.93,0.3,True,Low,2,Mature
d2903cf3-5cc1-4af3-8d05-11c433595b6c,2013,Thailand,Southeast Asia,Toronto,NextGen Systems,Startup,Tech,Policy Analyst,Intern,False,,0.13,"SQL, Cloud Computing, Data Analysis, Communication, Project Management",Not Specified,35943,-2.22,0.62,False,Medium,14,Emerging
598b976f-0b8c-4774-9d1d-fe03144d02e4,2018,Israel,Middle East,London,Prime Solutions,Startup,Retail,Business Analyst,Lead,False,,0.09,"Business Analysis, Statistics, Software Engineering, Cloud Computing, Python, Data Analysis",Not Specified,70317,2.58,0.66,False,High,18,Growing
22484090-f836-467b-a79b-12c786d274a6,2022,Colombia,South America,Bangalore,NextGen Systems,Medium,Retail,AI Researcher,Senior,False,,0.19,"SQL, Software Engineering, Communication",Not Specified,51750,-3.55,0.77,False,Medium,15,Growing
6ca050d4-0559-4504-8cc8-25aa71edfa27,2014,France,Europe,Bangalore,Future Systems,Medium,Manufacturing,Policy Analyst,Executive,False,,0.02,"Statistics, Cloud Computing, Python",Not Specified,65293,3.06,0.62,False,Low,16,Emerging
ea06b7e1-9eaa-4c9f-a1cb-181cef3fe7c3,2010,Pakistan,South Asia,Paris,Prime Solutions,Small,Manufacturing,Research Scientist,Executive,True,"MLOps, computer vision, machine learning, NLP",0.74,"Project Management, SQL, Research","MLOps, computer vision, machine learning, NLP",24113,1.29,0.24,True,High,15,Emerging
924a445d-3b0d-4e70-a6e4-1871a7a82aa3,2024,Netherlands,Europe,Paris,Future Systems,Startup,Manufacturing,Software Engineer,Lead,True,"LLMs, generative AI, machine learning",0.77,"SQL, Business Analysis, Software Engineering","LLMs, generative AI, machine learning",135031,10.19,0.34,True,High,15,Growing
26daaad3-fa01-4a3f-8ecf-afbbfad1e753,2011,Kenya,Africa,Toronto,Global Analytics,Medium,Agriculture,Research Scientist,Mid,False,,0.05,"Python, Data Analysis, Project Management, Communication, SQL",Not Specified,20739,3.64,0.74,False,High,9,Emerging
b5d326b6-c614-4cee-bbfb-03a013e26d1c,2018,France,Europe,Seoul,Global Solutions,Small,Tech,Data Scientist,Lead,True,"MLOps, reinforcement learning, deep learning, machine learning",0.51,"Data Analysis, Business Analysis, Communication, Cloud Computing, SQL, Statistics","MLOps, reinforcement learning, deep learning, machine learning",92138,8.84,0.24,True,Medium,18,Growing
1de69147-490a-4145-b3a2-c7f35b3e4a94,2016,United States,North America,Lagos,Future Solutions,Startup,Healthcare,ML Engineer,Senior,True,"computer vision, reinforcement learning",0.76,"Communication, Research, Project Management","computer vision, reinforcement learning",107453,-4.65,0.28,True,Low,16,Emerging
6e0f4a5d-ad78-435e-8c27-907ed7b8a023,2021,New Zealand,Oceania,Sydney,Prime Solutions,Startup,Agriculture,Policy Analyst,Junior,False,,0.1,"Project Management, Data Analysis, Business Analysis, Research",Not Specified,86612,1.8,0.84,False,Low,10,Growing
505f789d-813b-4825-b592-ed61b350566a,2023,Canada,North America,New York,Prime Analytics,Large,Manufacturing,Software Engineer,Junior,True,"LLMs, deep learning, computer vision, NLP",0.85,"Statistics, Python, SQL, Research, Project Management","LLMs, deep learning, computer vision, NLP",138027,16.67,0.19,True,High,1,Growing
e52c07aa-4474-45f1-a89d-6be22172d110,2012,Japan,East Asia,Singapore,Future Systems,Startup,Manufacturing,Product Manager,Senior,False,,0.18,"Cloud Computing, Data Analysis, Business Analysis, Statistics, Python, Project Management",Not Specified,51842,-2.43,0.65,False,Low,8,Emerging
7edb4056-09a0-472f-b026-3329546e9a8c,2025,Nepal,South Asia,Nairobi,Future Systems,Enterprise,Manufacturing,AI Researcher,Mid,True,"reinforcement learning, NLP, computer vision, MLOps",0.61,"Business Analysis, Cloud Computing, Python","reinforcement learning, NLP, computer vision, MLOps",39650,9.9,0.38,True,Low,5,Growing
6e30167f-1d80-46f6-ab3d-011c8bf5802a,2020,United States,North America,Sydney,Global Solutions,Startup,Agriculture,Research Scientist,Executive,False,,0.19,"Research, Project Management, Software Engineering",Not Specified,82588,-1.34,0.83,False,Medium,11,Growing
9bc75da0-2c4a-4069-b42f-86fa315cfd59,2024,Ghana,Africa,Dubai,Future Systems,Startup,Tech,AI Researcher,Mid,True,"LLMs, machine learning",0.41,"Statistics, SQL, Project Management, Software Engineering, Data Analysis","LLMs, machine learning",30947,9.65,0.39,True,Low,4,Mature
149f204b-5ec8-42e5-acc0-a69610076ef8,2014,Saudi Arabia,Middle East,Nairobi,Global Solutions,Enterprise,Tech,Product Manager,Lead,False,,0.06,"Communication, Statistics, Data Analysis, Software Engineering, Python",Not Specified,63443,4.91,0.63,False,High,14,Emerging
c51175df-0d9a-44b1-adb0-e2100dad0b06,2022,Colombia,South America,Sao Paulo,Prime Systems,Medium,Retail,AI Researcher,Junior,False,,0.04,"Project Management, Data Analysis, Statistics",Not Specified,52028,-3.82,0.63,False,Low,17,Growing
04292811-6c69-4b87-9b30-1fc89a3a7449,2012,Egypt,Africa,London,Prime Solutions,Medium,Manufacturing,Software Engineer,Mid,False,,0.14,"SQL, Communication, Cloud Computing",Not Specified,19780,-0.3,0.65,False,Medium,17,Emerging
85e10992-7cc0-4a73-a4d4-26e669e91308,2015,Nigeria,Africa,London,NextGen Analytics,Small,Manufacturing,ML Engineer,Intern,False,,0.13,"Project Management, Cloud Computing, Research, Python, Communication",Not Specified,19952,-1.12,0.85,False,Low,2,Emerging
545d3da4-14a0-4faf-962b-6c4c3904c92e,2013,Qatar,Middle East,Toronto,Future Technologies,Startup,Healthcare,Research Scientist,Junior,False,,0.2,"Python, Communication, Software Engineering, Data Analysis, Cloud Computing, Research",Not Specified,50824,0.58,0.68,False,Low,6,Emerging
7164be50-713f-494a-be02-0ba328cae4d7,2024,Chile,South America,Paris,NextGen Solutions,Enterprise,Tech,Business Analyst,Executive,True,"deep learning, generative AI",0.73,"Software Engineering, SQL, Python, Data Analysis","deep learning, generative AI",67012,11.13,0.14,True,Medium,10,Mature
651b6c6e-0ed1-4264-b8bb-745814392fb4,2013,Egypt,Africa,Tokyo,Future Systems,Medium,Healthcare,AI Researcher,Lead,False,,0.16,"Communication, Statistics, SQL, Cloud Computing, Research, Project Management",Not Specified,17767,2.33,0.64,False,High,5,Emerging
da445cd2-770b-4434-b496-dee336b4d9ef,2014,Israel,Middle East,Dubai,Global Solutions,Startup,Manufacturing,Product Manager,Junior,False,,0.1,"Communication, Data Analysis, Software Engineering, Project Management",Not Specified,55427,-2.67,0.83,False,Low,5,Emerging
883e48ef-3211-4519-8d87-d8f98f1c44c8,2019,Nepal,South Asia,Singapore,Future Analytics,Enterprise,Retail,ML Engineer,Lead,False,,0.18,"Data Analysis, Research, Business Analysis",Not Specified,28006,-3.64,0.85,False,Medium,7,Growing
92d0621a-d8fc-49e5-ada2-b4fc078a49e4,2024,Singapore,Southeast Asia,Singapore,Future Technologies,Enterprise,Retail,ML Engineer,Lead,True,generative AI,0.52,"Business Analysis, SQL, Software Engineering, Research, Project Management, Data Analysis",generative AI,64379,11.91,0.27,True,Medium,1,Growing
db23d939-4c26-4aa8-8bda-f5e3dffcd456,2023,Singapore,Southeast Asia,Seoul,Future Solutions,Medium,Manufacturing,ML Engineer,Mid,True,"deep learning, generative AI, reinforcement learning, NLP",0.53,"Data Analysis, Software Engineering, Communication","deep learning, generative AI, reinforcement learning, NLP",54664,10.43,0.13,True,Low,3,Growing
d54e6b11-4e24-4abe-bcde-26d0c9930d6e,2023,Mexico,North America,Seoul,Global Analytics,Large,Tech,Data Scientist,Senior,True,"reinforcement learning, MLOps",0.92,"Statistics, Python, Business Analysis","reinforcement learning, MLOps",131455,15.5,0.1,True,Medium,0,Mature
2fb3d72e-429d-49a9-b86b-88ed9ffca49a,2012,India,South Asia,Bangalore,Future Systems,Small,Agriculture,Operations Manager,Lead,False,,0.15,"Cloud Computing, Project Management, Research",Not Specified,18159,1.98,0.63,False,Medium,7,Emerging
81e7bf04-3567-400c-a6bb-eaa4a769cc1f,2016,Colombia,South America,Lagos,Global Systems,Medium,Healthcare,AI Researcher,Mid,False,,0.07,"Cloud Computing, Research, SQL",Not Specified,43400,-3.44,0.69,False,Low,13,Emerging
f4062722-4882-49ba-8b3d-b608f8164c5f,2022,Australia,Oceania,Seoul,Prime Solutions,Enterprise,Retail,Systems Engineer,Intern,False,,0.07,"Communication, Cloud Computing, Statistics, Business Analysis, Project Management, Research",Not Specified,92007,-0.28,0.76,False,High,8,Growing
eecaa4dc-2ff2-4f07-b8a2-02c1a3e11b17,2024,Israel,Middle East,London,Future Analytics,Medium,Agriculture,Product Manager,Executive,True,NLP,0.84,"Data Analysis, Research, Business Analysis",NLP,91463,11.24,0.36,True,Low,2,Growing
31f3b67e-0142-4b43-8f5f-35f05ebffdb8,2018,Mexico,North America,Lagos,Global Solutions,Medium,Manufacturing,Software Engineer,Intern,True,"reinforcement learning, deep learning",0.59,"Communication, Cloud Computing, Statistics","reinforcement learning, deep learning",120423,6.16,0.35,True,High,4,Growing
289b0c7e-fa85-4c63-a0c0-f90ee031e94e,2021,France,Europe,Dubai,NextGen Solutions,Large,Retail,Business Analyst,Lead,False,,0.19,"Python, Software Engineering, Project Management",Not Specified,84225,-4.22,0.83,False,Low,14,Growing
74547b8a-ea85-4368-a0c6-7e42b9f04c7d,2019,India,South Asia,Berlin,NextGen Analytics,Startup,Manufacturing,Research Scientist,Lead,False,,0.1,"SQL, Research, Data Analysis",Not Specified,28621,-0.68,0.86,False,Low,1,Growing
288040ff-05ed-4ddd-b95e-542a5bee90bc,2011,Thailand,Southeast Asia,Nairobi,Global Solutions,Enterprise,Retail,ML Engineer,Mid,False,,0.18,"Software Engineering, Communication, Business Analysis, Cloud Computing",Not Specified,31228,1.34,0.81,False,High,13,Emerging
37ec9ac9-7a13-49cd-a88a-695d960dff7d,2017,Philippines,Southeast Asia,Nairobi,Global Technologies,Medium,Healthcare,Policy Analyst,Executive,False,,0.12,"Project Management, Software Engineering, Data Analysis, SQL, Cloud Computing, Python",Not Specified,35016,4.0,0.88,False,Medium,14,Growing
dd989ea9-0409-4e65-b03c-c186703862c5,2022,Israel,Middle East,Nairobi,NextGen Technologies,Large,Tech,Software Engineer,Lead,False,,0.11,"Project Management, Communication, Python",Not Specified,64568,0.06,0.78,False,Medium,9,Mature
5513d726-45b7-4ae3-8b9a-9622960573eb,2025,Germany,Europe,Seoul,Future Solutions,Small,Retail,Software Engineer,Senior,True,"MLOps, NLP, reinforcement learning",0.81,"SQL, Business Analysis, Research, Software Engineering","MLOps, NLP, reinforcement learning",113878,10.39,0.18,True,Medium,3,Growing
a7579447-b951-4d4f-9638-c23414f6e5ea,2011,Singapore,Southeast Asia,Nairobi,NextGen Systems,Small,Tech,ML Engineer,Executive,False,,0.12,"Business Analysis, Communication, Python",Not Specified,28649,3.36,0.73,False,Medium,16,Emerging
627e1c05-d31f-46a4-805b-fafa741a037e,2014,Thailand,Southeast Asia,Bangalore,Future Analytics,Large,Healthcare,Data Scientist,Intern,False,,0.08,"Python, Communication, Statistics, Business Analysis, Cloud Computing",Not Specified,38571,-1.08,0.73,False,Medium,8,Emerging
4a9df262-e00c-4033-9198-e01d782cb6d5,2022,Chile,South America,London,Prime Systems,Startup,Retail,Policy Analyst,Senior,True,"NLP, machine learning, deep learning, computer vision",0.44,"Python, Business Analysis, Project Management, Research, Statistics, Software Engineering","NLP, machine learning, deep learning, computer vision",68695,16.08,0.14,True,Low,0,Growing
7df7cfa4-0180-41a0-964c-968511accb80,2018,Colombia,South America,London,Prime Technologies,Medium,Agriculture,Business Analyst,Lead,False,,0.09,"Project Management, Python, Research",Not Specified,40098,-3.66,0.7,False,Medium,7,Growing
ee2e59f3-12bd-481c-99c1-98748d692d33,2012,Canada,North America,Dubai,Prime Solutions,Enterprise,Retail,AI Researcher,Senior,False,,0.16,"SQL, Cloud Computing, Statistics, Python, Software Engineering, Business Analysis",Not Specified,65108,1.12,0.81,False,High,2,Emerging
9c4317a3-cbf0-4af7-a991-1d3008d69f8a,2021,New Zealand,Oceania,Singapore,Global Solutions,Small,Tech,ML Engineer,Executive,False,,0.06,"SQL, Research, Communication, Software Engineering, Data Analysis, Python",Not Specified,91980,-1.15,0.62,False,Medium,5,Growing
9f44d00a-ee78-470d-893e-d0bc1cc5cabb,2010,UAE,Middle East,Dubai,Future Systems,Enterprise,Agriculture,AI Researcher,Senior,False,,0.07,"Cloud Computing, Communication, SQL, Software Engineering, Business Analysis, Python",Not Specified,42972,-3.74,0.83,False,High,16,Emerging
2e6c8194-b713-4757-bdd8-95b2326995ab,2021,Israel,Middle East,Berlin,NextGen Solutions,Small,Healthcare,Software Engineer,Mid,False,,0.06,"Project Management, Business Analysis, Communication",Not Specified,75647,1.22,0.68,False,Low,11,Growing
b2c8c80f-7520-45e8-a038-c35ad5122403,2020,South Africa,Africa,Nairobi,Prime Analytics,Large,Agriculture,Research Scientist,Senior,True,"generative AI, LLMs",0.79,"Software Engineering, Business Analysis, Communication","generative AI, LLMs",27928,17.72,0.26,True,High,1,Growing
fd7ee3dd-2d21-4ba8-8f56-fcd927ae235c,2017,UAE,Middle East,Dubai,NextGen Technologies,Enterprise,Manufacturing,Systems Engineer,Junior,False,,0.18,"Cloud Computing, Statistics, Software Engineering, Python",Not Specified,68906,-1.76,0.73,False,High,2,Growing
6144528c-e149-4fc4-82bf-ca08b2b2b4a8,2010,Chile,South America,New York,Prime Solutions,Small,Healthcare,Policy Analyst,Mid,False,,0.17,"Data Analysis, Communication, Statistics, Python, Cloud Computing",Not Specified,33313,3.39,0.78,False,High,9,Emerging
6a2f4fb9-52db-4148-867b-44d30d82f8d2,2023,Saudi Arabia,Middle East,Toronto,Prime Technologies,Medium,Tech,Systems Engineer,Executive,True,"MLOps, generative AI, machine learning",0.69,"Business Analysis, Python, Research, Cloud Computing","MLOps, generative AI, machine learning",97175,9.2,0.32,True,High,15,Mature
6ab0f5b6-3726-4344-9caa-c9cb1df9e186,2013,Argentina,South America,Bangalore,NextGen Solutions,Enterprise,Manufacturing,Systems Engineer,Junior,False,,0.11,"Software Engineering, SQL, Business Analysis, Statistics, Cloud Computing",Not Specified,41173,-0.33,0.81,False,Low,10,Emerging
51096b0d-f68d-4ba3-a4ec-a8052febcb6c,2016,Vietnam,Southeast Asia,Nairobi,Prime Systems,Large,Healthcare,Research Scientist,Senior,False,,0.13,"Python, Software Engineering, Project Management, Statistics",Not Specified,32157,1.38,0.61,False,Low,16,Emerging
3946621b-bc32-4da0-a183-3922d3ee588e,2010,Netherlands,Europe,Paris,Global Solutions,Medium,Retail,Research Scientist,Mid,False,,0.09,"Software Engineering, Cloud Computing, Data Analysis, Python, Business Analysis",Not Specified,60402,0.21,0.8,False,Low,17,Emerging
7c19faea-f488-4a4b-9710-78e4efa166bb,2014,France,Europe,Nairobi,NextGen Analytics,Large,Manufacturing,Policy Analyst,Intern,False,,0.05,"Business Analysis, Research, Cloud Computing",Not Specified,70040,4.97,0.63,False,Low,19,Emerging
51fff1c8-cc5a-4cf5-abf6-4e78e8f8b453,2021,Brazil,South America,London,Future Systems,Large,Retail,Software Engineer,Lead,True,computer vision,0.62,"Data Analysis, Communication, Cloud Computing, Python",computer vision,55430,14.79,0.21,True,Low,5,Growing
9bb4e84a-8775-4419-ab91-7099161cc73b,2012,India,South Asia,London,NextGen Technologies,Small,Tech,Policy Analyst,Mid,False,,0.04,"Cloud Computing, Data Analysis, Software Engineering",Not Specified,22723,2.21,0.83,False,Low,10,Emerging
38e0a843-024b-47ab-be4f-ff4200aae874,2012,Saudi Arabia,Middle East,Lagos,Global Analytics,Small,Manufacturing,Research Scientist,Lead,False,,0.17,"Software Engineering, Business Analysis, Project Management",Not Specified,56365,1.19,0.69,False,Low,3,Emerging
fdd9b765-9b28-4ae4-8ad3-aa9492e19b74,2021,Brazil,South America,Bangalore,Global Systems,Small,Manufacturing,Business Analyst,Executive,False,,0.16,"Python, Business Analysis, Cloud Computing, Statistics",Not Specified,49215,4.99,0.62,False,Medium,12,Growing
a4a6a047-d776-45b1-afd1-310c29bc5ca9,2010,United Kingdom,Europe,Lagos,NextGen Analytics,Small,Agriculture,ML Engineer,Mid,False,,0.14,"Python, Statistics, Business Analysis, Data Analysis",Not Specified,54428,2.67,0.64,False,Medium,14,Emerging
9453bce4-1da5-47d1-ab27-611de95c1aea,2015,Japan,East Asia,Seoul,NextGen Analytics,Enterprise,Retail,Policy Analyst,Intern,False,,0.02,"Software Engineering, Python, Statistics, Communication, Business Analysis",Not Specified,68115,-0.93,0.69,False,Medium,9,Emerging
194e6798-6572-45de-8f7c-e9937c43c943,2012,Bangladesh,South Asia,Bangalore,Future Solutions,Enterprise,Healthcare,ML Engineer,Junior,False,,0.17,"Data Analysis, Statistics, Software Engineering, Business Analysis",Not Specified,23147,3.89,0.77,False,Medium,4,Emerging
458901eb-ad11-4e74-a2cd-c3d1264efbfb,2020,Brazil,South America,Berlin,NextGen Systems,Medium,Healthcare,Software Engineer,Senior,True,deep learning,0.88,"Statistics, Communication, Business Analysis, SQL, Research, Project Management",deep learning,63775,14.46,0.18,True,Low,0,Growing
ae11fb80-d765-4698-ab82-9801ee192327,2022,Spain,Europe,Nairobi,Prime Solutions,Medium,Healthcare,Systems Engineer,Executive,False,,0.17,"Statistics, Software Engineering, Business Analysis, Data Analysis, Python, Project Management",Not Specified,75774,-3.99,0.72,False,Low,7,Growing
5461332c-1396-4522-b3ee-8d89317be36d,2020,South Korea,East Asia,Dubai,NextGen Technologies,Large,Agriculture,Business Analyst,Lead,True,deep learning,0.43,"Data Analysis, Project Management, Cloud Computing, Communication, SQL, Research",deep learning,102212,10.31,0.27,True,High,5,Growing
4383dcd3-0365-4fdb-8e32-1bfe44799330,2012,New Zealand,Oceania,Toronto,Future Systems,Large,Retail,Operations Manager,Executive,False,,0.11,"Project Management, Communication, Business Analysis, Statistics",Not Specified,79219,0.98,0.69,False,Low,3,Emerging
8c53bfbe-aa7a-4eab-a804-4e5199d25e09,2022,New Zealand,Oceania,Seoul,Prime Analytics,Enterprise,Manufacturing,Business Analyst,Senior,False,,0.1,"Project Management, Business Analysis, Communication",Not Specified,75304,0.23,0.89,False,High,5,Growing
42ee9445-c579-431a-a459-51f6c030359a,2018,Kenya,Africa,Bangalore,Global Systems,Large,Retail,Research Scientist,Lead,True,"MLOps, machine learning, computer vision",0.64,"Software Engineering, Research, SQL, Cloud Computing, Communication","MLOps, machine learning, computer vision",31604,16.81,0.23,True,Low,16,Growing
c73e3bb2-e084-474e-b8e7-f71fb9dadac3,2022,Canada,North America,London,Global Technologies,Medium,Healthcare,Data Scientist,Lead,False,,0.11,"Statistics, Research, Business Analysis, SQL, Cloud Computing, Python",Not Specified,98195,-0.83,0.77,False,Medium,1,Growing
4ebf84b0-0a85-49b2-b79b-740da23c8d15,2010,Mexico,North America,Singapore,Future Systems,Large,Retail,ML Engineer,Mid,False,,0.2,"Research, Software Engineering, SQL, Business Analysis",Not Specified,73778,0.23,0.81,False,Low,17,Emerging
97e6e6ed-549f-474b-b118-8140d526129d,2017,Poland,Europe,Lagos,Global Solutions,Medium,Retail,Operations Manager,Junior,False,,0.17,"SQL, Statistics, Data Analysis",Not Specified,76657,-1.63,0.88,False,Medium,2,Growing
80068a4b-f9d8-4571-9a19-ee09bbe8f7ff,2024,Israel,Middle East,New York,Future Systems,Small,Agriculture,ML Engineer,Lead,False,,0.07,"Business Analysis, Project Management, Software Engineering",Not Specified,73984,-0.75,0.73,False,High,18,Growing
7fd04b96-2087-48b9-b4b0-35fe6470eb84,2023,Argentina,South America,Nairobi,Future Technologies,Large,Tech,Software Engineer,Executive,True,"NLP, MLOps, generative AI, LLMs",0.65,"Software Engineering, Business Analysis, Python","NLP, MLOps, generative AI, LLMs",60795,8.28,0.22,True,Medium,0,Mature
40e57b96-f3e2-45de-81c7-3fc655a87cf2,2022,Mexico,North America,Sao Paulo,Prime Systems,Enterprise,Tech,Systems Engineer,Executive,True,"LLMs, NLP, deep learning, MLOps",0.94,"Statistics, Business Analysis, Project Management","LLMs, NLP, deep learning, MLOps",136722,7.94,0.21,True,Low,12,Mature
eead81f9-2cc9-49c1-8cdf-3a363937a459,2012,Canada,North America,Sydney,Prime Technologies,Startup,Tech,Systems Engineer,Lead,False,,0.14,"Software Engineering, Project Management, Python, Cloud Computing, Communication",Not Specified,67812,-3.2,0.61,False,Medium,19,Emerging
3d6e58d9-af1f-471b-817f-de01dee5d45a,2020,United States,North America,Dubai,Future Systems,Small,Tech,Business Analyst,Junior,False,,0.05,"Research, Statistics, SQL, Communication, Python",Not Specified,80842,-1.0,0.75,False,High,13,Growing
c931039d-4996-47a4-a319-d878d728d936,2018,New Zealand,Oceania,Dubai,Future Technologies,Startup,Healthcare,Data Scientist,Intern,True,"deep learning, MLOps, machine learning",0.59,"Python, Research, Communication, Business Analysis, Statistics, Project Management","deep learning, MLOps, machine learning",105443,15.22,0.35,True,Medium,7,Growing
5489c6e4-627e-48bb-8978-866caee4bd4f,2016,Saudi Arabia,Middle East,Nairobi,Global Analytics,Startup,Agriculture,Operations Manager,Lead,False,,0.07,"Cloud Computing, Software Engineering, Python",Not Specified,66607,-0.89,0.68,False,Medium,9,Emerging
0f17d2b7-e631-4a93-a8d6-642d4c275a9b,2014,Israel,Middle East,Toronto,Future Solutions,Medium,Healthcare,Research Scientist,Junior,False,,0.19,"Research, Project Management, SQL",Not Specified,57349,-2.13,0.6,False,High,1,Emerging
b1f4f16c-f5eb-474b-bc9e-683a04478869,2017,China,East Asia,Singapore,Future Analytics,Startup,Healthcare,Research Scientist,Lead,False,,0.14,"Cloud Computing, SQL, Statistics, Python, Communication",Not Specified,59889,-1.78,0.73,False,High,13,Growing
f14ee76a-4f0b-49b9-8808-800856cea618,2010,Morocco,Africa,Bangalore,NextGen Analytics,Large,Manufacturing,Product Manager,Lead,False,,0.05,"SQL, Business Analysis, Data Analysis",Not Specified,20289,2.87,0.66,False,Medium,18,Emerging
71b79aba-c9e0-4989-9363-015f4b1a4934,2012,Taiwan,East Asia,London,Prime Technologies,Medium,Agriculture,Software Engineer,Executive,False,,0.05,"Communication, Project Management, Python, Cloud Computing, Research",Not Specified,65421,-0.58,0.74,False,Low,14,Emerging
3bb681b4-1b48-4fcd-8004-69713934ebe8,2013,UAE,Middle East,Bangalore,NextGen Analytics,Medium,Manufacturing,AI Researcher,Mid,False,,0.11,"Communication, Data Analysis, SQL",Not Specified,47308,4.65,0.61,False,Medium,15,Emerging
477c2a80-4f6a-4c4f-ba9c-8fe50ee8121b,2018,New Zealand,Oceania,Nairobi,Future Technologies,Enterprise,Manufacturing,Policy Analyst,Senior,False,,0.03,"Python, SQL, Communication",Not Specified,91363,-4.21,0.65,False,Medium,5,Growing
80e21f96-ab45-4224-baa7-d0fef0b67296,2021,Qatar,Middle East,Bangalore,NextGen Analytics,Startup,Healthcare,Systems Engineer,Junior,False,,0.16,"Python, Business Analysis, Research, Data Analysis",Not Specified,73912,-1.47,0.65,False,Medium,11,Growing
c257c97f-5b7b-4890-ab29-5b3b1bdc2328,2025,Taiwan,East Asia,Singapore,Future Analytics,Small,Tech,Product Manager,Junior,True,reinforcement learning,0.43,"Statistics, Software Engineering, Cloud Computing, Communication",reinforcement learning,122541,12.36,0.37,True,Low,14,Mature
261b3bcc-a882-4d43-93e4-cfea9803d0e0,2018,Egypt,Africa,Seoul,NextGen Systems,Enterprise,Tech,Data Scientist,Intern,False,,0.01,"Cloud Computing, Software Engineering, SQL",Not Specified,21409,-4.21,0.86,False,High,9,Growing
0a963367-2b71-4e53-af3c-44ff9bcd6998,2025,Spain,Europe,New York,Future Analytics,Small,Agriculture,ML Engineer,Lead,True,"NLP, deep learning, machine learning, reinforcement learning",0.66,"Business Analysis, Communication, Data Analysis, SQL","NLP, deep learning, machine learning, reinforcement learning",140052,17.63,0.22,True,Medium,4,Growing
8d32e1c3-63b3-4c29-bd2b-c6f1dbaaf6ec,2017,United States,North America,Berlin,Prime Technologies,Small,Manufacturing,Policy Analyst,Intern,False,,0.05,"Research, Python, Project Management",Not Specified,84939,-0.01,0.67,False,Low,18,Growing
b50791a2-be6d-4745-b0d1-ec76a5224441,2016,South Korea,East Asia,Paris,NextGen Solutions,Enterprise,Retail,Product Manager,Executive,True,"MLOps, deep learning, computer vision",0.54,"Communication, Research, Software Engineering","MLOps, deep learning, computer vision",101994,2.34,0.23,True,High,3,Emerging
f6d87e99-7a30-4863-a7b7-613cdf73e966,2020,UAE,Middle East,New York,Prime Systems,Large,Manufacturing,ML Engineer,Executive,True,"NLP, reinforcement learning",0.94,"Communication, SQL, Cloud Computing, Statistics, Python","NLP, reinforcement learning",102492,10.47,0.35,True,Low,15,Growing
951b3a20-2d3d-4bc4-8701-d584dcab6364,2024,Colombia,South America,Nairobi,Future Solutions,Enterprise,Agriculture,Operations Manager,Lead,True,"computer vision, generative AI, reinforcement learning",0.9,"Data Analysis, Software Engineering, Statistics, SQL, Project Management","computer vision, generative AI, reinforcement learning",59154,15.84,0.39,True,Low,14,Growing
11b6dd5c-a929-44c5-888d-78af25c44b24,2022,South Africa,Africa,Sydney,Future Systems,Small,Retail,Business Analyst,Executive,True,"LLMs, NLP, reinforcement learning",0.92,"Business Analysis, Data Analysis, Python, Software Engineering","LLMs, NLP, reinforcement learning",36571,6.57,0.38,True,High,3,Growing
2cf97c83-d323-4765-a82d-67c0c528cf26,2025,New Zealand,Oceania,Dubai,NextGen Systems,Small,Agriculture,Policy Analyst,Intern,True,"reinforcement learning, computer vision",0.73,"Cloud Computing, Software Engineering, Communication, Python, Data Analysis","reinforcement learning, computer vision",122564,5.9,0.2,True,Low,10,Growing
598f6bf9-267b-4156-86c8-97a77a4e44e5,2018,Chile,South America,Toronto,Global Analytics,Large,Tech,Software Engineer,Intern,False,,0.05,"Python, Communication, SQL, Project Management, Research",Not Specified,41187,1.34,0.9,False,High,11,Growing
46b22459-acbe-4123-a28e-678d4660d2db,2014,Egypt,Africa,Bangalore,Prime Analytics,Startup,Agriculture,Product Manager,Executive,False,,0.2,"SQL, Communication, Statistics, Software Engineering",Not Specified,18721,0.58,0.77,False,Medium,10,Emerging
cdcb2e76-921b-4ca7-b6f9-6ce3d3bcbd9e,2013,Sri Lanka,South Asia,Singapore,Future Analytics,Enterprise,Agriculture,Policy Analyst,Senior,False,,0.04,"Business Analysis, Statistics, Cloud Computing",Not Specified,23591,-3.07,0.81,False,Low,6,Emerging
7016b22a-781e-45a2-b6fc-35b558e0ff1b,2016,United States,North America,Tokyo,Prime Systems,Small,Healthcare,Research Scientist,Executive,True,"computer vision, deep learning, machine learning",0.63,"SQL, Python, Data Analysis, Business Analysis, Cloud Computing","computer vision, deep learning, machine learning",113148,-3.28,0.39,True,High,5,Emerging
a08cf085-6b96-4932-843e-a74f2f092d98,2010,Japan,East Asia,Paris,Global Technologies,Large,Healthcare,Software Engineer,Mid,False,,0.12,"Data Analysis, Communication, Business Analysis",Not Specified,57549,-3.46,0.86,False,Medium,16,Emerging
9ccbc7d0-bd74-4cff-b87f-0402f59484eb,2024,Colombia,South America,Sydney,Global Technologies,Enterprise,Healthcare,AI Researcher,Intern,False,,0.13,"Project Management, Data Analysis, Statistics, SQL, Communication",Not Specified,47388,0.31,0.73,False,Low,1,Growing
59c8a25a-c3b6-4040-901c-aab311ee7d70,2013,Brazil,South America,Sao Paulo,Global Systems,Small,Healthcare,ML Engineer,Junior,False,,0.1,"Data Analysis, Cloud Computing, Project Management",Not Specified,38435,4.38,0.88,False,High,13,Emerging
33fed91b-f76c-4824-8c58-b464f004c63e,2013,Pakistan,South Asia,London,Global Analytics,Startup,Tech,Software Engineer,Mid,True,"NLP, deep learning, machine learning",0.8,"Research, Statistics, SQL","NLP, deep learning, machine learning",32386,-4.66,0.38,True,Low,2,Emerging
920b8520-be43-427b-b8f6-ec5c0fa3596b,2025,Australia,Oceania,Berlin,Prime Solutions,Large,Retail,AI Researcher,Senior,True,"computer vision, MLOps, NLP",0.7,"Cloud Computing, Software Engineering, Python, Data Analysis","computer vision, MLOps, NLP",121635,17.1,0.12,True,Low,7,Growing
85d806a0-a763-489d-91b4-179d012a1303,2020,Malaysia,Southeast Asia,Sydney,NextGen Analytics,Large,Tech,Systems Engineer,Junior,True,LLMs,0.56,"Project Management, Statistics, SQL, Cloud Computing, Research, Business Analysis",LLMs,51416,14.92,0.18,True,Low,7,Growing
4a05172b-8270-4143-ad3c-4c7d5d341cd4,2016,Australia,Oceania,Lagos,NextGen Analytics,Enterprise,Manufacturing,Operations Manager,Senior,False,,0.19,"SQL, Project Management, Statistics, Cloud Computing, Business Analysis, Software Engineering",Not Specified,72531,-1.63,0.65,False,High,13,Emerging
d44bc825-b83c-487a-b1be-482c95ed0f1b,2010,Colombia,South America,Sao Paulo,Prime Analytics,Startup,Tech,Software Engineer,Lead,False,,0.02,"Communication, Software Engineering, Data Analysis, Cloud Computing, SQL, Python",Not Specified,38381,4.87,0.84,False,High,1,Emerging
7c64258f-e61f-44b1-8f6b-de2f03df9d00,2014,Thailand,Southeast Asia,Berlin,Future Systems,Enterprise,Retail,Research Scientist,Mid,False,,0.16,"Business Analysis, Communication, Python, Data Analysis, Software Engineering, Project Management",Not Specified,29082,1.41,0.86,False,High,18,Emerging
0902a785-6386-4170-a0d8-8d79c3de1d7a,2021,United States,North America,Paris,Future Systems,Small,Retail,Operations Manager,Executive,False,,0.1,"Cloud Computing, SQL, Python",Not Specified,100097,-0.45,0.74,False,Low,8,Growing
decf99d7-4b86-4cdc-bc2e-7080a154d692,2024,South Korea,East Asia,Lagos,Future Solutions,Medium,Tech,Operations Manager,Intern,True,"machine learning, deep learning, MLOps",0.45,"Business Analysis, Statistics, Python, SQL, Project Management","machine learning, deep learning, MLOps",118532,17.61,0.33,True,Low,10,Mature
f3fb98e2-ab23-47db-9fdd-e8006c5960d4,2025,United States,North America,Nairobi,Global Solutions,Enterprise,Manufacturing,ML Engineer,Senior,True,"MLOps, LLMs",0.48,"Python, Software Engineering, Business Analysis, Statistics","MLOps, LLMs",123139,6.86,0.14,True,Medium,18,Growing
b19b44fa-a4ef-43f2-8aab-dec955d2006e,2013,United States,North America,Bangalore,Prime Analytics,Large,Healthcare,Software Engineer,Lead,False,,0.12,"Cloud Computing, Research, Software Engineering, Project Management",Not Specified,76873,-0.41,0.64,False,High,12,Emerging
106fee2d-7999-49f2-ab89-007ebc83c44b,2019,Egypt,Africa,Paris,Prime Analytics,Large,Retail,Business Analyst,Intern,False,,0.01,"Statistics, Software Engineering, Data Analysis, Python, Communication",Not Specified,25077,2.03,0.69,False,Low,2,Growing
1bf7c391-c9f3-46a8-aecb-1ac822c14939,2022,Argentina,South America,Berlin,Prime Analytics,Small,Agriculture,Operations Manager,Executive,False,,0.17,"Data Analysis, Python, Software Engineering, Business Analysis",Not Specified,53117,-3.31,0.84,False,Low,2,Growing
f5fcc0cc-ee12-4f73-9c59-9f2110350e1b,2013,Sri Lanka,South Asia,Toronto,Prime Systems,Medium,Retail,Business Analyst,Intern,False,,0.15,"Research, SQL, Software Engineering, Project Management",Not Specified,21375,-2.47,0.65,False,Low,15,Emerging
33387edc-bcd5-4a57-bcba-52e3adc58446,2019,Colombia,South America,New York,Future Technologies,Medium,Manufacturing,Research Scientist,Executive,True,"MLOps, computer vision",0.52,"Statistics, Cloud Computing, Software Engineering, Python, SQL","MLOps, computer vision",68416,8.54,0.11,True,Low,1,Growing
ece98936-9597-47cd-bec8-48b77a788391,2025,Peru,South America,Sydney,Future Systems,Enterprise,Retail,Software Engineer,Lead,True,"LLMs, machine learning, reinforcement learning",0.82,"Project Management, Cloud Computing, Business Analysis","LLMs, machine learning, reinforcement learning",76537,9.03,0.16,True,Medium,1,Growing
70ccf4fb-7900-4691-94c6-ed1f273124b4,2017,Colombia,South America,Dubai,Global Systems,Startup,Manufacturing,Operations Manager,Mid,False,,0.08,"Cloud Computing, Python, Research, Software Engineering",Not Specified,43769,4.73,0.9,False,Medium,11,Growing
fbc8418a-96e2-4e49-a6ee-2d02884db6c3,2012,Peru,South America,Dubai,Prime Technologies,Medium,Healthcare,Product Manager,Lead,False,,0.17,"Statistics, Data Analysis, Research, Cloud Computing, Communication, Business Analysis",Not Specified,33118,-3.91,0.85,False,Low,4,Emerging
d1926405-bb20-4928-9966-b34d1f4ba098,2018,Israel,Middle East,Sydney,NextGen Technologies,Small,Manufacturing,AI Researcher,Junior,False,,0.12,"Research, Project Management, Communication, Software Engineering, Statistics",Not Specified,64715,4.21,0.75,False,Medium,11,Growing
4c2c9143-4f65-4d80-bb7d-0ddd7ff099a3,2010,Sweden,Europe,Paris,Future Technologies,Enterprise,Tech,Research Scientist,Intern,True,"computer vision, machine learning, deep learning",0.5,"Cloud Computing, Software Engineering, Project Management, Python","computer vision, machine learning, deep learning",81888,2.43,0.35,True,Low,11,Emerging
838907ca-4ed2-4f81-be2f-f7d8ee8bfbd5,2012,Poland,Europe,Nairobi,NextGen Technologies,Large,Manufacturing,AI Researcher,Junior,False,,0.04,"Statistics, Python, Cloud Computing, Data Analysis, Business Analysis, Software Engineering",Not Specified,67004,-4.87,0.88,False,Low,2,Emerging
cc426774-14ad-4cff-ac20-79b779a34f30,2018,Malaysia,Southeast Asia,Nairobi,Global Systems,Small,Agriculture,ML Engineer,Lead,False,,0.12,"Software Engineering, Research, Data Analysis, SQL, Statistics",Not Specified,36574,-4.67,0.85,False,Low,7,Growing
61fd4f8f-7563-4e7f-80ca-36510dff5072,2023,Nepal,South Asia,London,Global Systems,Small,Healthcare,Business Analyst,Executive,True,"NLP, deep learning",0.85,"Data Analysis, Project Management, Python, Communication, Research","NLP, deep learning",43690,6.7,0.23,True,Medium,10,Growing
55cfac1b-14df-4bde-8223-127aa0360460,2023,Thailand,Southeast Asia,Bangalore,NextGen Technologies,Large,Tech,Research Scientist,Intern,True,"generative AI, machine learning",0.67,"SQL, Business Analysis, Research, Data Analysis","generative AI, machine learning",53793,7.24,0.11,True,Medium,13,Mature
9a953545-c040-4a4f-9907-1e974d483f7f,2015,Philippines,Southeast Asia,Paris,Global Technologies,Startup,Tech,Operations Manager,Junior,True,"reinforcement learning, computer vision, deep learning, MLOps",0.91,"Data Analysis, Python, Cloud Computing, Project Management, Statistics","reinforcement learning, computer vision, deep learning, MLOps",53565,4.71,0.32,True,Medium,7,Emerging
025c16c4-3ad8-4d1a-ad26-79b5d5082c08,2024,Canada,North America,New York,Future Solutions,Startup,Tech,Product Manager,Intern,True,"deep learning, MLOps",0.6,"Data Analysis, Software Engineering, SQL, Cloud Computing, Python, Statistics","deep learning, MLOps",126430,8.2,0.26,True,Medium,6,Mature
5ad8d566-8c78-40eb-a0f1-731dde1907a3,2021,Peru,South America,Lagos,Prime Technologies,Medium,Manufacturing,Research Scientist,Executive,False,,0.01,"Business Analysis, Statistics, SQL",Not Specified,44999,3.92,0.71,False,Medium,11,Growing
d52b9ad4-b56b-4142-86d8-85a9416918da,2022,Argentina,South America,London,Future Systems,Medium,Retail,Product Manager,Junior,False,,0.17,"Research, Software Engineering, Communication, Business Analysis",Not Specified,47349,-2.27,0.84,False,High,15,Growing
4b8a2a10-75ef-48cb-a9cb-236d58394ae5,2010,United States,North America,Sao Paulo,Prime Analytics,Medium,Agriculture,AI Researcher,Executive,False,,0.07,"Research, SQL, Data Analysis, Communication",Not Specified,68043,0.97,0.84,False,Medium,9,Emerging
e27f665d-5b68-47b5-951d-4592b88015b8,2012,Colombia,South America,Toronto,Future Systems,Enterprise,Retail,Research Scientist,Mid,True,"MLOps, reinforcement learning, deep learning, computer vision",0.76,"Python, Research, Communication, Project Management, Business Analysis","MLOps, reinforcement learning, deep learning, computer vision",46321,-1.76,0.38,True,Low,7,Emerging
9d62f6d5-6d01-4357-9f74-d151b5d9069a,2018,Japan,East Asia,Dubai,NextGen Systems,Enterprise,Tech,AI Researcher,Junior,False,,0.14,"Business Analysis, Project Management, Cloud Computing, Data Analysis",Not Specified,65758,4.76,0.87,False,Low,17,Growing
a00f0a3a-a489-4a57-a6ef-734c51ad8887,2013,Nepal,South Asia,Bangalore,Global Analytics,Large,Retail,Research Scientist,Executive,False,,0.13,"Business Analysis, Python, SQL",Not Specified,18649,-0.13,0.85,False,Low,11,Emerging
e658f1b5-360d-42ca-ace8-6130708191fb,2022,Singapore,Southeast Asia,Toronto,Global Analytics,Small,Tech,Operations Manager,Mid,True,"NLP, reinforcement learning",0.9,"Statistics, Python, Research, Business Analysis, Communication, Software Engineering","NLP, reinforcement learning",58567,14.1,0.12,True,Low,3,Mature
ef08fd58-0dd5-4f57-bb46-e75410ae2f28,2010,Indonesia,Southeast Asia,Seoul,NextGen Technologies,Enterprise,Tech,Research Scientist,Junior,True,MLOps,0.71,"Python, SQL, Research, Project Management, Software Engineering",MLOps,41824,3.82,0.23,True,High,0,Emerging
1c60a659-37a7-4700-8385-eb3f4991f2ea,2020,Morocco,Africa,Paris,Prime Systems,Small,Manufacturing,Business Analyst,Executive,False,,0.14,"SQL, Research, Statistics, Cloud Computing",Not Specified,24311,-0.72,0.85,False,Low,18,Growing
79504203-5d14-41ef-b6c7-404938934181,2010,Nigeria,Africa,Dubai,Prime Analytics,Medium,Manufacturing,Software Engineer,Senior,False,,0.03,"SQL, Communication, Statistics, Project Management, Python, Software Engineering",Not Specified,18441,-0.87,0.86,False,Low,0,Emerging
41222580-b2cc-48b0-9366-ed680768bf80,2015,Argentina,South America,Singapore,Global Analytics,Enterprise,Manufacturing,Operations Manager,Executive,False,,0.09,"Python, SQL, Data Analysis",Not Specified,36844,-4.17,0.6,False,Low,8,Emerging
bd6ce53d-8321-40f8-9914-52169809bd92,2017,Nepal,South Asia,Singapore,NextGen Solutions,Large,Agriculture,Business Analyst,Senior,False,,0.12,"Communication, Business Analysis, Research",Not Specified,27241,-2.74,0.8,False,Low,6,Growing
4077553f-5a6f-43da-874b-ef70df6031bb,2021,Argentina,South America,Dubai,Future Solutions,Small,Retail,Operations Manager,Mid,False,,0.14,"SQL, Statistics, Business Analysis",Not Specified,44386,2.82,0.85,False,Medium,16,Growing
515e9d37-ba7e-428d-b6b4-dd5999852921,2021,Argentina,South America,Tokyo,NextGen Systems,Enterprise,Manufacturing,Product Manager,Senior,True,"reinforcement learning, NLP, MLOps, computer vision",0.84,"Project Management, Business Analysis, Data Analysis","reinforcement learning, NLP, MLOps, computer vision",73319,9.06,0.17,True,Low,7,Growing
c298c351-196d-4d62-a244-a95f047d735e,2025,Singapore,Southeast Asia,London,Future Technologies,Enterprise,Tech,Operations Manager,Mid,True,generative AI,0.91,"Software Engineering, Project Management, Business Analysis",generative AI,69832,11.37,0.31,True,Low,7,Mature
85b09ada-cc6c-42f8-8481-4019ad488c95,2019,United Kingdom,Europe,Paris,Global Analytics,Large,Tech,Research Scientist,Lead,False,,0.15,"SQL, Communication, Project Management",Not Specified,83963,-3.06,0.65,False,Low,15,Growing
dcc50192-b8aa-4add-b113-b4560e29510b,2014,Kenya,Africa,Seoul,Future Systems,Medium,Agriculture,Product Manager,Mid,False,,0.1,"SQL, Data Analysis, Python, Project Management, Software Engineering",Not Specified,19640,-4.08,0.73,False,Low,12,Emerging
71e52321-4102-4c5e-85f2-f2fbbcc09a30,2016,Thailand,Southeast Asia,Dubai,Future Technologies,Startup,Tech,Business Analyst,Intern,False,,0.03,"SQL, Business Analysis, Data Analysis, Research, Statistics, Project Management",Not Specified,32236,1.59,0.75,False,Medium,13,Emerging
12720b0f-3a9f-4098-8705-4127ab73cf21,2019,Qatar,Middle East,Nairobi,Global Technologies,Large,Agriculture,Research Scientist,Executive,True,"computer vision, NLP, machine learning",0.53,"Data Analysis, Cloud Computing, Statistics, Python, SQL, Communication","computer vision, NLP, machine learning",94455,10.21,0.22,True,Medium,0,Growing
07c932b1-61bc-43e8-9a5f-7f4772dc541a,2018,United States,North America,Seoul,Future Systems,Startup,Agriculture,AI Researcher,Executive,False,,0.01,"Project Management, Data Analysis, Business Analysis, SQL, Software Engineering, Communication",Not Specified,96800,1.27,0.86,False,Medium,0,Growing
0b01ba2a-0601-46d0-beb5-374b7bbbd66e,2016,Bangladesh,South Asia,Lagos,NextGen Solutions,Small,Healthcare,Data Scientist,Senior,False,,0.0,"Software Engineering, Statistics, Cloud Computing, Research",Not Specified,21181,0.6,0.87,False,Medium,16,Emerging
e74588fa-7dd3-4dbf-a97b-df6c05bd9de0,2011,Philippines,Southeast Asia,Bangalore,Global Systems,Small,Healthcare,Systems Engineer,Senior,False,,0.09,"SQL, Statistics, Business Analysis, Project Management, Cloud Computing",Not Specified,33610,-4.57,0.7,False,Medium,4,Emerging
2f3f504d-acd5-4597-bf37-9c34f040db9f,2025,UAE,Middle East,Tokyo,NextGen Systems,Startup,Manufacturing,Business Analyst,Lead,True,"machine learning, computer vision, NLP",0.67,"Communication, Business Analysis, Cloud Computing","machine learning, computer vision, NLP",98905,8.98,0.21,True,Low,8,Growing
fe3bf5d6-bba0-4eeb-8752-68c6b0aea8fe,2022,Sweden,Europe,New York,Prime Solutions,Medium,Healthcare,Policy Analyst,Senior,True,"deep learning, computer vision, LLMs",0.94,"Cloud Computing, Business Analysis, Data Analysis","deep learning, computer vision, LLMs",99333,8.93,0.3,True,High,3,Growing
d7b5712f-81dc-4fcb-a061-9880f97e4109,2017,UAE,Middle East,Lagos,NextGen Solutions,Medium,Tech,Product Manager,Executive,True,MLOps,0.9,"SQL, Cloud Computing, Data Analysis, Project Management, Python, Research",MLOps,75566,2.32,0.33,True,Low,2,Growing
4dcdbc0c-21d4-4ca1-8909-caf9dc430301,2012,Argentina,South America,Berlin,Future Systems,Medium,Healthcare,ML Engineer,Senior,False,,0.12,"Business Analysis, Data Analysis, Python, Project Management, Cloud Computing, Research",Not Specified,35263,4.5,0.66,False,Medium,13,Emerging
9884093c-f6f8-4846-8d30-c3a8fa3be3bd,2010,Mexico,North America,Sao Paulo,NextGen Systems,Enterprise,Healthcare,Software Engineer,Mid,False,,0.16,"Data Analysis, Business Analysis, SQL",Not Specified,60941,3.34,0.81,False,Medium,11,Emerging
ad7fb921-c4f6-4621-ba87-8e79a9b1f7ec,2022,Pakistan,South Asia,Seoul,NextGen Analytics,Medium,Tech,ML Engineer,Lead,True,generative AI,0.86,"SQL, Data Analysis, Research",generative AI,40749,10.0,0.4,True,Low,2,Mature
e369fcf2-9420-47b9-bc0c-dbbc841afebc,2016,Israel,Middle East,New York,Prime Technologies,Enterprise,Healthcare,Research Scientist,Executive,False,,0.14,"Communication, Statistics, Business Analysis, Python",Not Specified,66064,-4.12,0.63,False,Low,12,Emerging
48c2b29c-364c-41bd-b4b4-9ed13cf56024,2013,Chile,South America,Nairobi,NextGen Systems,Startup,Tech,Research Scientist,Senior,False,,0.05,"Python, Communication, Software Engineering, Project Management, Statistics, Data Analysis",Not Specified,39692,0.72,0.64,False,Medium,2,Emerging
d3b4245c-890e-483c-af02-c78ae5ffcb3b,2020,Mexico,North America,Lagos,Future Systems,Medium,Tech,Data Scientist,Junior,True,"NLP, computer vision",0.86,"Statistics, Project Management, Python","NLP, computer vision",140372,14.93,0.14,True,High,14,Growing
45acf5e3-73d2-4967-981f-ed438d3a6964,2017,United States,North America,Paris,Prime Systems,Small,Tech,Systems Engineer,Mid,False,,0.1,"Python, Research, Communication",Not Specified,84202,1.65,0.82,False,High,2,Growing
ec650786-3f4c-4a71-8271-c1aca8699d55,2024,Australia,Oceania,Bangalore,Global Systems,Medium,Healthcare,Operations Manager,Senior,True,"computer vision, machine learning",0.43,"Statistics, Communication, Project Management","computer vision, machine learning",141135,6.92,0.3,True,Medium,15,Growing
63b30061-cdd0-4ac1-99c6-a1f435a216d5,2025,Nigeria,Africa,Dubai,NextGen Analytics,Small,Manufacturing,Research Scientist,Junior,False,,0.02,"Python, Software Engineering, Communication, Project Management, SQL, Cloud Computing",Not Specified,23220,2.66,0.84,False,High,11,Growing
a03cc4a0-51e6-4bb2-98bd-b2442d59678f,2019,Taiwan,East Asia,Berlin,Future Analytics,Small,Retail,AI Researcher,Lead,False,,0.14,"SQL, Business Analysis, Python, Communication, Software Engineering",Not Specified,60127,-1.05,0.9,False,Low,2,Growing
fa2c8e4d-0b22-4d8a-829c-afc1ae1fa87d,2018,Chile,South America,Toronto,Future Systems,Small,Healthcare,Product Manager,Mid,False,,0.02,"Cloud Computing, Data Analysis, Research, Software Engineering, Business Analysis, Communication",Not Specified,41205,-2.24,0.67,False,Low,4,Growing
5f26034f-f9ef-4238-91ca-490ea2fdb8c4,2015,Singapore,Southeast Asia,Sao Paulo,Prime Technologies,Large,Tech,ML Engineer,Executive,True,reinforcement learning,0.46,"Statistics, Project Management, SQL, Business Analysis, Software Engineering",reinforcement learning,50822,-1.15,0.28,True,High,3,Emerging
7b6269c3-431a-4559-8fff-f76356203b57,2011,Taiwan,East Asia,Dubai,NextGen Analytics,Startup,Manufacturing,Policy Analyst,Executive,False,,0.17,"Python, SQL, Software Engineering, Research, Communication, Data Analysis",Not Specified,61842,-4.73,0.77,False,High,2,Emerging
ccbb1d36-db86-43f6-8779-18363d3e1159,2024,New Zealand,Oceania,London,NextGen Technologies,Medium,Manufacturing,ML Engineer,Executive,False,,0.01,"Cloud Computing, Data Analysis, Project Management, SQL, Software Engineering, Business Analysis",Not Specified,87253,1.87,0.67,False,Medium,9,Growing
e5129b83-074c-4578-b222-696c3320150b,2017,India,South Asia,Singapore,NextGen Technologies,Enterprise,Agriculture,ML Engineer,Mid,False,,0.06,"Software Engineering, Communication, Cloud Computing, Business Analysis",Not Specified,23651,-2.2,0.79,False,Low,5,Growing
e6f8d4c3-3861-4bf5-b56a-47a812e04a91,2013,Nepal,South Asia,Bangalore,Future Solutions,Enterprise,Agriculture,Policy Analyst,Mid,False,,0.01,"Communication, SQL, Research, Business Analysis",Not Specified,24618,-0.28,0.81,False,Low,7,Emerging
1f4ece7d-7029-43e0-a068-4c3824fcaed2,2016,Mexico,North America,Nairobi,Prime Analytics,Startup,Healthcare,ML Engineer,Mid,False,,0.02,"Communication, Software Engineering, Project Management",Not Specified,90901,-0.73,0.87,False,High,3,Emerging
27b2a206-ad31-43d7-be6d-96f12ee57496,2011,Ghana,Africa,Seoul,NextGen Technologies,Enterprise,Tech,Systems Engineer,Junior,False,,0.08,"Project Management, Communication, Research, Software Engineering",Not Specified,17598,4.55,0.62,False,Medium,13,Emerging
3348147a-3600-46be-bb59-90e25b263cd9,2025,Canada,North America,Berlin,Future Systems,Large,Healthcare,Operations Manager,Intern,True,"NLP, deep learning, MLOps",0.42,"Data Analysis, Python, Research","NLP, deep learning, MLOps",146919,10.26,0.14,True,High,9,Growing
3a8f4bb5-1764-4a4b-8cd1-9872c0aa87c1,2021,Canada,North America,London,Prime Solutions,Enterprise,Agriculture,Policy Analyst,Senior,True,"reinforcement learning, deep learning",0.77,"Project Management, Cloud Computing, Python, Data Analysis, SQL, Research","reinforcement learning, deep learning",130832,12.71,0.17,True,Medium,15,Growing
4b156ea8-b41f-4643-b99c-5bbec137fe1b,2024,Taiwan,East Asia,Toronto,NextGen Systems,Small,Tech,AI Researcher,Senior,False,,0.18,"SQL, Cloud Computing, Business Analysis, Statistics, Data Analysis, Python",Not Specified,85549,-0.58,0.85,False,Low,5,Mature
284fa34d-a7b2-4774-a520-d3a502a748a8,2025,Kenya,Africa,Toronto,Global Technologies,Small,Agriculture,Business Analyst,Intern,False,,0.04,"Data Analysis, Business Analysis, Communication, Cloud Computing, Software Engineering, SQL",Not Specified,27009,4.74,0.78,False,Medium,9,Growing
18638fa2-f704-4aad-8645-bbbfbbf98c0a,2018,UAE,Middle East,Bangalore,Global Technologies,Large,Agriculture,Systems Engineer,Lead,False,,0.09,"Research, Communication, Python",Not Specified,64488,-1.61,0.82,False,High,6,Growing
174f124e-c094-4ba9-a706-c5d89aa20763,2023,New Zealand,Oceania,Berlin,Future Analytics,Small,Healthcare,Data Scientist,Executive,True,"computer vision, machine learning",0.62,"SQL, Statistics, Communication, Software Engineering, Python","computer vision, machine learning",114332,5.61,0.17,True,Medium,9,Growing
df1a9420-532d-4adb-ba29-5ab89f4a868c,2014,Bangladesh,South Asia,Seoul,NextGen Technologies,Startup,Tech,ML Engineer,Senior,True,"reinforcement learning, machine learning",0.93,"Python, Project Management, Communication, Research","reinforcement learning, machine learning",35204,1.47,0.36,True,High,7,Emerging
f3c6fe86-ff92-44ae-b958-18a8231402f1,2023,Singapore,Southeast Asia,Singapore,Prime Systems,Small,Manufacturing,ML Engineer,Junior,False,,0.06,"SQL, Business Analysis, Python, Research",Not Specified,44580,-3.99,0.79,False,Low,1,Growing
02de746e-8014-440d-ba03-31d351f38384,2025,Colombia,South America,Nairobi,NextGen Systems,Startup,Agriculture,Operations Manager,Executive,True,"computer vision, deep learning",0.52,"Research, SQL, Business Analysis, Communication, Python, Data Analysis","computer vision, deep learning",80372,8.34,0.3,True,Low,15,Growing
d5544cf5-f885-4752-9393-6517276a2faf,2023,South Korea,East Asia,Sydney,NextGen Solutions,Large,Retail,Data Scientist,Executive,False,,0.1,"SQL, Cloud Computing, Data Analysis, Python",Not Specified,68442,1.89,0.86,False,Low,12,Growing
dd745aaa-7365-46c1-825d-487acefc5fc6,2016,New Zealand,Oceania,Singapore,Global Technologies,Small,Manufacturing,Software Engineer,Mid,False,,0.15,"Statistics, Data Analysis, Cloud Computing, Software Engineering, Business Analysis",Not Specified,76613,-3.78,0.84,False,High,7,Emerging
ec46f46f-0742-498e-b09a-b28fa3d6da5a,2011,China,East Asia,Toronto,Prime Systems,Enterprise,Healthcare,AI Researcher,Mid,False,,0.08,"SQL, Business Analysis, Project Management, Statistics",Not Specified,52698,-0.82,0.81,False,High,6,Emerging
cf9d27b3-c751-4a62-932d-358fd16e0081,2017,Jordan,Middle East,Toronto,Global Analytics,Medium,Retail,Operations Manager,Intern,False,,0.12,"Statistics, Business Analysis, Cloud Computing, Software Engineering, Research",Not Specified,61259,-0.6,0.9,False,High,12,Growing
60785798-9b22-4583-8511-e60183fb1090,2014,Saudi Arabia,Middle East,London,Future Analytics,Medium,Healthcare,Data Scientist,Lead,False,,0.12,"Data Analysis, Business Analysis, Project Management, Communication",Not Specified,51509,3.1,0.88,False,Low,1,Emerging
2029da2f-0cb2-4a72-b5ec-0bd5d50c5b87,2015,Sweden,Europe,Toronto,NextGen Systems,Medium,Tech,Data Scientist,Intern,False,,0.05,"Project Management, Communication, Data Analysis, Software Engineering, Research, Python",Not Specified,60956,4.11,0.64,False,Medium,5,Emerging
81354444-f037-4065-a468-8083990b717d,2023,Pakistan,South Asia,Lagos,NextGen Technologies,Enterprise,Agriculture,Data Scientist,Intern,False,,0.12,"Software Engineering, Business Analysis, Communication, Statistics, Python, SQL",Not Specified,28250,-0.68,0.67,False,High,8,Growing
0d72101f-8cd3-4e66-87a5-f6f68aec6db6,2012,UAE,Middle East,Nairobi,Prime Technologies,Small,Retail,Systems Engineer,Senior,False,,0.19,"Python, Business Analysis, Data Analysis, Project Management",Not Specified,46762,2.03,0.82,False,Low,8,Emerging
863b06ea-71b1-4047-9ff9-58a43a6effb9,2015,Brazil,South America,New York,Future Systems,Startup,Tech,Operations Manager,Executive,False,,0.08,"Project Management, Communication, Software Engineering, SQL, Statistics",Not Specified,38084,-1.83,0.88,False,Medium,0,Emerging
2d01ef6c-8c22-4ce7-86ae-e7c09bbf1e5d,2018,Ghana,Africa,London,NextGen Systems,Medium,Tech,Policy Analyst,Executive,False,,0.11,"Project Management, Data Analysis, Communication, Statistics, SQL, Research",Not Specified,24215,-2.48,0.78,False,Low,18,Growing
3bc02f54-47d1-499a-9319-a946c992a67e,2023,India,South Asia,Lagos,NextGen Technologies,Small,Healthcare,AI Researcher,Junior,False,,0.06,"Software Engineering, Research, Communication, SQL",Not Specified,23845,-1.36,0.86,False,High,7,Growing
948dc5e4-f34d-4c26-834a-5955b260a509,2011,Nepal,South Asia,Singapore,Global Solutions,Enterprise,Retail,Policy Analyst,Lead,False,,0.13,"Statistics, Communication, SQL",Not Specified,22508,4.34,0.78,False,Medium,10,Emerging
b56a5dff-2104-4171-8d14-7b7b6a7c7b06,2024,Colombia,South America,Sydney,NextGen Technologies,Medium,Tech,Product Manager,Mid,True,"computer vision, machine learning, MLOps, LLMs",0.43,"Research, Cloud Computing, SQL, Communication, Python, Software Engineering","computer vision, machine learning, MLOps, LLMs",62760,14.67,0.39,True,Low,4,Mature
18ed0802-20fc-4ddb-ad5b-c54eeeeeb95c,2018,New Zealand,Oceania,Singapore,NextGen Solutions,Small,Retail,Data Scientist,Mid,False,,0.11,"Cloud Computing, Software Engineering, Communication, Research",Not Specified,80807,1.61,0.79,False,Low,6,Growing
519470c3-f8cf-4467-8d0e-fe8c5bba8e9a,2012,Mexico,North America,Singapore,Global Technologies,Large,Tech,Research Scientist,Executive,False,,0.12,"Software Engineering, Data Analysis, Business Analysis",Not Specified,80651,-2.68,0.71,False,Medium,9,Emerging
12ac2696-4ff2-4298-83fc-076a7d245e1e,2016,Sweden,Europe,Nairobi,Prime Systems,Large,Agriculture,Data Scientist,Mid,True,"machine learning, computer vision, reinforcement learning, MLOps",0.82,"Cloud Computing, Statistics, Python, SQL","machine learning, computer vision, reinforcement learning, MLOps",100561,-3.11,0.26,True,Medium,14,Emerging
dbfcf6b6-2d64-49d3-978a-6401c5945d92,2021,Australia,Oceania,Nairobi,Prime Systems,Small,Manufacturing,Business Analyst,Mid,True,computer vision,0.88,"Python, Communication, Statistics, Project Management, Cloud Computing",computer vision,126535,13.19,0.24,True,High,15,Growing
27284545-532d-41fe-9835-0373c972c3dc,2016,Pakistan,South Asia,Toronto,Global Solutions,Startup,Healthcare,ML Engineer,Lead,False,,0.17,"Research, Statistics, Python, Software Engineering, SQL",Not Specified,24603,-3.4,0.87,False,Medium,15,Emerging
66a599db-07d9-4183-b1b4-7633af2b3ca5,2020,Italy,Europe,Lagos,Prime Solutions,Enterprise,Tech,ML Engineer,Intern,False,,0.03,"Data Analysis, Business Analysis, Cloud Computing, Communication",Not Specified,67549,-4.78,0.7,False,High,12,Growing
941a475a-10ba-4b35-b9be-15cce3f9c90b,2013,Saudi Arabia,Middle East,Sao Paulo,Future Technologies,Small,Tech,Product Manager,Senior,False,,0.15,"Software Engineering, Research, Business Analysis",Not Specified,61472,-4.73,0.75,False,Low,0,Emerging
9ff765b0-ca22-4318-9671-3f3b3c108975,2010,Ghana,Africa,Dubai,Future Solutions,Startup,Agriculture,Business Analyst,Intern,False,,0.09,"Python, Project Management, Software Engineering, SQL, Communication",Not Specified,15610,-1.93,0.72,False,High,6,Emerging
6e8fe939-ebbf-4e9a-8d6e-5927beb3b232,2012,Canada,North America,Lagos,Future Analytics,Startup,Agriculture,ML Engineer,Intern,False,,0.06,"Project Management, Research, Cloud Computing, SQL, Business Analysis, Statistics",Not Specified,66019,2.7,0.61,False,Low,11,Emerging
fd7d7965-74d1-4586-a78c-16dde70b7c6c,2021,Sri Lanka,South Asia,Bangalore,Global Technologies,Small,Retail,Research Scientist,Intern,False,,0.11,"Cloud Computing, Communication, Project Management, SQL, Research, Software Engineering",Not Specified,25501,-0.64,0.7,False,High,4,Growing
66c39549-c48e-471d-86e5-4a55798a03fa,2014,United States,North America,Tokyo,NextGen Technologies,Startup,Healthcare,Policy Analyst,Lead,False,,0.05,"Python, Data Analysis, Business Analysis, Communication, Software Engineering, Research",Not Specified,84154,3.93,0.6,False,Low,1,Emerging
28fffd4f-e19c-41e8-a91b-a726bc532769,2010,China,East Asia,Lagos,Prime Analytics,Medium,Agriculture,Operations Manager,Mid,False,,0.0,"Data Analysis, Project Management, Business Analysis, SQL",Not Specified,60006,2.61,0.87,False,High,15,Emerging
8d7ef354-4fc5-45bb-835d-b27c16cc584e,2022,Indonesia,Southeast Asia,Lagos,NextGen Analytics,Small,Manufacturing,Research Scientist,Intern,True,"reinforcement learning, deep learning, MLOps",0.68,"Cloud Computing, Data Analysis, Project Management, Communication, Python, Business Analysis","reinforcement learning, deep learning, MLOps",59944,5.25,0.32,True,Medium,19,Growing
9b1a52bc-4392-418d-8d42-85a41559a1d6,2012,Peru,South America,Berlin,Prime Solutions,Startup,Agriculture,AI Researcher,Senior,False,,0.11,"Python, Cloud Computing, SQL",Not Specified,41656,-2.01,0.7,False,Low,5,Emerging
3dfb8324-712f-433b-b59c-9395ee238a49,2022,South Africa,Africa,Tokyo,NextGen Systems,Enterprise,Healthcare,AI Researcher,Executive,True,deep learning,0.62,"Cloud Computing, Python, Project Management, Software Engineering, Statistics, Data Analysis",deep learning,35340,11.38,0.3,True,Medium,2,Growing
59d73c1f-2661-4306-b7d0-ef277d196234,2024,United Kingdom,Europe,Singapore,Future Technologies,Large,Healthcare,Software Engineer,Lead,False,,0.16,"Data Analysis, Statistics, Project Management, Cloud Computing, Communication, Software Engineering",Not Specified,87841,-3.78,0.76,False,Low,18,Growing
57987a01-c159-4ae0-b6b7-05250bf1192f,2025,Jordan,Middle East,Berlin,Prime Technologies,Small,Manufacturing,Systems Engineer,Junior,True,"LLMs, reinforcement learning",0.43,"Cloud Computing, Communication, Project Management, Python, Data Analysis","LLMs, reinforcement learning",111629,16.21,0.34,True,Low,0,Growing
7f057af9-f8e1-4e4f-af0e-43d5ec18b27b,2020,Bangladesh,South Asia,Toronto,Future Analytics,Enterprise,Agriculture,Systems Engineer,Executive,True,computer vision,0.75,"Software Engineering, Project Management, Cloud Computing",computer vision,36294,16.39,0.27,True,Medium,14,Growing
7473b151-660b-413c-91ef-1ea3452fb391,2024,Taiwan,East Asia,Seoul,Prime Technologies,Enterprise,Retail,AI Researcher,Senior,True,"LLMs, deep learning",0.82,"Business Analysis, Project Management, Software Engineering, Cloud Computing, Research, Python","LLMs, deep learning",115676,11.03,0.36,True,Low,0,Growing
91bf1968-0c7c-487c-942c-12574fa9a700,2024,France,Europe,Bangalore,Prime Analytics,Startup,Agriculture,Operations Manager,Lead,False,,0.08,"Project Management, Research, Communication, Cloud Computing",Not Specified,79024,0.49,0.83,False,Medium,1,Growing
c785bc77-1981-4c1d-afd7-4e10b2c767a3,2022,Poland,Europe,Lagos,Prime Solutions,Large,Healthcare,Software Engineer,Mid,True,LLMs,0.9,"Data Analysis, Python, SQL",LLMs,104935,14.66,0.11,True,Low,18,Growing
c451d0b0-a062-455a-97da-dc516e575bc7,2019,Ghana,Africa,Bangalore,Global Analytics,Startup,Tech,Systems Engineer,Executive,False,,0.01,"Software Engineering, Research, Business Analysis, Statistics, Python, Cloud Computing",Not Specified,19857,3.48,0.63,False,High,12,Growing
abf4dfc3-7a4f-4edb-b17e-efb23673b79b,2010,Argentina,South America,Lagos,Global Systems,Large,Agriculture,Business Analyst,Senior,False,,0.07,"Research, Software Engineering, Python, Business Analysis, Communication",Not Specified,33028,2.47,0.75,False,Low,16,Emerging
168553db-6959-4d9f-b311-50ff3ba50294,2024,Mexico,North America,Tokyo,Global Systems,Small,Tech,Product Manager,Junior,True,MLOps,0.51,"Data Analysis, Software Engineering, Python, Research, Statistics",MLOps,135770,5.46,0.1,True,Medium,13,Mature
e6c8e578-7419-4f2d-9a68-bc9dd0a3caad,2018,New Zealand,Oceania,Bangalore,Global Systems,Startup,Agriculture,ML Engineer,Junior,True,"machine learning, reinforcement learning, NLP",0.84,"Statistics, Research, Project Management","machine learning, reinforcement learning, NLP",100609,14.68,0.21,True,Medium,18,Growing
08aa9d2d-2809-4b5a-b650-df13f7a2b483,2010,Sri Lanka,South Asia,Sao Paulo,NextGen Analytics,Small,Agriculture,Systems Engineer,Intern,False,,0.08,"Software Engineering, Python, Business Analysis, SQL, Data Analysis, Research",Not Specified,18038,4.74,0.67,False,High,2,Emerging
32cb2d14-1f4e-4827-a97a-a311b756f8c7,2023,Sweden,Europe,Sydney,NextGen Technologies,Medium,Healthcare,Policy Analyst,Executive,True,"MLOps, reinforcement learning, deep learning, LLMs",0.41,"Data Analysis, Communication, Python","MLOps, reinforcement learning, deep learning, LLMs",128883,8.6,0.3,True,Low,5,Growing
b1ccfd97-6417-4212-9b3d-c58af9231260,2025,Morocco,Africa,London,NextGen Technologies,Large,Tech,Research Scientist,Junior,True,"deep learning, NLP",0.44,"Research, SQL, Cloud Computing, Data Analysis","deep learning, NLP",38395,13.97,0.17,True,High,8,Mature
219c4b3d-5f85-4951-a21e-c4329d1426e1,2012,Malaysia,Southeast Asia,New York,Prime Analytics,Small,Retail,Software Engineer,Junior,False,,0.11,"Data Analysis, Project Management, Software Engineering, Business Analysis",Not Specified,30286,0.75,0.65,False,High,0,Emerging
370bc6d7-7feb-4d76-871e-22b24029f39b,2015,United States,North America,Singapore,Global Technologies,Startup,Agriculture,Data Scientist,Intern,False,,0.13,"Software Engineering, SQL, Project Management, Data Analysis, Communication, Cloud Computing",Not Specified,81303,-2.78,0.72,False,High,1,Emerging
bd827642-02a1-43f7-a6fb-79b6475ac26c,2022,China,East Asia,Tokyo,Future Systems,Large,Retail,Systems Engineer,Lead,True,reinforcement learning,0.86,"Software Engineering, Data Analysis, Communication, Business Analysis, Research, SQL",reinforcement learning,103838,17.97,0.25,True,High,13,Growing
bf42926e-26b5-4973-9c7a-dfe9e8f62408,2013,Egypt,Africa,Singapore,Global Systems,Startup,Tech,Data Scientist,Intern,False,,0.13,"Python, Communication, Software Engineering, SQL, Project Management",Not Specified,22205,4.32,0.85,False,Medium,13,Emerging
80ef1019-283b-4720-b040-881f5403f651,2013,Netherlands,Europe,Paris,Future Analytics,Enterprise,Retail,Product Manager,Senior,False,,0.1,"SQL, Business Analysis, Python, Research",Not Specified,61659,4.92,0.63,False,Low,5,Emerging
c152dbe0-e3ad-4e04-b739-33bc59ee9536,2025,New Zealand,Oceania,Sao Paulo,NextGen Technologies,Enterprise,Agriculture,Software Engineer,Mid,True,"NLP, computer vision, deep learning, reinforcement learning",0.47,"Python, Data Analysis, Statistics, SQL","NLP, computer vision, deep learning, reinforcement learning",133960,16.39,0.25,True,Low,0,Growing
309c0b22-3b2f-4a71-86bd-944d5ed9bc4c,2019,United Kingdom,Europe,Tokyo,Future Analytics,Large,Healthcare,Operations Manager,Executive,False,,0.11,"Communication, Software Engineering, Statistics",Not Specified,77166,0.43,0.87,False,High,1,Growing
38b6eb2b-b774-4d1f-b05f-acb270ac4fb0,2019,New Zealand,Oceania,Seoul,Global Analytics,Large,Manufacturing,Data Scientist,Mid,True,"MLOps, NLP, reinforcement learning, computer vision",0.8,"Cloud Computing, SQL, Statistics, Research, Project Management","MLOps, NLP, reinforcement learning, computer vision",130235,10.96,0.12,True,Low,8,Growing
73935df0-eef0-41cd-8f8c-bda2a56d7d7b,2018,Italy,Europe,Toronto,Prime Analytics,Large,Manufacturing,Product Manager,Intern,False,,0.04,"Communication, Cloud Computing, Project Management",Not Specified,74369,-1.89,0.7,False,High,6,Growing
485f291f-e236-48f3-92d4-81d185401665,2011,Morocco,Africa,Tokyo,NextGen Analytics,Large,Retail,Software Engineer,Senior,False,,0.1,"Software Engineering, Cloud Computing, Project Management",Not Specified,17310,3.15,0.86,False,High,19,Emerging
fe425b91-bdf8-4ca4-8a28-72ebaaf980cb,2015,Israel,Middle East,Nairobi,Future Analytics,Large,Healthcare,Data Scientist,Intern,False,,0.12,"Research, Communication, Software Engineering, SQL, Statistics, Python",Not Specified,50601,3.01,0.71,False,High,4,Emerging
bb080ce5-c8df-4d1d-9828-e7b9fde12d5e,2010,Japan,East Asia,Toronto,Prime Technologies,Large,Retail,Policy Analyst,Junior,False,,0.05,"SQL, Data Analysis, Research, Business Analysis, Project Management, Communication",Not Specified,53201,-2.41,0.83,False,Low,0,Emerging
5456d90c-dd92-4a96-9b56-f4db3450fea1,2015,Taiwan,East Asia,Seoul,Global Technologies,Medium,Retail,Operations Manager,Senior,True,"reinforcement learning, NLP, machine learning, deep learning",0.88,"SQL, Software Engineering, Research, Data Analysis","reinforcement learning, NLP, machine learning, deep learning",79297,-4.89,0.16,True,High,5,Emerging
352276c7-3d45-4c4f-84a6-3016599045a0,2023,Nigeria,Africa,Tokyo,NextGen Solutions,Large,Manufacturing,Product Manager,Senior,True,"reinforcement learning, NLP, deep learning",0.79,"Data Analysis, Communication, SQL, Statistics","reinforcement learning, NLP, deep learning",30151,13.39,0.29,True,Medium,2,Growing
ef314c04-9449-442c-96e1-e1200301fc8f,2015,Mexico,North America,Sao Paulo,NextGen Technologies,Enterprise,Healthcare,Systems Engineer,Senior,True,"machine learning, deep learning, MLOps",0.54,"Statistics, Research, Cloud Computing, Data Analysis","machine learning, deep learning, MLOps",119403,-0.43,0.4,True,Medium,18,Emerging
fcac4c79-4c21-4616-9afe-bf08175b9ed1,2015,Australia,Oceania,Berlin,Future Systems,Large,Healthcare,Operations Manager,Senior,True,"reinforcement learning, MLOps, computer vision, deep learning",0.65,"Data Analysis, Project Management, Business Analysis","reinforcement learning, MLOps, computer vision, deep learning",96367,0.32,0.19,True,High,2,Emerging
500d048a-4109-4d1f-870d-6e35bbed4ef6,2010,United States,North America,Sao Paulo,Global Analytics,Small,Healthcare,Software Engineer,Junior,False,,0.13,"Communication, Data Analysis, Python, Software Engineering, Cloud Computing",Not Specified,73068,-3.98,0.81,False,High,9,Emerging
52d540dd-00c1-4965-9bbe-fd7fd446a006,2010,Bangladesh,South Asia,Sao Paulo,Global Solutions,Small,Retail,ML Engineer,Intern,False,,0.08,"Software Engineering, Data Analysis, Business Analysis, SQL, Communication, Cloud Computing",Not Specified,19532,-4.0,0.7,False,Low,7,Emerging
def820a6-7560-4804-939c-a997ffd9c5d4,2016,South Korea,East Asia,Seoul,Global Solutions,Enterprise,Retail,Operations Manager,Senior,False,,0.09,"Data Analysis, Python, Statistics, Project Management, SQL",Not Specified,56868,-2.26,0.88,False,Low,9,Emerging
645d5267-ae36-4d9f-a2b7-6b1b057d5bb4,2024,Mexico,North America,Toronto,Future Systems,Startup,Retail,Policy Analyst,Lead,True,"generative AI, MLOps, deep learning, reinforcement learning",0.85,"Python, SQL, Business Analysis, Research","generative AI, MLOps, deep learning, reinforcement learning",137310,5.12,0.22,True,High,13,Growing
cace2112-dbd3-497b-bc39-278920b8cc17,2013,New Zealand,Oceania,Seoul,Prime Systems,Large,Manufacturing,Research Scientist,Mid,False,,0.16,"SQL, Research, Business Analysis, Project Management, Statistics, Software Engineering",Not Specified,74558,0.09,0.65,False,Low,13,Emerging
4441d36d-5f53-4cc0-9fa1-e8171a69ddcc,2013,UAE,Middle East,Berlin,NextGen Systems,Large,Manufacturing,ML Engineer,Lead,True,deep learning,0.72,"Communication, Research, Python, Business Analysis, Software Engineering, SQL",deep learning,85654,-0.71,0.16,True,Medium,15,Emerging
415b8e61-4963-412d-bb0b-43f68a74ee9d,2024,Ghana,Africa,Seoul,Global Systems,Startup,Retail,Business Analyst,Senior,True,"machine learning, LLMs",0.91,"SQL, Statistics, Communication, Python, Research, Cloud Computing","machine learning, LLMs",32477,15.74,0.33,True,High,17,Growing
0ce18170-9bde-422a-98b8-7d798fa5b6fd,2025,Australia,Oceania,Tokyo,Prime Solutions,Small,Tech,Product Manager,Mid,True,"LLMs, generative AI",0.68,"Business Analysis, Communication, Project Management, Cloud Computing, Data Analysis, Python","LLMs, generative AI",114705,9.9,0.19,True,High,2,Mature
605f8b36-2461-423d-be56-14447e1c6b21,2020,Poland,Europe,Seoul,Prime Technologies,Medium,Agriculture,ML Engineer,Senior,False,,0.18,"SQL, Data Analysis, Cloud Computing",Not Specified,77735,-1.31,0.69,False,High,12,Growing
fb1cf630-a174-4557-968c-13c442ea3590,2018,Indonesia,Southeast Asia,New York,Global Solutions,Large,Manufacturing,Policy Analyst,Junior,True,"MLOps, reinforcement learning",0.65,"Project Management, Software Engineering, Data Analysis, Research","MLOps, reinforcement learning",54387,13.95,0.14,True,High,18,Growing
a3ecc205-fa45-4c61-9816-980f64f917d8,2020,Taiwan,East Asia,London,Global Solutions,Large,Tech,Data Scientist,Junior,True,deep learning,0.62,"Statistics, Communication, SQL, Business Analysis, Cloud Computing",deep learning,95197,17.15,0.22,True,High,1,Growing
316c91cf-d68c-4bdd-a76b-ad21ad545e7d,2022,Canada,North America,Lagos,NextGen Systems,Medium,Tech,Data Scientist,Executive,True,"reinforcement learning, generative AI, deep learning, machine learning",0.5,"Project Management, Communication, Software Engineering, Cloud Computing, SQL, Statistics","reinforcement learning, generative AI, deep learning, machine learning",130733,5.52,0.34,True,Medium,18,Mature
5f5a4fb8-b647-462f-830e-5e6c5e0e4d83,2025,Brazil,South America,Dubai,Global Analytics,Large,Agriculture,Product Manager,Intern,True,deep learning,0.85,"Research, Python, Communication, Data Analysis, Project Management, SQL",deep learning,64611,5.09,0.3,True,Low,10,Growing
34415e8b-29e6-4a0a-9608-9ca32d3a22c7,2025,Kenya,Africa,Singapore,Future Solutions,Startup,Tech,Data Scientist,Executive,True,"reinforcement learning, machine learning, computer vision",0.9,"Research, Software Engineering, Python","reinforcement learning, machine learning, computer vision",40922,5.13,0.3,True,Low,10,Mature
3b787b6e-5ebc-4e63-b6d5-03b6fde89ee1,2010,Poland,Europe,Seoul,Global Systems,Small,Healthcare,ML Engineer,Lead,False,,0.15,"Communication, Cloud Computing, Python, Research",Not Specified,51292,2.16,0.7,False,High,13,Emerging
0fabd5f1-e5a8-4821-b3f5-530f0e3780c7,2024,Sri Lanka,South Asia,Sao Paulo,Global Analytics,Enterprise,Agriculture,Software Engineer,Junior,False,,0.13,"Project Management, Data Analysis, Research",Not Specified,26479,2.4,0.78,False,High,9,Growing
b098c745-4e37-4c56-a041-6917f5b5ecc9,2023,Nigeria,Africa,Tokyo,Global Solutions,Large,Tech,AI Researcher,Mid,True,"deep learning, NLP",0.53,"Data Analysis, Software Engineering, Business Analysis, SQL, Python, Statistics","deep learning, NLP",34816,8.92,0.25,True,High,18,Mature
66b29189-e4be-4202-9df8-b7c7f21da15e,2017,Thailand,Southeast Asia,Nairobi,Future Systems,Medium,Healthcare,AI Researcher,Lead,False,,0.13,"Cloud Computing, Data Analysis, Python",Not Specified,37467,4.04,0.75,False,Low,15,Growing
3aecd80c-7e60-465b-aeda-6042a785a260,2023,Australia,Oceania,Berlin,Prime Solutions,Startup,Agriculture,Product Manager,Senior,True,"computer vision, generative AI, MLOps, reinforcement learning",0.87,"Statistics, Software Engineering, Research","computer vision, generative AI, MLOps, reinforcement learning",112936,13.91,0.23,True,Low,7,Growing
f0d5fe8d-4c16-4419-bc97-12800fbf131c,2023,China,East Asia,Bangalore,Global Systems,Medium,Agriculture,ML Engineer,Senior,False,,0.1,"Data Analysis, Research, Software Engineering",Not Specified,80599,-0.78,0.81,False,High,1,Growing
b85a4fef-71f9-4701-90c6-ab94157b2c50,2020,Qatar,Middle East,Sydney,Global Analytics,Startup,Manufacturing,Research Scientist,Intern,False,,0.04,"Research, Data Analysis, SQL, Project Management",Not Specified,74658,-3.25,0.64,False,High,5,Growing
54cb3de8-1ea4-46fb-9863-fc18395cc35c,2012,Pakistan,South Asia,Sydney,Prime Solutions,Large,Agriculture,Systems Engineer,Executive,False,,0.1,"Business Analysis, Statistics, Cloud Computing, Research, Software Engineering, Project Management",Not Specified,18932,2.98,0.8,False,Low,14,Emerging
a0ce7e51-edb7-4d21-8353-688bae6477fe,2021,New Zealand,Oceania,Dubai,Prime Technologies,Enterprise,Retail,Business Analyst,Executive,False,,0.19,"Research, Software Engineering, Python",Not Specified,96626,4.08,0.83,False,Medium,6,Growing
96771b42-4322-4772-b8cf-5af6fa84f1ce,2024,Egypt,Africa,Singapore,NextGen Analytics,Large,Manufacturing,Business Analyst,Intern,True,"reinforcement learning, generative AI, deep learning, MLOps",0.86,"Business Analysis, Data Analysis, Python, Statistics, Communication, SQL","reinforcement learning, generative AI, deep learning, MLOps",38432,6.42,0.23,True,High,17,Growing
11bb4d5d-e8fd-42b7-8ae3-e7dfb80fc930,2025,United Kingdom,Europe,London,NextGen Technologies,Enterprise,Manufacturing,Business Analyst,Mid,False,,0.06,"Data Analysis, Project Management, SQL",Not Specified,90057,-3.18,0.85,False,Medium,2,Growing
52b18844-6a6b-4116-82a3-2dfa6c333351,2012,Saudi Arabia,Middle East,Sao Paulo,Global Solutions,Enterprise,Retail,AI Researcher,Mid,False,,0.17,"Research, Data Analysis, Statistics, Python",Not Specified,49108,2.77,0.82,False,Low,16,Emerging
7453ce53-15cb-4051-8749-f5b9ef389202,2011,Japan,East Asia,Dubai,NextGen Technologies,Startup,Retail,Business Analyst,Lead,False,,0.05,"Data Analysis, Research, Project Management, Communication, SQL",Not Specified,61338,-1.4,0.69,False,Medium,1,Emerging
a0f00879-ecad-41e5-a339-27a1c8a5bbfd,2012,Saudi Arabia,Middle East,London,Prime Analytics,Small,Retail,ML Engineer,Mid,False,,0.15,"SQL, Statistics, Business Analysis, Communication, Project Management, Cloud Computing",Not Specified,54715,2.55,0.85,False,High,12,Emerging
6f956559-214f-41af-9177-4e5b867384ef,2020,Qatar,Middle East,Berlin,Future Technologies,Medium,Tech,Systems Engineer,Executive,False,,0.08,"Cloud Computing, Data Analysis, SQL, Communication, Project Management, Python",Not Specified,62799,2.66,0.72,False,Low,6,Growing
b1f311c5-7b19-4aa6-8614-a57435ace98d,2021,Japan,East Asia,Toronto,Global Analytics,Small,Manufacturing,Business Analyst,Mid,False,,0.05,"Software Engineering, Research, Project Management, Business Analysis, Cloud Computing",Not Specified,83016,-4.08,0.64,False,High,18,Growing
57fdc33d-f224-4c1e-82fb-a3804f566c5f,2019,Colombia,South America,Paris,NextGen Technologies,Medium,Manufacturing,Product Manager,Mid,True,deep learning,0.94,"Business Analysis, Project Management, Software Engineering, SQL",deep learning,62735,12.1,0.14,True,Low,17,Growing
ca2e0cc7-54d7-472c-b8b0-634277106bc3,2018,Brazil,South America,Toronto,NextGen Technologies,Enterprise,Agriculture,Systems Engineer,Mid,True,"MLOps, NLP, machine learning, reinforcement learning",0.93,"Communication, Python, Business Analysis, Statistics, Research, Software Engineering","MLOps, NLP, machine learning, reinforcement learning",69182,11.65,0.28,True,High,13,Growing
c0feb067-ea5f-45ca-a7d9-8ed7fc0e248b,2017,United States,North America,Berlin,NextGen Technologies,Small,Agriculture,Product Manager,Junior,False,,0.15,"Statistics, Communication, Software Engineering, SQL, Project Management, Python",Not Specified,89361,-2.9,0.79,False,Medium,19,Growing
7c03eb19-19fb-42a6-9948-c34ef152ad3d,2025,Australia,Oceania,Paris,Prime Solutions,Startup,Healthcare,Operations Manager,Mid,False,,0.08,"Business Analysis, Software Engineering, Python, Project Management",Not Specified,92133,-3.7,0.7,False,High,2,Growing
711dba3c-020a-4d65-8601-93041ad4c8c4,2010,Malaysia,Southeast Asia,Paris,Global Systems,Small,Tech,Product Manager,Junior,False,,0.16,"Statistics, Python, Research",Not Specified,33432,1.48,0.68,False,Medium,17,Emerging
db77f2c9-d335-4ca8-88c8-0f169ea3bc1e,2016,Kenya,Africa,London,Future Systems,Enterprise,Manufacturing,Operations Manager,Lead,False,,0.18,"Project Management, Software Engineering, Business Analysis, Python, Research",Not Specified,19923,-3.16,0.7,False,High,6,Emerging
48881a91-bd1f-45a6-b3f4-140394e3a29e,2025,Netherlands,Europe,Seoul,Future Technologies,Startup,Agriculture,Business Analyst,Executive,False,,0.08,"Communication, Project Management, Business Analysis, Python, Data Analysis, SQL",Not Specified,83218,1.67,0.67,False,Medium,18,Growing
e2235155-8d39-4e98-b06b-80db1251ee51,2015,Kenya,Africa,Singapore,NextGen Technologies,Enterprise,Retail,Policy Analyst,Junior,False,,0.02,"Python, Business Analysis, Data Analysis",Not Specified,23437,0.57,0.83,False,High,12,Emerging
58747160-097b-470f-884b-97fddcdf2d13,2020,Nepal,South Asia,Seoul,NextGen Analytics,Enterprise,Agriculture,Business Analyst,Junior,False,,0.18,"Python, Research, Statistics, Data Analysis, Communication, SQL",Not Specified,28548,4.01,0.66,False,High,12,Growing
5ed5b264-90fc-4775-be79-f2a1341a3549,2013,Netherlands,Europe,Nairobi,Future Analytics,Small,Manufacturing,Research Scientist,Intern,False,,0.06,"Data Analysis, Python, Software Engineering, Research, SQL, Project Management",Not Specified,71081,3.18,0.88,False,High,15,Emerging
e1b39043-768b-4b29-af2d-e29f4115f95f,2021,Australia,Oceania,Paris,Prime Technologies,Enterprise,Healthcare,Product Manager,Senior,True,"LLMs, machine learning, reinforcement learning",0.41,"SQL, Project Management, Python, Communication","LLMs, machine learning, reinforcement learning",133741,7.18,0.34,True,Low,0,Growing
2f8a719b-579c-478d-ab63-581037117699,2017,Egypt,Africa,London,Prime Solutions,Medium,Retail,Operations Manager,Lead,True,"reinforcement learning, deep learning, MLOps",0.78,"Python, Business Analysis, Communication, Cloud Computing, Statistics","reinforcement learning, deep learning, MLOps",28230,2.93,0.34,True,Low,6,Growing
1bcd7f9d-d843-4686-bf7f-21f6365aac3e,2022,Singapore,Southeast Asia,Lagos,Global Solutions,Enterprise,Retail,Systems Engineer,Mid,False,,0.01,"Research, SQL, Project Management, Communication, Business Analysis",Not Specified,36278,3.83,0.9,False,Low,12,Growing
d72aedd2-6ed9-4e36-b3ba-f01c198e4fbc,2015,Chile,South America,New York,Future Analytics,Startup,Retail,Data Scientist,Intern,True,computer vision,0.67,"Data Analysis, Communication, Statistics, Business Analysis, Python, Software Engineering",computer vision,63527,2.12,0.27,True,Medium,15,Emerging
e1945f75-0cc0-497e-80dd-2f7e0cd51bb0,2011,Taiwan,East Asia,Nairobi,NextGen Systems,Large,Retail,Software Engineer,Junior,False,,0.18,"Communication, Research, Data Analysis, SQL, Python",Not Specified,50327,-2.94,0.85,False,High,19,Emerging
39d90ecd-2111-4d53-b2d5-acf5206c45f8,2025,Pakistan,South Asia,Seoul,NextGen Technologies,Enterprise,Retail,AI Researcher,Intern,False,,0.16,"Python, Business Analysis, Data Analysis, Research",Not Specified,25167,-3.43,0.62,False,Low,0,Growing
3f02c47e-4d1c-41d8-98c5-7ca2da16ae92,2019,Pakistan,South Asia,Toronto,Future Technologies,Small,Retail,AI Researcher,Junior,False,,0.04,"Business Analysis, SQL, Python, Research, Cloud Computing, Communication",Not Specified,25955,0.14,0.85,False,Low,3,Growing
bb81322c-f72e-4259-a22d-c64f66b43ad2,2015,New Zealand,Oceania,Tokyo,Global Analytics,Medium,Tech,ML Engineer,Lead,False,,0.01,"Data Analysis, Business Analysis, Cloud Computing, Statistics, Software Engineering",Not Specified,66412,2.93,0.7,False,Medium,15,Emerging
1e01b262-5e70-4d8d-ae01-3b48b78244f4,2010,UAE,Middle East,Paris,NextGen Technologies,Medium,Manufacturing,Business Analyst,Intern,False,,0.11,"Business Analysis, Communication, SQL, Research, Statistics, Python",Not Specified,49021,-1.99,0.86,False,High,14,Emerging
8ebe94ff-f928-4402-98a3-580e1f59a4c4,2024,United States,North America,New York,NextGen Systems,Enterprise,Manufacturing,AI Researcher,Intern,False,,0.11,"Statistics, Business Analysis, Software Engineering, Project Management, Data Analysis",Not Specified,108636,-4.87,0.63,False,Low,3,Growing
4b62bc88-4053-4c3b-b89c-87aa414acdbc,2021,Japan,East Asia,Sydney,Future Solutions,Medium,Healthcare,Operations Manager,Lead,False,,0.06,"Statistics, Communication, Project Management",Not Specified,79312,4.03,0.61,False,High,17,Growing
7aa8f941-092d-4ef1-aba2-6364081c67c3,2016,Sweden,Europe,Nairobi,Prime Technologies,Startup,Manufacturing,ML Engineer,Junior,False,,0.06,"Research, SQL, Data Analysis",Not Specified,70652,-1.28,0.7,False,High,0,Emerging
8e219d15-db5e-49f6-841f-c738fdd7ad87,2013,South Africa,Africa,Sao Paulo,Future Solutions,Startup,Agriculture,Operations Manager,Junior,False,,0.19,"Data Analysis, Business Analysis, Cloud Computing, Python, Project Management",Not Specified,20302,-1.34,0.75,False,Low,9,Emerging
71b623fc-70e0-404e-a4e7-b6c4f7d2bfd9,2013,Argentina,South America,Bangalore,Future Analytics,Medium,Tech,Business Analyst,Mid,False,,0.14,"Project Management, SQL, Data Analysis, Cloud Computing, Python",Not Specified,34065,-1.89,0.89,False,Low,16,Emerging
ee8934bc-0475-476a-89fc-afd780370d91,2014,Argentina,South America,Singapore,Global Systems,Large,Healthcare,Policy Analyst,Senior,False,,0.2,"Data Analysis, Communication, Project Management, Python, Cloud Computing",Not Specified,34482,0.53,0.83,False,Medium,16,Emerging
e66b1313-0586-4d7d-9d21-60fbd91a875b,2016,Nigeria,Africa,Toronto,Global Systems,Enterprise,Healthcare,Business Analyst,Lead,False,,0.1,"Cloud Computing, Project Management, Business Analysis, SQL, Statistics",Not Specified,19327,4.21,0.61,False,Medium,8,Emerging
d2bf6a8f-439b-4985-b882-ce1c7f70d8ac,2022,China,East Asia,Lagos,Prime Solutions,Enterprise,Manufacturing,Product Manager,Junior,True,"LLMs, NLP, generative AI",0.47,"Research, Cloud Computing, Statistics, Python, SQL, Project Management","LLMs, NLP, generative AI",99732,16.72,0.32,True,Medium,5,Growing
6eae921f-6e7e-4e34-8188-f94789c4e3ab,2010,Poland,Europe,Paris,Prime Systems,Medium,Tech,Policy Analyst,Junior,True,deep learning,0.62,"SQL, Cloud Computing, Python",deep learning,83397,4.63,0.15,True,High,17,Emerging
3968cfab-c642-4093-90d1-f68f57fa8b57,2024,Jordan,Middle East,Toronto,Future Analytics,Small,Manufacturing,AI Researcher,Junior,True,"LLMs, computer vision, machine learning",0.84,"Python, Communication, Business Analysis, Research","LLMs, computer vision, machine learning",86535,14.48,0.38,True,Low,19,Growing
74c8e26d-ca8d-45ef-90cb-6963fa99e388,2021,Egypt,Africa,New York,NextGen Technologies,Enterprise,Healthcare,AI Researcher,Executive,False,,0.16,"Data Analysis, Project Management, Statistics, Business Analysis, Cloud Computing",Not Specified,25936,4.81,0.83,False,High,8,Growing
e02ceb08-fc3f-4f9a-8bf3-6f7066169584,2011,South Korea,East Asia,Paris,Future Analytics,Large,Agriculture,Product Manager,Junior,False,,0.02,"Statistics, Data Analysis, SQL, Project Management, Research",Not Specified,56214,-0.68,0.75,False,Low,1,Emerging
2b2d2ceb-1050-4b18-8282-ad6f73b222ee,2011,Brazil,South America,Sao Paulo,Future Technologies,Small,Agriculture,Software Engineer,Executive,False,,0.17,"Data Analysis, SQL, Statistics",Not Specified,37177,-2.48,0.77,False,High,9,Emerging
a4d010f5-c370-48c7-a2f8-18be40a545b8,2020,Bangladesh,South Asia,Singapore,Future Systems,Startup,Healthcare,Business Analyst,Senior,False,,0.16,"Python, Research, Project Management, Business Analysis, Statistics, Communication",Not Specified,23397,-0.26,0.66,False,Medium,7,Growing
515db8db-402e-43e9-beb4-e735f1030c5f,2023,Bangladesh,South Asia,Toronto,Prime Solutions,Startup,Tech,Systems Engineer,Mid,False,,0.12,"Communication, Data Analysis, Statistics, Business Analysis, Research",Not Specified,29510,-4.41,0.86,False,High,7,Mature
c07912a9-3011-466f-82f9-7d6afda77aaf,2022,Kenya,Africa,Bangalore,Prime Solutions,Medium,Retail,AI Researcher,Intern,True,machine learning,0.47,"Statistics, Communication, Business Analysis, SQL, Research, Project Management",machine learning,38911,13.65,0.23,True,Medium,4,Growing
940f2c32-436a-4215-9143-893eab214df8,2016,China,East Asia,Seoul,Global Analytics,Large,Manufacturing,AI Researcher,Lead,False,,0.12,"Research, SQL, Communication, Project Management, Software Engineering",Not Specified,59742,-0.16,0.72,False,Low,10,Emerging
bea5b0d7-00ab-4fb9-8714-a31db3b51910,2022,United Kingdom,Europe,Nairobi,NextGen Solutions,Enterprise,Tech,Data Scientist,Senior,True,"MLOps, machine learning",0.43,"Software Engineering, Communication, Data Analysis","MLOps, machine learning",113745,12.45,0.18,True,Low,16,Mature
492618a8-0240-4533-ad6f-5f8c6b272506,2024,United Kingdom,Europe,Berlin,Global Technologies,Startup,Retail,ML Engineer,Mid,True,"MLOps, NLP, computer vision",0.73,"SQL, Software Engineering, Project Management","MLOps, NLP, computer vision",126667,12.24,0.1,True,High,5,Growing
dc4a95a5-709e-425d-a4b9-463eaac04923,2020,Australia,Oceania,Seoul,Future Systems,Medium,Retail,Business Analyst,Junior,True,NLP,0.54,"Research, SQL, Cloud Computing, Python, Business Analysis, Software Engineering",NLP,115038,8.25,0.31,True,Medium,16,Growing
20dd97a7-64e8-4da1-b213-87d8bef12b35,2013,Vietnam,Southeast Asia,Dubai,Prime Systems,Small,Agriculture,Operations Manager,Mid,False,,0.16,"Research, SQL, Cloud Computing, Data Analysis, Communication",Not Specified,31806,-3.81,0.9,False,High,7,Emerging
95e593d4-ae5e-4d8d-9b6e-de0a4910f02b,2017,Egypt,Africa,Singapore,NextGen Systems,Enterprise,Manufacturing,Data Scientist,Mid,False,,0.07,"SQL, Cloud Computing, Business Analysis",Not Specified,21725,-4.7,0.62,False,High,2,Growing
3e16ba3c-f500-43a0-90f8-f39ea8d06da9,2022,Colombia,South America,Tokyo,Global Systems,Enterprise,Healthcare,Systems Engineer,Mid,False,,0.17,"Cloud Computing, Python, Project Management",Not Specified,53180,4.82,0.86,False,High,14,Growing
d0b6d3d3-c6ef-48ec-b942-4bf11f7c48ae,2012,Israel,Middle East,Sao Paulo,Global Solutions,Medium,Agriculture,Data Scientist,Lead,False,,0.01,"Software Engineering, Statistics, Business Analysis, Cloud Computing, Python",Not Specified,59425,2.8,0.82,False,Low,7,Emerging
c3d5f083-ec09-46d7-a221-4a652aef3051,2012,Saudi Arabia,Middle East,Berlin,NextGen Technologies,Small,Retail,AI Researcher,Mid,False,,0.12,"Project Management, Cloud Computing, Software Engineering, Business Analysis, SQL, Communication",Not Specified,58461,-2.41,0.67,False,Low,8,Emerging
d3ee4111-f383-4524-aba6-8860fbdc5e39,2023,UAE,Middle East,Tokyo,NextGen Systems,Large,Manufacturing,ML Engineer,Junior,True,"MLOps, NLP, machine learning, computer vision",0.48,"Statistics, Communication, Business Analysis, Data Analysis, Software Engineering, Python","MLOps, NLP, machine learning, computer vision",104407,16.9,0.19,True,Medium,18,Growing
df3a0dcf-ea60-4db2-9f31-6a3680d2653d,2011,Spain,Europe,Paris,Future Solutions,Small,Tech,Product Manager,Mid,False,,0.04,"Software Engineering, Cloud Computing, Data Analysis",Not Specified,67187,0.78,0.8,False,High,16,Emerging
54bbd460-35c5-48ea-9e2d-667118f859e6,2014,Israel,Middle East,Lagos,Prime Analytics,Startup,Healthcare,Research Scientist,Senior,False,,0.12,"Cloud Computing, Research, Statistics, Communication",Not Specified,61550,0.23,0.84,False,Medium,6,Emerging
fdcec1e0-5934-4334-8fd7-50431b37f2cd,2014,Sri Lanka,South Asia,Lagos,Prime Solutions,Small,Healthcare,Policy Analyst,Intern,False,,0.06,"Software Engineering, Statistics, SQL, Python, Business Analysis",Not Specified,24237,1.72,0.61,False,Low,11,Emerging
3532a9aa-7932-484a-a9c5-e42f42354b2b,2024,Israel,Middle East,Lagos,Global Technologies,Startup,Retail,Data Scientist,Executive,True,"reinforcement learning, deep learning, computer vision",0.77,"Data Analysis, Research, Software Engineering, Business Analysis","reinforcement learning, deep learning, computer vision",105281,8.49,0.35,True,High,1,Growing
7e4618ce-754e-42b9-81bd-57759e94b3ca,2010,Sri Lanka,South Asia,Berlin,Future Analytics,Large,Tech,AI Researcher,Lead,False,,0.19,"Software Engineering, Python, Communication, Business Analysis, Research, Statistics",Not Specified,22099,-4.98,0.65,False,Medium,0,Emerging
c2734e47-e40b-4e60-8e39-46d577ad2b8a,2017,Brazil,South America,Lagos,Future Solutions,Small,Tech,AI Researcher,Senior,True,"reinforcement learning, deep learning",0.54,"Business Analysis, Python, Data Analysis, Project Management, Communication","reinforcement learning, deep learning",63019,-2.76,0.31,True,High,9,Growing
48581935-1633-4193-bb8d-0f3ecc2f4ca6,2014,Pakistan,South Asia,New York,Global Solutions,Enterprise,Tech,ML Engineer,Executive,True,"reinforcement learning, NLP",0.53,"Python, Business Analysis, Cloud Computing","reinforcement learning, NLP",28074,-2.25,0.28,True,High,13,Emerging
6a77b230-f6a9-43c5-8a77-9d2d217d4f67,2011,Nigeria,Africa,Bangalore,Future Technologies,Medium,Retail,Policy Analyst,Junior,False,,0.06,"Research, Project Management, Data Analysis",Not Specified,20786,-3.31,0.69,False,Medium,11,Emerging
329944c4-4e16-4002-ba77-2a060fbe7039,2015,United States,North America,London,Prime Analytics,Startup,Manufacturing,Data Scientist,Executive,False,,0.13,"SQL, Project Management, Software Engineering, Research, Business Analysis, Cloud Computing",Not Specified,86526,-2.91,0.89,False,Low,16,Emerging
ace7364e-276e-4366-909b-fefd7b36eb15,2010,South Korea,East Asia,Seoul,Prime Analytics,Large,Manufacturing,Business Analyst,Senior,False,,0.05,"Project Management, Statistics, Cloud Computing, SQL, Python, Research",Not Specified,62017,-4.57,0.76,False,Low,4,Emerging
c2fc3a80-ce4d-4507-bbd7-3440cebbd19b,2013,South Korea,East Asia,New York,Future Systems,Small,Retail,Research Scientist,Lead,False,,0.05,"Data Analysis, SQL, Business Analysis, Software Engineering",Not Specified,54522,0.04,0.84,False,Low,11,Emerging
ea72487f-28ab-4b48-8a6d-8bf0fdb75373,2015,South Africa,Africa,New York,Prime Solutions,Startup,Manufacturing,Research Scientist,Junior,False,,0.18,"Cloud Computing, SQL, Business Analysis, Research",Not Specified,23087,3.39,0.69,False,Low,4,Emerging
6079a428-42e4-44b5-b3cf-1db9ced65a78,2025,Pakistan,South Asia,Berlin,Prime Analytics,Medium,Manufacturing,Data Scientist,Junior,False,,0.01,"SQL, Communication, Business Analysis, Software Engineering",Not Specified,29603,4.48,0.66,False,Medium,16,Growing
9749555f-5956-4eb5-9e6a-b79e3aa6b134,2016,Qatar,Middle East,Dubai,NextGen Analytics,Startup,Retail,Operations Manager,Mid,False,,0.05,"Project Management, Statistics, Cloud Computing, Research",Not Specified,63415,0.48,0.76,False,Low,18,Emerging
346b369e-105c-497f-92eb-2a1038ebeabd,2016,Pakistan,South Asia,Seoul,Global Analytics,Medium,Healthcare,Research Scientist,Lead,False,,0.15,"Cloud Computing, Project Management, Research, Statistics, Communication",Not Specified,27035,-3.03,0.82,False,High,0,Emerging
edd2721b-4b5a-4ffd-8f89-14e16ff0c2d9,2013,Bangladesh,South Asia,New York,Prime Technologies,Large,Healthcare,Operations Manager,Intern,False,,0.01,"Statistics, Cloud Computing, Communication, Project Management, Software Engineering",Not Specified,19153,0.27,0.66,False,Medium,3,Emerging
f01b4ffc-a5c8-4ed5-9b65-cc0ed0b0d82f,2012,Bangladesh,South Asia,New York,Future Systems,Small,Manufacturing,AI Researcher,Executive,False,,0.14,"Data Analysis, Statistics, SQL, Communication",Not Specified,21442,-4.24,0.69,False,High,1,Emerging
11c1550a-762c-4f5a-965b-40911221f348,2011,France,Europe,Bangalore,Prime Analytics,Startup,Retail,Operations Manager,Senior,False,,0.02,"SQL, Data Analysis, Python, Communication, Cloud Computing, Project Management",Not Specified,52931,4.97,0.73,False,Medium,7,Emerging
cf304474-3d34-4a7f-95b4-20b53bdb62bc,2020,Thailand,Southeast Asia,Sao Paulo,NextGen Analytics,Medium,Retail,Systems Engineer,Senior,False,,0.09,"SQL, Business Analysis, Data Analysis",Not Specified,43161,2.24,0.63,False,Medium,6,Growing
6d1987d0-ecfe-4400-8792-5103f0498ba4,2022,Chile,South America,Sao Paulo,Global Analytics,Startup,Healthcare,Research Scientist,Mid,True,"LLMs, computer vision",0.77,"Project Management, Communication, Cloud Computing, Python, Business Analysis","LLMs, computer vision",76123,12.2,0.19,True,Low,6,Growing
50b85590-7c3c-4f96-b2be-28eb8b7f0827,2023,South Korea,East Asia,Toronto,Future Systems,Enterprise,Healthcare,Product Manager,Mid,True,"MLOps, computer vision, generative AI, deep learning",0.8,"Project Management, Software Engineering, Statistics","MLOps, computer vision, generative AI, deep learning",91172,17.42,0.35,True,Low,3,Growing
2c851495-e505-4cef-8727-54bea7890205,2020,China,East Asia,Berlin,NextGen Analytics,Large,Retail,ML Engineer,Lead,False,,0.06,"Project Management, Statistics, Software Engineering, Communication, Cloud Computing, Data Analysis",Not Specified,71080,3.56,0.8,False,Medium,8,Growing
3d47951c-384a-43bb-8cfc-a52d18604829,2023,India,South Asia,London,Global Systems,Startup,Tech,Systems Engineer,Executive,True,"LLMs, deep learning, NLP",0.81,"Python, Software Engineering, Business Analysis, Communication, SQL, Data Analysis","LLMs, deep learning, NLP",35744,9.46,0.4,True,Medium,7,Mature
2488a4cc-b004-469c-9bde-f9de2670b07b,2014,New Zealand,Oceania,Nairobi,Future Technologies,Small,Tech,ML Engineer,Intern,False,,0.03,"Project Management, Research, Cloud Computing, Business Analysis, Software Engineering",Not Specified,83189,2.78,0.73,False,Low,7,Emerging
b28d9ac3-5f4c-49bc-a0df-d777a8c697e5,2013,Brazil,South America,Seoul,Global Systems,Small,Tech,Operations Manager,Executive,False,,0.17,"Communication, Cloud Computing, Project Management, Data Analysis",Not Specified,39097,-4.61,0.8,False,Low,6,Emerging
32af7390-9e3e-45c0-8333-3da0b72b31bd,2022,Kenya,Africa,New York,Future Solutions,Startup,Manufacturing,AI Researcher,Mid,True,reinforcement learning,0.65,"Project Management, Software Engineering, SQL",reinforcement learning,37769,16.13,0.12,True,High,7,Growing
b84ce3d8-a543-4e21-a848-05fd0013f994,2025,Jordan,Middle East,Paris,Future Solutions,Small,Healthcare,Research Scientist,Executive,False,,0.01,"Communication, Data Analysis, Research",Not Specified,80959,3.73,0.73,False,Low,14,Growing
ec2a9554-1942-46eb-8ad1-6aebe3e95b83,2025,Japan,East Asia,Toronto,Future Analytics,Large,Manufacturing,Systems Engineer,Junior,False,,0.08,"Communication, Research, Project Management",Not Specified,71035,4.7,0.61,False,High,17,Growing
ba66abf8-0ed8-41d8-abd9-e91c54572c06,2018,Australia,Oceania,Tokyo,Global Systems,Startup,Agriculture,Product Manager,Executive,False,,0.15,"Statistics, Python, Cloud Computing, Business Analysis",Not Specified,88964,-3.14,0.75,False,Low,8,Growing
dd045b4a-ae2e-422c-b2cf-4818a1ecaffd,2013,Germany,Europe,Berlin,Global Solutions,Startup,Healthcare,Product Manager,Mid,False,,0.17,"Python, Statistics, Cloud Computing, SQL, Business Analysis, Research",Not Specified,69941,0.38,0.82,False,Low,4,Emerging
e19fda98-e564-4de2-b8e7-8885b2766b78,2021,Nepal,South Asia,Sao Paulo,Global Systems,Small,Manufacturing,Product Manager,Executive,True,"LLMs, generative AI, deep learning",0.81,"Research, Communication, Cloud Computing","LLMs, generative AI, deep learning",33704,5.77,0.24,True,High,1,Growing
0c352492-24e1-459f-869e-a08d953208f1,2010,Bangladesh,South Asia,Toronto,Global Solutions,Large,Manufacturing,Software Engineer,Junior,True,"NLP, reinforcement learning, computer vision",0.51,"Python, Business Analysis, Project Management","NLP, reinforcement learning, computer vision",27905,2.63,0.14,True,Medium,1,Emerging
597fae58-ebf8-402e-ab04-d4594f3a08be,2015,China,East Asia,Paris,Global Solutions,Large,Healthcare,Operations Manager,Lead,False,,0.14,"Software Engineering, Business Analysis, Cloud Computing, SQL, Research, Project Management",Not Specified,68753,2.64,0.72,False,High,16,Emerging
d0e57b7c-108e-4eb8-a925-bf3b4696b0b8,2024,India,South Asia,New York,Global Technologies,Medium,Tech,AI Researcher,Junior,True,"NLP, deep learning, machine learning",0.83,"Python, SQL, Research","NLP, deep learning, machine learning",43759,14.0,0.19,True,High,5,Mature
3800a81f-ef0b-48cb-bb27-4219f9f1058d,2017,Jordan,Middle East,London,NextGen Systems,Startup,Manufacturing,Product Manager,Intern,False,,0.07,"Python, Research, Communication",Not Specified,60619,4.12,0.65,False,High,19,Growing
7278bacf-28d7-4a01-936e-f922b6acc970,2022,China,East Asia,Bangalore,Future Technologies,Enterprise,Agriculture,ML Engineer,Mid,True,reinforcement learning,0.81,"Communication, Research, Software Engineering, Project Management, SQL",reinforcement learning,97245,14.4,0.38,True,High,3,Growing
d8852de8-3ebb-48a3-bf28-2c956035f7fa,2024,Germany,Europe,Sao Paulo,Prime Systems,Large,Manufacturing,Research Scientist,Senior,True,"computer vision, generative AI, LLMs, deep learning",0.6,"Research, SQL, Project Management, Cloud Computing, Business Analysis, Python","computer vision, generative AI, LLMs, deep learning",122825,7.05,0.26,True,Low,4,Growing
a4b1c09f-0b92-4bf8-a5de-7ea5410341c9,2025,Mexico,North America,Tokyo,Global Systems,Startup,Manufacturing,Policy Analyst,Mid,True,"MLOps, NLP",0.75,"Research, Communication, Data Analysis, Software Engineering, Cloud Computing, Business Analysis","MLOps, NLP",121547,14.57,0.38,True,Low,5,Growing
251e12ad-a190-4a89-bb73-4cb54ae48ea6,2022,Mexico,North America,Berlin,Future Analytics,Small,Retail,AI Researcher,Senior,False,,0.09,"SQL, Business Analysis, Python",Not Specified,89286,0.23,0.72,False,High,19,Growing
2c6d2161-304d-4898-8a48-b4836eeb85f9,2023,Indonesia,Southeast Asia,Seoul,Future Systems,Large,Tech,Research Scientist,Senior,True,"NLP, MLOps, generative AI, LLMs",0.9,"Research, Python, Cloud Computing, SQL, Software Engineering, Statistics","NLP, MLOps, generative AI, LLMs",63035,11.12,0.26,True,Medium,16,Mature
efbf0954-2d66-46dd-89ff-d299ca2072b2,2020,Nigeria,Africa,Paris,Global Analytics,Large,Agriculture,Operations Manager,Intern,False,,0.07,"Software Engineering, Cloud Computing, Data Analysis",Not Specified,23708,3.13,0.8,False,Medium,2,Growing
c4d48bcd-8850-4683-83ee-d0c4730455dc,2024,New Zealand,Oceania,Dubai,Prime Solutions,Large,Retail,Policy Analyst,Senior,True,"deep learning, MLOps, computer vision, NLP",0.88,"Project Management, Communication, Cloud Computing","deep learning, MLOps, computer vision, NLP",114690,16.12,0.3,True,Medium,8,Growing
4af0de7e-23ee-407b-8a31-70d02a5f47db,2011,India,South Asia,Sydney,Global Technologies,Medium,Manufacturing,Data Scientist,Senior,False,,0.11,"Project Management, Business Analysis, Communication, Research, Data Analysis",Not Specified,19722,-4.44,0.82,False,High,12,Emerging
60cdd74a-ff61-4ab2-b413-3e56906f335e,2023,Chile,South America,Bangalore,Global Technologies,Enterprise,Retail,Operations Manager,Intern,True,"computer vision, NLP, machine learning, MLOps",0.7,"Research, Software Engineering, Python, SQL, Statistics, Business Analysis","computer vision, NLP, machine learning, MLOps",70248,14.59,0.26,True,Low,2,Growing
519d6962-5d07-45f2-9be6-77097d30f389,2013,UAE,Middle East,Berlin,Global Analytics,Small,Agriculture,Research Scientist,Senior,False,,0.13,"Cloud Computing, Business Analysis, Software Engineering, Python, Data Analysis, Project Management",Not Specified,53378,-4.57,0.72,False,Medium,5,Emerging
9d43c2eb-830c-4218-a9ba-ae90b8b03b32,2011,Canada,North America,Sydney,NextGen Systems,Enterprise,Tech,Software Engineer,Intern,True,machine learning,0.43,"Business Analysis, Research, Software Engineering",machine learning,105601,-0.82,0.1,True,Low,19,Emerging
ed4b0af1-1ba2-4c5b-83da-324e5507695a,2011,Mexico,North America,Bangalore,Future Analytics,Small,Manufacturing,Business Analyst,Mid,False,,0.19,"Cloud Computing, Python, Software Engineering",Not Specified,77200,3.45,0.67,False,High,9,Emerging
d7345ec2-74c4-40f0-81f7-b7fcc142f178,2014,Netherlands,Europe,New York,Prime Analytics,Startup,Healthcare,Business Analyst,Executive,False,,0.19,"Statistics, Project Management, Data Analysis, Software Engineering",Not Specified,69717,3.37,0.83,False,Medium,3,Emerging
a2a3c3e6-cc53-42df-99a9-54a658b6cbad,2025,Australia,Oceania,Sydney,Prime Technologies,Startup,Tech,Software Engineer,Mid,False,,0.09,"Communication, Research, Cloud Computing, Statistics, Business Analysis",Not Specified,103081,-1.94,0.63,False,High,8,Mature
ab00e0ce-cc60-4f6a-aaca-0a96c977ed6d,2010,Sri Lanka,South Asia,Singapore,Global Systems,Medium,Tech,ML Engineer,Lead,False,,0.17,"SQL, Project Management, Communication, Business Analysis, Cloud Computing, Statistics",Not Specified,19910,-3.1,0.67,False,Low,19,Emerging
c0901323-8fc4-4aeb-a041-d26d72636e26,2024,Bangladesh,South Asia,Seoul,Future Technologies,Startup,Tech,Product Manager,Executive,True,MLOps,0.45,"Statistics, Data Analysis, Communication, SQL",MLOps,41068,14.68,0.32,True,Medium,0,Mature
07b15bfb-d331-41af-87e8-970c5a3152c4,2014,Taiwan,East Asia,New York,Prime Systems,Small,Agriculture,Data Scientist,Mid,False,,0.12,"Project Management, SQL, Cloud Computing",Not Specified,61958,-0.48,0.76,False,Medium,18,Emerging
29226b51-0adc-46ba-a659-2d9125f16503,2016,Spain,Europe,Nairobi,NextGen Analytics,Large,Agriculture,ML Engineer,Lead,False,,0.04,"Research, Cloud Computing, SQL, Python, Statistics",Not Specified,67784,-0.15,0.67,False,Medium,11,Emerging
2dda205e-848f-43f6-9efa-9d18ce22874d,2011,Brazil,South America,London,Prime Technologies,Small,Tech,Policy Analyst,Senior,True,deep learning,0.59,"Data Analysis, Cloud Computing, Research, Business Analysis",deep learning,44923,1.59,0.2,True,High,15,Emerging
0bd655ce-a79e-4ff9-a56e-b36dbc9468f5,2023,Australia,Oceania,Singapore,NextGen Systems,Startup,Tech,Business Analyst,Senior,False,,0.12,"Software Engineering, Data Analysis, Communication",Not Specified,85004,1.44,0.71,False,Low,2,Mature
2b83ce19-5ac0-485c-87dc-1087cb006ea7,2016,Australia,Oceania,Tokyo,Prime Systems,Enterprise,Agriculture,Systems Engineer,Lead,False,,0.2,"Business Analysis, Research, Cloud Computing, Communication, Data Analysis, Software Engineering",Not Specified,67802,1.74,0.81,False,Medium,18,Emerging
24a44158-2028-4281-94e0-a1f8954ede87,2015,Sweden,Europe,Paris,NextGen Technologies,Small,Retail,Policy Analyst,Senior,False,,0.09,"Python, Data Analysis, SQL",Not Specified,60381,3.48,0.63,False,Low,13,Emerging
f3d187c5-3647-4369-bf77-a6284fdd7fdd,2025,Taiwan,East Asia,Bangalore,NextGen Solutions,Large,Manufacturing,ML Engineer,Mid,False,,0.07,"Research, Data Analysis, Statistics, Software Engineering, Python",Not Specified,76468,-1.87,0.62,False,High,11,Growing
79364da6-079f-4b6a-a38b-73a4893e566d,2021,Brazil,South America,New York,Future Analytics,Enterprise,Manufacturing,Product Manager,Junior,False,,0.09,"Data Analysis, Statistics, Cloud Computing, Research, SQL",Not Specified,51160,-1.26,0.82,False,Low,16,Growing
9e4f8444-75ea-4742-a6f2-41d25fa9d340,2017,Australia,Oceania,Toronto,NextGen Technologies,Large,Healthcare,Product Manager,Junior,True,"reinforcement learning, NLP, machine learning, deep learning",0.65,"SQL, Research, Software Engineering","reinforcement learning, NLP, machine learning, deep learning",107602,3.24,0.29,True,Medium,2,Growing
c0554227-bda5-4247-b754-34cece726193,2011,Indonesia,Southeast Asia,Toronto,NextGen Analytics,Enterprise,Agriculture,Business Analyst,Senior,False,,0.05,"Python, SQL, Research",Not Specified,32420,0.29,0.65,False,Low,11,Emerging
3b5052d2-dccc-4709-a439-913440201ee4,2024,Ghana,Africa,London,Prime Technologies,Startup,Retail,Product Manager,Executive,False,,0.04,"Communication, Software Engineering, SQL, Project Management, Business Analysis",Not Specified,26607,2.34,0.81,False,Medium,5,Growing
491d76f3-99df-48e0-9726-834bf0a040bc,2022,Colombia,South America,Tokyo,Future Solutions,Startup,Manufacturing,Business Analyst,Senior,False,,0.02,"Data Analysis, Research, Python, Cloud Computing, Business Analysis, SQL",Not Specified,46012,-3.22,0.77,False,Medium,4,Growing
93e48a2e-829a-41ef-a1d6-27243d7b71c8,2022,South Korea,East Asia,Toronto,Future Solutions,Large,Retail,AI Researcher,Mid,True,generative AI,0.94,"Software Engineering, Communication, Python, Research, Data Analysis",generative AI,114590,7.25,0.3,True,Low,13,Growing
628e9483-240d-4ceb-a785-393831d35059,2019,Canada,North America,Toronto,Future Analytics,Large,Agriculture,Research Scientist,Intern,False,,0.12,"Business Analysis, Statistics, SQL, Data Analysis, Communication, Research",Not Specified,84550,4.11,0.66,False,Medium,0,Growing
25b460a1-055a-4dbf-9d54-cc0446e6f7be,2020,Bangladesh,South Asia,Sydney,NextGen Solutions,Small,Agriculture,ML Engineer,Mid,False,,0.19,"Research, Statistics, Python",Not Specified,25678,-3.16,0.68,False,Medium,16,Growing
129f5791-c049-41c8-961f-4276f631acb7,2022,United States,North America,Sao Paulo,Global Systems,Large,Tech,Research Scientist,Junior,True,"MLOps, deep learning, NLP, machine learning",0.68,"Project Management, Communication, Statistics, SQL, Cloud Computing, Software Engineering","MLOps, deep learning, NLP, machine learning",118383,7.79,0.35,True,Low,10,Mature
e0a258fe-b23c-46e3-89aa-66201b5f34d5,2012,Nigeria,Africa,London,Global Technologies,Enterprise,Tech,AI Researcher,Senior,False,,0.03,"Research, Communication, Statistics, Project Management",Not Specified,21198,0.21,0.63,False,High,1,Emerging
3db386b4-c97f-46cd-8096-afa324e38e9f,2024,Argentina,South America,Sao Paulo,Prime Solutions,Startup,Manufacturing,Systems Engineer,Senior,False,,0.11,"Statistics, Python, Data Analysis, SQL",Not Specified,45361,0.87,0.81,False,High,0,Growing
7ff1d2d6-02df-4e10-83b9-b54fdd411fa8,2017,Qatar,Middle East,Paris,NextGen Solutions,Startup,Tech,Software Engineer,Lead,False,,0.05,"Project Management, Statistics, Business Analysis, Communication",Not Specified,63634,3.48,0.68,False,Low,0,Growing
c0588789-b7a4-4571-86b8-aeeca5a4bfe9,2012,Philippines,Southeast Asia,Berlin,NextGen Systems,Startup,Tech,Policy Analyst,Lead,False,,0.1,"Research, Python, Communication, Statistics, Software Engineering",Not Specified,34021,2.42,0.64,False,Medium,2,Emerging
302c8f66-277c-457d-aa9f-69744372fefe,2023,Malaysia,Southeast Asia,Nairobi,Future Technologies,Small,Healthcare,AI Researcher,Mid,True,"MLOps, computer vision, deep learning, reinforcement learning",0.95,"Python, Data Analysis, Communication, Software Engineering","MLOps, computer vision, deep learning, reinforcement learning",53802,11.94,0.18,True,Medium,12,Growing
7a024690-52b1-4ee5-a23e-0e06f10f16fc,2013,China,East Asia,Tokyo,Global Analytics,Small,Retail,Product Manager,Executive,False,,0.19,"Business Analysis, Project Management, Communication, SQL, Software Engineering",Not Specified,57240,1.24,0.72,False,Low,18,Emerging
00684b19-0862-4e8c-8c72-9f75a7c90599,2018,Peru,South America,Dubai,Prime Systems,Large,Retail,ML Engineer,Junior,False,,0.05,"Project Management, Python, Business Analysis, Research, Cloud Computing, SQL",Not Specified,49502,-2.81,0.67,False,Medium,14,Growing
7f627af0-5468-4821-92cf-71244a63f649,2013,Canada,North America,Nairobi,Global Analytics,Large,Agriculture,Systems Engineer,Executive,False,,0.15,"Cloud Computing, SQL, Python, Data Analysis",Not Specified,86295,1.41,0.76,False,Medium,12,Emerging
d305452c-57a3-47da-a519-7fc170b8df20,2015,Philippines,Southeast Asia,Seoul,Future Technologies,Small,Manufacturing,Operations Manager,Intern,False,,0.16,"SQL, Project Management, Software Engineering, Business Analysis, Data Analysis, Research",Not Specified,30688,4.36,0.8,False,Medium,17,Emerging
4575002c-980e-4ae7-b96d-709d9dedcaeb,2013,Taiwan,East Asia,Toronto,Future Systems,Small,Manufacturing,Policy Analyst,Lead,False,,0.19,"Python, Communication, Data Analysis, Software Engineering, Research, Cloud Computing",Not Specified,61287,-2.69,0.71,False,High,5,Emerging
4f62f9da-99b8-404a-b479-37fa20a1b213,2022,Australia,Oceania,Nairobi,Global Systems,Small,Tech,ML Engineer,Junior,False,,0.18,"SQL, Project Management, Data Analysis",Not Specified,81393,-2.09,0.86,False,Low,13,Mature
49c9be5c-0421-4ca5-b26b-4d8165351c92,2014,Mexico,North America,Lagos,Prime Technologies,Enterprise,Healthcare,Systems Engineer,Junior,False,,0.12,"Data Analysis, Project Management, Research, Statistics",Not Specified,71084,-4.98,0.88,False,Low,0,Emerging
210834c0-b076-48c0-a22b-21af7237df3e,2015,Spain,Europe,Bangalore,Global Analytics,Medium,Agriculture,Business Analyst,Executive,False,,0.03,"Python, Communication, Business Analysis, Data Analysis, Cloud Computing, Statistics",Not Specified,58823,-1.11,0.64,False,High,5,Emerging
b33a6724-9920-4145-8e90-2a0d2698eeb5,2023,Qatar,Middle East,Bangalore,Future Systems,Small,Tech,Policy Analyst,Junior,True,"reinforcement learning, computer vision",0.72,"Data Analysis, Business Analysis, Communication","reinforcement learning, computer vision",100418,5.28,0.34,True,Medium,17,Mature
f1a7e794-0c1e-4360-9f34-8ee3eae31c38,2015,Poland,Europe,Bangalore,Global Systems,Small,Retail,ML Engineer,Senior,False,,0.04,"Communication, Python, Statistics, Project Management, Data Analysis",Not Specified,77299,-2.1,0.67,False,Low,4,Emerging
614ef216-423e-4d3b-aa73-8817d3e89f9d,2014,Italy,Europe,Lagos,Prime Analytics,Medium,Tech,AI Researcher,Executive,True,"deep learning, MLOps, machine learning, NLP",0.65,"Cloud Computing, Python, Research, Business Analysis, SQL","deep learning, MLOps, machine learning, NLP",90655,-3.86,0.14,True,Low,0,Emerging
68791286-4fd9-45bd-a8ab-18bd56d9b5cd,2024,Sweden,Europe,New York,Future Analytics,Enterprise,Agriculture,Data Scientist,Executive,False,,0.12,"Software Engineering, Project Management, Python, Business Analysis",Not Specified,75041,-0.23,0.89,False,High,7,Growing
cda45bb8-b346-4494-94c3-d0fd270c3eb5,2011,Australia,Oceania,New York,Global Technologies,Startup,Tech,Policy Analyst,Junior,False,,0.04,"Python, Project Management, Software Engineering",Not Specified,57145,-4.11,0.62,False,High,3,Emerging
21046feb-c05b-4bb6-9a93-202a26e349dc,2012,Vietnam,Southeast Asia,Paris,NextGen Technologies,Medium,Retail,Policy Analyst,Junior,False,,0.19,"SQL, Statistics, Software Engineering, Data Analysis, Business Analysis, Research",Not Specified,35808,2.44,0.62,False,High,12,Emerging
4d3f862a-b8f1-4858-bbc8-e7cd3c9cdbeb,2018,South Africa,Africa,Paris,Future Technologies,Medium,Healthcare,ML Engineer,Intern,False,,0.08,"Python, SQL, Cloud Computing",Not Specified,19360,-0.15,0.78,False,Low,3,Growing
65e75b9e-df9b-4720-b24a-92b0592faf42,2023,United States,North America,Bangalore,Global Technologies,Enterprise,Tech,Product Manager,Intern,True,MLOps,0.65,"Statistics, Cloud Computing, Data Analysis",MLOps,117625,14.35,0.1,True,Low,7,Mature
32838f2f-d455-4068-9ceb-e273fbc9e381,2023,Japan,East Asia,Toronto,Prime Technologies,Large,Agriculture,Policy Analyst,Senior,True,LLMs,0.56,"Cloud Computing, Project Management, Research, SQL, Statistics, Communication",LLMs,106129,17.55,0.29,True,High,17,Growing
7947ae41-498f-4419-ab54-f27b0c443d75,2014,New Zealand,Oceania,Singapore,Future Systems,Enterprise,Retail,AI Researcher,Executive,False,,0.06,"Statistics, Project Management, Communication",Not Specified,76206,1.91,0.71,False,Low,2,Emerging
d6303414-c631-477b-be74-0bd7d930ff2e,2016,Nigeria,Africa,Dubai,NextGen Analytics,Small,Retail,ML Engineer,Intern,True,"reinforcement learning, computer vision, NLP",0.44,"Project Management, SQL, Cloud Computing, Data Analysis, Communication, Research","reinforcement learning, computer vision, NLP",27661,2.7,0.38,True,Medium,11,Emerging
1f0635af-77ca-480e-bdf0-69f74d44ec37,2020,Saudi Arabia,Middle East,Lagos,Future Analytics,Large,Agriculture,Software Engineer,Intern,False,,0.0,"Python, Research, SQL, Business Analysis, Communication, Project Management",Not Specified,57538,1.86,0.9,False,Medium,10,Growing
aaf301f3-c195-4119-8029-418fdb9c2987,2019,Netherlands,Europe,Paris,Global Technologies,Large,Agriculture,Data Scientist,Senior,True,"machine learning, MLOps, NLP",0.58,"Statistics, Cloud Computing, Software Engineering","machine learning, MLOps, NLP",93634,16.19,0.33,True,Low,1,Growing
472c16dc-8697-49f5-b9bc-33b358118d62,2024,Sri Lanka,South Asia,Berlin,Prime Systems,Small,Tech,Data Scientist,Intern,True,computer vision,0.81,"Business Analysis, Communication, Research, Python",computer vision,34850,14.9,0.19,True,Medium,6,Mature
d1e137e7-6156-48d2-92f2-d2082d46d191,2012,Poland,Europe,Sydney,Future Solutions,Enterprise,Retail,Research Scientist,Lead,False,,0.18,"Statistics, Data Analysis, Cloud Computing",Not Specified,60482,4.69,0.82,False,Low,15,Emerging
b2a40ff3-aa3f-4644-91fa-1f5cf7741895,2011,Pakistan,South Asia,Lagos,NextGen Systems,Small,Agriculture,Software Engineer,Mid,False,,0.0,"Project Management, Research, Business Analysis, Communication, Software Engineering, Cloud Computing",Not Specified,22643,-1.21,0.76,False,Medium,8,Emerging
3e28e610-8e98-43f1-b514-eaeb666408ab,2013,United States,North America,Lagos,Global Systems,Medium,Retail,ML Engineer,Intern,False,,0.12,"Statistics, Software Engineering, Python",Not Specified,80883,0.07,0.83,False,Low,5,Emerging
3dd1b436-2b3b-4f97-b4f3-945b75dc0c90,2020,New Zealand,Oceania,Paris,NextGen Technologies,Large,Retail,AI Researcher,Mid,False,,0.2,"Project Management, Python, Cloud Computing, Communication, Research",Not Specified,81570,-4.2,0.68,False,Medium,5,Growing
25707ea0-c58a-430c-a81a-05c96d8137ce,2010,Indonesia,Southeast Asia,Dubai,Global Analytics,Startup,Retail,Software Engineer,Executive,False,,0.04,"SQL, Data Analysis, Cloud Computing",Not Specified,34344,-2.15,0.63,False,Low,10,Emerging
04b280be-8a92-4126-9724-ec857d19b910,2022,China,East Asia,Seoul,NextGen Analytics,Small,Healthcare,Operations Manager,Junior,False,,0.13,"Business Analysis, Python, Statistics, Data Analysis, Communication, Cloud Computing",Not Specified,80283,-0.82,0.71,False,Low,16,Growing
3504b43b-2da5-4af6-b3dd-505aac49539f,2015,United States,North America,Seoul,Prime Technologies,Large,Healthcare,Research Scientist,Mid,False,,0.11,"Data Analysis, Python, Statistics, SQL, Research",Not Specified,70558,3.78,0.62,False,Low,1,Emerging
11aa949c-377d-464f-80fa-e96291ef0a1d,2015,Chile,South America,Dubai,Global Solutions,Medium,Retail,Product Manager,Senior,False,,0.16,"Communication, Data Analysis, Research, Cloud Computing, Project Management, SQL",Not Specified,40686,-0.46,0.77,False,Medium,17,Emerging
dc589fa1-765e-4a9d-84c2-6a1484593413,2010,India,South Asia,Sao Paulo,Future Systems,Enterprise,Tech,Business Analyst,Executive,True,"machine learning, MLOps",0.63,"Communication, Project Management, Business Analysis, Research, Statistics, Software Engineering","machine learning, MLOps",28113,-2.6,0.27,True,Low,18,Emerging
102dc0b2-9465-4285-a1b1-6c393d2670b7,2011,Peru,South America,Nairobi,Future Systems,Enterprise,Tech,Business Analyst,Executive,True,computer vision,0.53,"Communication, Software Engineering, Project Management",computer vision,45327,-4.05,0.28,True,Medium,16,Emerging
6aadb15d-5544-495d-8da9-ed93ea62765b,2024,Nepal,South Asia,London,Global Analytics,Large,Agriculture,Data Scientist,Executive,False,,0.12,"Communication, Cloud Computing, Business Analysis, Project Management, Research",Not Specified,31435,-4.1,0.79,False,Medium,3,Growing
016d2805-a133-4e33-be18-c603a487e31d,2020,United States,North America,Paris,NextGen Analytics,Enterprise,Agriculture,ML Engineer,Junior,True,"deep learning, MLOps",0.58,"Research, SQL, Software Engineering","deep learning, MLOps",112133,13.64,0.13,True,Low,12,Growing
91f25096-9433-4987-8b56-dcc5fa3d41af,2017,Singapore,Southeast Asia,Sydney,Global Analytics,Enterprise,Manufacturing,Research Scientist,Executive,False,,0.04,"Business Analysis, Software Engineering, Project Management, Research, Statistics, Cloud Computing",Not Specified,38990,-2.88,0.64,False,High,3,Growing
d964476d-4e68-48fc-8459-cbafd8df72aa,2011,Pakistan,South Asia,London,Future Solutions,Medium,Agriculture,Systems Engineer,Junior,False,,0.18,"Cloud Computing, Communication, SQL, Research",Not Specified,23297,-0.08,0.74,False,Low,2,Emerging
b8f2d967-25ca-4698-afca-04f48f82efe6,2024,Australia,Oceania,Tokyo,Global Analytics,Startup,Retail,Research Scientist,Senior,False,,0.11,"Project Management, Research, Data Analysis, Cloud Computing",Not Specified,89170,-4.96,0.67,False,Medium,16,Growing
e5209fd7-53ce-4fa9-bb99-646fa963bcf9,2010,Thailand,Southeast Asia,Tokyo,NextGen Technologies,Small,Manufacturing,Policy Analyst,Lead,False,,0.06,"SQL, Python, Statistics, Project Management, Data Analysis, Software Engineering",Not Specified,32562,1.95,0.62,False,High,19,Emerging
9b9409de-f3d7-4041-81a7-fd87dac1d17c,2023,Nigeria,Africa,Toronto,Prime Analytics,Large,Healthcare,ML Engineer,Senior,True,MLOps,0.72,"Communication, Cloud Computing, Data Analysis",MLOps,34085,16.43,0.12,True,High,15,Growing
575e0a22-e268-46c4-ae90-d489e0ef1b25,2014,Sri Lanka,South Asia,Seoul,NextGen Technologies,Enterprise,Agriculture,Research Scientist,Intern,False,,0.01,"Software Engineering, SQL, Business Analysis, Data Analysis",Not Specified,21361,-4.07,0.74,False,Low,3,Emerging
c736b01f-3e27-4051-9819-1a65d9fb76f0,2011,South Korea,East Asia,Seoul,NextGen Systems,Large,Tech,Software Engineer,Junior,False,,0.01,"SQL, Data Analysis, Statistics, Cloud Computing",Not Specified,59785,3.05,0.73,False,Medium,15,Emerging
9b0a4107-4c76-45dd-93b8-b949f9c0a891,2024,Spain,Europe,Sao Paulo,Prime Systems,Enterprise,Manufacturing,ML Engineer,Junior,False,,0.06,"Python, SQL, Project Management, Data Analysis, Statistics",Not Specified,87013,1.95,0.67,False,High,14,Growing
97d52443-9647-4f31-bec8-4a3bf0d3a992,2019,China,East Asia,Singapore,Prime Technologies,Large,Retail,Research Scientist,Mid,False,,0.16,"Python, Statistics, Research, SQL, Data Analysis",Not Specified,74104,-1.38,0.67,False,Low,3,Growing
961390f5-1c72-4a04-b37e-1a4e2920cfbf,2014,China,East Asia,Seoul,NextGen Solutions,Medium,Agriculture,Software Engineer,Intern,False,,0.05,"Project Management, Python, SQL, Business Analysis",Not Specified,60101,-4.47,0.79,False,High,6,Emerging
9a2e1063-0554-48c4-a024-d7542ee611f8,2010,Peru,South America,Dubai,Global Solutions,Small,Manufacturing,AI Researcher,Senior,False,,0.15,"Cloud Computing, Communication, Business Analysis, Software Engineering, Research",Not Specified,39247,-4.68,0.7,False,Medium,9,Emerging
ede50a63-698d-44f9-be4d-d41229d24022,2012,Germany,Europe,Seoul,Global Technologies,Large,Tech,ML Engineer,Senior,False,,0.12,"Statistics, SQL, Software Engineering",Not Specified,66214,4.51,0.66,False,Low,1,Emerging
cc87fe9a-b33f-4efe-81b1-ffe951d37556,2019,UAE,Middle East,Bangalore,Prime Systems,Large,Manufacturing,Product Manager,Executive,True,"deep learning, MLOps, reinforcement learning, machine learning",0.68,"Project Management, Statistics, Python, Data Analysis, Business Analysis, Software Engineering","deep learning, MLOps, reinforcement learning, machine learning",76591,5.85,0.19,True,Medium,7,Growing
1f957a38-c85a-446e-9352-9eaa425e3907,2019,Philippines,Southeast Asia,New York,NextGen Technologies,Startup,Agriculture,Data Scientist,Junior,False,,0.16,"Software Engineering, Statistics, SQL, Business Analysis",Not Specified,39403,2.55,0.81,False,Low,0,Growing
5d818aa9-6e43-4896-a7bb-803e2b59e8b9,2022,South Africa,Africa,Nairobi,Future Technologies,Medium,Agriculture,Policy Analyst,Lead,False,,0.18,"SQL, Business Analysis, Research, Software Engineering, Communication",Not Specified,24438,2.66,0.62,False,Low,16,Growing
85e0d6e3-9b6a-4c9e-ae93-d250092d55bf,2014,Bangladesh,South Asia,Singapore,Future Systems,Large,Retail,Software Engineer,Senior,False,,0.14,"Communication, SQL, Research, Data Analysis, Software Engineering, Business Analysis",Not Specified,22667,1.1,0.88,False,Low,10,Emerging
4e4307b2-c9a5-41bb-a6d1-a52cb77a1032,2017,Spain,Europe,Toronto,NextGen Analytics,Medium,Retail,Policy Analyst,Intern,True,"computer vision, machine learning, deep learning",0.87,"SQL, Business Analysis, Statistics, Software Engineering","computer vision, machine learning, deep learning",109713,-2.4,0.37,True,High,15,Growing
7865ddf7-f8dc-41ec-bd20-b776adc2e6c6,2012,Kenya,Africa,Sydney,Prime Solutions,Medium,Retail,Operations Manager,Intern,False,,0.08,"Cloud Computing, Project Management, Communication, Statistics",Not Specified,20065,-0.67,0.73,False,High,12,Emerging
b1263137-c0e6-4bd4-9a36-447d20db512a,2018,Australia,Oceania,Tokyo,NextGen Analytics,Medium,Agriculture,Research Scientist,Senior,True,"NLP, machine learning, reinforcement learning, deep learning",0.73,"Business Analysis, Python, Communication, SQL","NLP, machine learning, reinforcement learning, deep learning",124219,5.32,0.35,True,High,1,Growing
9cdf00b5-e010-4ccd-95d8-c73d39d49786,2014,Jordan,Middle East,Paris,Future Systems,Small,Retail,Product Manager,Lead,False,,0.14,"Communication, Cloud Computing, Python, Research, Data Analysis, Business Analysis",Not Specified,59049,-4.24,0.66,False,Medium,2,Emerging
559eba17-125b-4ee8-99f8-df609b9719d8,2015,Argentina,South America,Sao Paulo,Prime Technologies,Startup,Tech,Product Manager,Lead,False,,0.07,"Business Analysis, Research, Cloud Computing, SQL, Python",Not Specified,38968,-3.95,0.72,False,High,5,Emerging
974c881e-5dc3-4702-9005-4e97bba9efe0,2016,Netherlands,Europe,Bangalore,NextGen Analytics,Medium,Retail,Operations Manager,Junior,False,,0.05,"Project Management, Data Analysis, Statistics, Business Analysis, Python, Research",Not Specified,60964,1.38,0.84,False,Low,2,Emerging
42bdf9a3-9a6a-458a-a1ad-d32879365357,2023,Nigeria,Africa,Tokyo,Future Solutions,Medium,Retail,ML Engineer,Executive,False,,0.12,"Python, Data Analysis, Research, Business Analysis",Not Specified,27299,-0.5,0.72,False,Medium,19,Growing
1d9492b6-1b49-4d28-a919-c134199c79c1,2021,Japan,East Asia,Sydney,Global Solutions,Startup,Manufacturing,Systems Engineer,Mid,False,,0.14,"Data Analysis, Python, Research, Cloud Computing",Not Specified,76276,2.86,0.61,False,High,19,Growing
9d2383d0-a5fa-4030-bae8-138e4f1cceb2,2012,India,South Asia,Tokyo,Prime Technologies,Large,Retail,ML Engineer,Lead,False,,0.1,"Data Analysis, Statistics, Python, Communication",Not Specified,20093,2.65,0.73,False,Low,16,Emerging
26062620-f850-4e42-bee7-11b1dd17b4cf,2021,India,South Asia,New York,NextGen Solutions,Small,Agriculture,Product Manager,Executive,False,,0.1,"Data Analysis, Business Analysis, Software Engineering, Communication, Project Management",Not Specified,23955,2.7,0.74,False,High,7,Growing
4fa07349-fdbc-44d7-a069-bbc30f5ff568,2016,Israel,Middle East,Tokyo,Global Technologies,Small,Healthcare,Operations Manager,Junior,False,,0.11,"Data Analysis, Python, Cloud Computing, Communication",Not Specified,58033,-3.29,0.62,False,High,9,Emerging
10bf8f54-e448-40e3-b445-a2d7bb0f1e7b,2010,Mexico,North America,Berlin,Prime Technologies,Medium,Tech,Policy Analyst,Intern,False,,0.06,"Data Analysis, Software Engineering, Communication, Research, SQL, Statistics",Not Specified,65261,3.13,0.66,False,Medium,14,Emerging
21989fc0-53d6-4739-865f-846f2c08ad87,2010,Indonesia,Southeast Asia,Nairobi,NextGen Technologies,Enterprise,Manufacturing,Product Manager,Executive,False,,0.05,"Communication, Cloud Computing, Research, Software Engineering, SQL",Not Specified,27656,3.24,0.9,False,High,15,Emerging
daa159b4-ca37-4584-8128-5312cfc1a1ec,2022,Nepal,South Asia,Nairobi,Future Systems,Medium,Retail,AI Researcher,Intern,False,,0.1,"Research, Software Engineering, SQL",Not Specified,29431,3.97,0.82,False,Low,13,Growing
fe2a1871-d939-4b30-81c5-986e1a4afa3a,2014,Thailand,Southeast Asia,Tokyo,Future Solutions,Medium,Manufacturing,Operations Manager,Lead,True,"reinforcement learning, machine learning",0.72,"Communication, Cloud Computing, SQL, Business Analysis, Research","reinforcement learning, machine learning",41562,2.53,0.24,True,Medium,9,Emerging
b4c8a0f0-101c-428d-bf3c-8dbaf04f909c,2020,Sweden,Europe,Singapore,Future Solutions,Enterprise,Manufacturing,Software Engineer,Mid,False,,0.04,"Cloud Computing, Communication, SQL, Data Analysis, Statistics, Python",Not Specified,88165,-1.32,0.86,False,Low,4,Growing
3271166c-eba3-4b6c-974b-d3a2fb9d8d16,2012,Netherlands,Europe,Sydney,Future Solutions,Medium,Agriculture,Data Scientist,Executive,False,,0.11,"Cloud Computing, Python, Software Engineering",Not Specified,62428,-1.24,0.63,False,Medium,19,Emerging
c0521b41-e7f7-4bf9-b0c9-e69fe746649d,2024,Chile,South America,Nairobi,Global Systems,Enterprise,Manufacturing,ML Engineer,Senior,False,,0.01,"Research, Data Analysis, Communication, Software Engineering, Cloud Computing, Python",Not Specified,46750,0.04,0.89,False,High,19,Growing
68f9dd0b-6231-4c29-8e1d-f22507f37a4d,2014,Netherlands,Europe,Seoul,Prime Solutions,Medium,Tech,Research Scientist,Lead,True,computer vision,0.43,"Data Analysis, Research, Cloud Computing, Project Management, Statistics, Software Engineering",computer vision,83897,-0.86,0.17,True,Medium,16,Emerging
1e5f2ada-c91d-47e9-a1df-f002bd2d58a8,2023,Sri Lanka,South Asia,Dubai,NextGen Systems,Medium,Tech,Policy Analyst,Lead,True,"reinforcement learning, NLP, LLMs",0.82,"Communication, Cloud Computing, Python","reinforcement learning, NLP, LLMs",39802,9.69,0.16,True,Medium,8,Mature
296a1913-0b74-45af-aabe-609ec727144f,2023,New Zealand,Oceania,Paris,Global Solutions,Small,Retail,Policy Analyst,Junior,False,,0.02,"Software Engineering, Business Analysis, Data Analysis",Not Specified,99475,0.85,0.66,False,High,0,Growing
cec3ef4e-7ed5-4d21-9ea4-00c2c12ccce7,2011,United Kingdom,Europe,Paris,Prime Systems,Startup,Healthcare,Business Analyst,Lead,False,,0.02,"Python, Data Analysis, Research, Software Engineering, Communication, Cloud Computing",Not Specified,53480,-4.12,0.89,False,Low,0,Emerging
236d7023-6f65-4842-91ca-9f3d5a06588e,2020,Brazil,South America,Berlin,Prime Systems,Small,Retail,ML Engineer,Mid,False,,0.1,"Software Engineering, Communication, Business Analysis, Python",Not Specified,45722,1.95,0.75,False,Medium,1,Growing
77353735-d093-4ad6-b7c1-c65a9d58e07b,2013,Poland,Europe,Dubai,Future Technologies,Small,Agriculture,Product Manager,Mid,False,,0.16,"Python, Project Management, Statistics",Not Specified,55807,0.16,0.89,False,High,3,Emerging
4ca20c40-b94a-4423-a7b0-0db17a0d0151,2018,Australia,Oceania,Lagos,Global Systems,Large,Retail,Systems Engineer,Executive,True,"MLOps, NLP, computer vision",0.68,"Business Analysis, Cloud Computing, Communication","MLOps, NLP, computer vision",115918,10.9,0.15,True,Medium,12,Growing
bb2154f3-b89b-4033-ac5c-70e906168c5e,2013,Saudi Arabia,Middle East,New York,Future Solutions,Large,Manufacturing,Business Analyst,Mid,False,,0.05,"Data Analysis, Software Engineering, Cloud Computing",Not Specified,54787,3.66,0.65,False,Low,5,Emerging
a704c116-91cd-4b22-a78a-f88b6c77a81d,2014,Saudi Arabia,Middle East,New York,Future Technologies,Medium,Tech,Systems Engineer,Executive,False,,0.13,"SQL, Project Management, Business Analysis, Statistics, Research, Software Engineering",Not Specified,48092,2.47,0.78,False,Low,9,Emerging
0721db1d-0fe0-4178-b53d-9d69b5380c8a,2014,New Zealand,Oceania,Lagos,Global Technologies,Medium,Agriculture,Data Scientist,Intern,False,,0.03,"Data Analysis, Software Engineering, Business Analysis, Cloud Computing",Not Specified,83474,3.68,0.6,False,Medium,11,Emerging
d19da9e1-6ea2-4ac0-89db-8d3500021bdf,2025,Colombia,South America,New York,Prime Technologies,Small,Tech,Business Analyst,Intern,False,,0.06,"Python, Software Engineering, Research",Not Specified,45969,4.38,0.83,False,High,4,Mature
7d24176a-f304-4c39-acb7-a2f9185a7af8,2013,UAE,Middle East,London,Prime Solutions,Large,Agriculture,Systems Engineer,Intern,False,,0.05,"Business Analysis, Project Management, SQL, Python",Not Specified,62593,1.06,0.67,False,Medium,18,Emerging
6053b0f3-430b-4b4b-b892-77d926c880a5,2021,South Korea,East Asia,Singapore,Future Analytics,Enterprise,Manufacturing,Systems Engineer,Junior,False,,0.15,"SQL, Business Analysis, Data Analysis, Software Engineering, Communication",Not Specified,72238,-4.4,0.76,False,Low,13,Growing
06b11fcf-9a20-4b15-bf83-c0b86cfd813d,2010,Thailand,Southeast Asia,Berlin,Prime Analytics,Medium,Retail,Operations Manager,Junior,False,,0.16,"Software Engineering, Research, Communication",Not Specified,33994,-0.24,0.61,False,High,4,Emerging
13684539-c304-42bf-a42b-f860bf280d06,2019,Morocco,Africa,London,NextGen Analytics,Large,Manufacturing,Research Scientist,Executive,False,,0.12,"Cloud Computing, Communication, Business Analysis",Not Specified,23811,-3.87,0.65,False,Low,0,Growing
b9d08fe1-abc8-446f-a7cf-dfb2aedf99d5,2012,Vietnam,Southeast Asia,Toronto,NextGen Systems,Enterprise,Manufacturing,Business Analyst,Lead,False,,0.07,"Research, Python, Statistics, Data Analysis, Communication, Software Engineering",Not Specified,33635,1.6,0.62,False,Medium,8,Emerging
9e1e6823-9398-454e-8e00-48b94d65f38c,2023,Spain,Europe,Sao Paulo,NextGen Analytics,Small,Retail,Business Analyst,Junior,False,,0.1,"Communication, SQL, Cloud Computing, Business Analysis, Software Engineering",Not Specified,80210,-2.35,0.63,False,Medium,19,Growing
ab22616d-f864-48a7-978b-7d1f2d9c1a4f,2014,Australia,Oceania,Nairobi,Future Technologies,Small,Manufacturing,Research Scientist,Senior,False,,0.01,"Software Engineering, Business Analysis, Cloud Computing, SQL, Project Management, Research",Not Specified,69103,-4.18,0.88,False,High,7,Emerging
da10d8ed-5389-43c7-913d-c65e50a760e5,2016,Nigeria,Africa,Lagos,Future Systems,Medium,Healthcare,Product Manager,Mid,False,,0.04,"Business Analysis, Data Analysis, Software Engineering",Not Specified,23665,1.32,0.68,False,Medium,4,Emerging
ebea8d08-0e41-4214-a4bc-5fe3694407a1,2024,South Korea,East Asia,Toronto,Prime Systems,Large,Retail,Business Analyst,Junior,True,generative AI,0.66,"Project Management, Cloud Computing, Data Analysis, Statistics",generative AI,115545,8.59,0.13,True,High,5,Growing
47273765-b29b-4e78-80f0-59b42e16b350,2017,China,East Asia,Tokyo,NextGen Systems,Large,Manufacturing,Software Engineer,Lead,False,,0.07,"Python, Cloud Computing, Statistics, Communication, Project Management",Not Specified,66686,1.06,0.69,False,Medium,18,Growing
d22f6a85-5944-49f8-847d-f7ea7db30242,2022,Sri Lanka,South Asia,New York,Future Analytics,Medium,Retail,Systems Engineer,Senior,True,"reinforcement learning, generative AI",0.73,"Statistics, Data Analysis, Research","reinforcement learning, generative AI",32414,10.74,0.1,True,High,13,Growing
cd18d9f5-8fb0-4aa9-941f-a5353dab7457,2010,Australia,Oceania,Nairobi,Global Analytics,Startup,Healthcare,Operations Manager,Junior,False,,0.05,"Project Management, Software Engineering, Python, Business Analysis",Not Specified,55805,0.9,0.69,False,Medium,19,Emerging
c15a1f3f-00de-449a-97f8-26a312e61113,2011,Nepal,South Asia,Bangalore,Global Solutions,Small,Retail,Research Scientist,Executive,False,,0.07,"SQL, Communication, Cloud Computing, Python, Business Analysis",Not Specified,22321,4.74,0.84,False,Low,0,Emerging
df970d1b-34ac-4786-bc4e-a9634e6fa84c,2014,United States,North America,Nairobi,Global Solutions,Large,Agriculture,Data Scientist,Mid,False,,0.15,"Research, Communication, Data Analysis, Business Analysis, Software Engineering, Statistics",Not Specified,76405,-4.7,0.74,False,Medium,13,Emerging
535fed35-afed-43e6-808d-3581cef777ad,2015,Argentina,South America,Berlin,Prime Solutions,Startup,Manufacturing,Data Scientist,Senior,False,,0.03,"Software Engineering, Python, Communication, Research, Data Analysis",Not Specified,43810,-0.48,0.88,False,Medium,18,Emerging
92194626-fc2a-4024-8369-32716c64154b,2022,Saudi Arabia,Middle East,Sao Paulo,NextGen Technologies,Enterprise,Retail,AI Researcher,Junior,True,reinforcement learning,0.59,"Python, Business Analysis, Cloud Computing, SQL, Data Analysis, Project Management",reinforcement learning,103336,15.1,0.18,True,Low,18,Growing
5bbe1e38-9361-4f50-bb1f-03492e45dc47,2021,Argentina,South America,Dubai,Future Technologies,Large,Manufacturing,Data Scientist,Lead,True,"computer vision, deep learning, machine learning, MLOps",0.57,"Project Management, Business Analysis, Research, Communication, Statistics","computer vision, deep learning, machine learning, MLOps",65921,14.47,0.35,True,Medium,15,Growing
5022f7b0-0d75-4b2f-8457-885f1c794d47,2020,New Zealand,Oceania,Singapore,NextGen Solutions,Large,Healthcare,Software Engineer,Senior,False,,0.14,"Software Engineering, SQL, Research",Not Specified,79699,-4.69,0.72,False,High,16,Growing
76832f51-d893-43c3-bcd6-1dd2cce9b76a,2021,Jordan,Middle East,Bangalore,Global Technologies,Small,Tech,ML Engineer,Senior,True,"reinforcement learning, machine learning, NLP, computer vision",0.89,"Business Analysis, Data Analysis, Python, Cloud Computing, Research","reinforcement learning, machine learning, NLP, computer vision",84763,13.71,0.13,True,High,9,Growing
4040f4c6-f25f-4337-b668-5378c1bba379,2011,China,East Asia,Toronto,Prime Technologies,Enterprise,Healthcare,Software Engineer,Intern,False,,0.16,"SQL, Research, Statistics, Python",Not Specified,57721,0.39,0.69,False,High,15,Emerging
6d93a4e1-3938-4dfc-aecf-18cee8cc2e53,2023,Colombia,South America,Seoul,Prime Solutions,Medium,Retail,Policy Analyst,Executive,True,"deep learning, LLMs",0.45,"Software Engineering, Research, Python","deep learning, LLMs",72012,13.83,0.39,True,Medium,1,Growing
fcefc412-ac03-424c-a4ff-7e48418c5818,2017,Thailand,Southeast Asia,Berlin,Global Systems,Enterprise,Tech,ML Engineer,Intern,False,,0.05,"Data Analysis, Project Management, Cloud Computing, Statistics, Software Engineering",Not Specified,32668,4.98,0.65,False,Medium,3,Growing
6e6955ea-4dbb-46a7-9d28-dc319bb61a57,2022,United States,North America,New York,NextGen Analytics,Large,Tech,Policy Analyst,Executive,False,,0.02,"Cloud Computing, Statistics, Software Engineering, Research, Business Analysis",Not Specified,89224,2.08,0.76,False,Medium,14,Mature
08d76680-f252-41d6-b193-886a03113249,2013,Japan,East Asia,Nairobi,NextGen Technologies,Startup,Manufacturing,ML Engineer,Executive,False,,0.13,"Communication, Cloud Computing, Software Engineering, Business Analysis",Not Specified,63773,4.43,0.79,False,High,17,Emerging
b140a5dd-fca1-4d0c-90fa-6ce1b696100b,2011,United States,North America,Tokyo,Prime Solutions,Startup,Retail,Systems Engineer,Lead,False,,0.09,"SQL, Python, Software Engineering",Not Specified,63773,3.31,0.8,False,Low,8,Emerging
880ab048-0841-463b-baa1-e24b96595823,2011,Australia,Oceania,Berlin,Future Analytics,Medium,Manufacturing,ML Engineer,Junior,True,"computer vision, deep learning, MLOps",0.81,"Software Engineering, Python, SQL, Data Analysis","computer vision, deep learning, MLOps",97491,-3.02,0.21,True,Medium,5,Emerging
46d68226-ceb7-4ca8-a938-c312b2364f26,2020,New Zealand,Oceania,Tokyo,NextGen Systems,Small,Agriculture,Operations Manager,Senior,True,"machine learning, NLP, LLMs, computer vision",0.82,"Business Analysis, Data Analysis, Research, Cloud Computing","machine learning, NLP, LLMs, computer vision",123995,14.81,0.29,True,Medium,11,Growing
3ff3b150-2b8d-4afa-bd5a-686881625a21,2013,Netherlands,Europe,Paris,Future Solutions,Enterprise,Tech,Software Engineer,Lead,False,,0.09,"Statistics, Project Management, Cloud Computing, Data Analysis, SQL",Not Specified,57276,-3.3,0.81,False,Medium,11,Emerging
08967c5b-fc71-4fa9-a43e-dede9283db4f,2021,Spain,Europe,Dubai,Prime Solutions,Startup,Healthcare,ML Engineer,Junior,True,deep learning,0.9,"Cloud Computing, SQL, Project Management, Research",deep learning,97642,17.64,0.21,True,Medium,5,Growing
729836f2-428a-4b0d-acfe-6c2026f98b27,2022,Colombia,South America,Berlin,Global Systems,Large,Retail,AI Researcher,Junior,False,,0.1,"Research, Business Analysis, Communication, SQL, Project Management",Not Specified,54227,0.94,0.77,False,Low,5,Growing
7dc568fe-0a4b-4735-909e-81980d9561cc,2025,Colombia,South America,Berlin,NextGen Technologies,Enterprise,Tech,Operations Manager,Lead,True,"MLOps, computer vision",0.78,"SQL, Project Management, Python, Business Analysis, Communication, Research","MLOps, computer vision",62730,17.23,0.17,True,Low,11,Mature
1f92be8e-1c64-481c-8af9-319a8adaa65f,2016,Argentina,South America,Tokyo,Prime Analytics,Large,Healthcare,ML Engineer,Senior,False,,0.02,"Data Analysis, Python, Business Analysis, Research, Software Engineering",Not Specified,41163,1.28,0.83,False,Low,3,Emerging
c3859307-83cf-4e16-a9cc-37f077f3b375,2025,New Zealand,Oceania,Paris,Global Analytics,Startup,Manufacturing,Software Engineer,Senior,True,computer vision,0.45,"Software Engineering, Project Management, Research, Statistics, Communication",computer vision,123995,9.86,0.19,True,Medium,19,Growing
f9206f49-153e-4920-be58-1e4ff12eb2b1,2013,Qatar,Middle East,Toronto,NextGen Solutions,Small,Agriculture,Product Manager,Junior,False,,0.06,"Statistics, Communication, Research, Project Management, Python, Data Analysis",Not Specified,56329,-1.47,0.86,False,High,5,Emerging
eec96def-f9d8-47de-8360-b8be2db642aa,2014,South Africa,Africa,New York,Prime Technologies,Startup,Retail,Software Engineer,Executive,False,,0.15,"Communication, Data Analysis, Statistics, Python",Not Specified,17877,-2.72,0.79,False,Low,8,Emerging
39b2a342-50bf-4f72-aff8-7acd29953d04,2020,Argentina,South America,Seoul,Future Analytics,Large,Tech,ML Engineer,Intern,False,,0.17,"Python, Communication, Software Engineering, Business Analysis, Cloud Computing, Research",Not Specified,45021,-1.44,0.7,False,Low,5,Growing
b562e568-ed37-4602-bcc0-d4bfd212c052,2011,Australia,Oceania,Nairobi,Global Technologies,Medium,Agriculture,Software Engineer,Senior,False,,0.04,"Python, Software Engineering, Project Management, SQL",Not Specified,72192,-1.82,0.7,False,Medium,19,Emerging
5003c44f-854f-4a88-9893-61a69dd70498,2024,New Zealand,Oceania,Paris,NextGen Technologies,Startup,Retail,Business Analyst,Intern,True,"generative AI, MLOps",0.51,"Cloud Computing, Data Analysis, Python","generative AI, MLOps",126081,12.62,0.25,True,High,14,Growing
cdb95636-1068-40b4-b733-d309bd667431,2012,Brazil,South America,Singapore,Prime Analytics,Large,Retail,Business Analyst,Mid,False,,0.12,"Data Analysis, Communication, Project Management, SQL",Not Specified,37356,-4.59,0.83,False,Low,15,Emerging
bdd8528c-3d2f-4efc-ad22-02585648b045,2016,Saudi Arabia,Middle East,Paris,Global Analytics,Enterprise,Healthcare,Research Scientist,Mid,False,,0.02,"Python, Business Analysis, Project Management, Software Engineering, SQL",Not Specified,62497,-1.89,0.83,False,Low,6,Emerging
0cb571cc-26a5-45aa-9e66-c4c4b4573645,2013,Taiwan,East Asia,Berlin,Future Analytics,Enterprise,Retail,Research Scientist,Senior,False,,0.11,"Business Analysis, SQL, Software Engineering",Not Specified,54215,0.89,0.67,False,Medium,11,Emerging
041e724a-5260-4e3a-b68f-bc8c9b3bf578,2019,Argentina,South America,London,Prime Solutions,Medium,Tech,Data Scientist,Junior,False,,0.01,"Project Management, Communication, SQL, Research, Data Analysis, Statistics",Not Specified,44167,4.59,0.69,False,Medium,19,Growing
33472a1f-b82e-4293-9249-29f705fdf6c0,2023,New Zealand,Oceania,Paris,Prime Analytics,Large,Healthcare,AI Researcher,Junior,True,"reinforcement learning, generative AI, computer vision, LLMs",0.82,"Data Analysis, Business Analysis, Statistics, Project Management, Software Engineering, Cloud Computing","reinforcement learning, generative AI, computer vision, LLMs",114974,5.94,0.32,True,Low,14,Growing
3fa0f7a1-b61b-4937-a909-41a432cc7ba0,2011,United Kingdom,Europe,Singapore,Global Analytics,Medium,Manufacturing,Policy Analyst,Executive,False,,0.08,"Software Engineering, Project Management, Research, Statistics",Not Specified,59373,3.23,0.78,False,Medium,1,Emerging
5305f550-8919-400d-b15c-925af27ac979,2019,Germany,Europe,Berlin,NextGen Analytics,Startup,Healthcare,ML Engineer,Junior,False,,0.02,"Data Analysis, Research, Communication, SQL, Software Engineering",Not Specified,78357,4.11,0.86,False,Medium,4,Growing
a88c6167-7352-4131-acee-ce3e9600a87c,2013,Canada,North America,New York,Prime Technologies,Small,Healthcare,AI Researcher,Junior,False,,0.05,"Research, Cloud Computing, Communication, Data Analysis, Business Analysis",Not Specified,68451,-1.62,0.8,False,Low,10,Emerging
346cb31c-fce4-41e5-9dba-5ff459aa699d,2024,Argentina,South America,Toronto,NextGen Solutions,Enterprise,Manufacturing,ML Engineer,Lead,True,generative AI,0.59,"Cloud Computing, Project Management, Python, Communication, Statistics",generative AI,75767,11.87,0.11,True,High,16,Growing
457de242-3ee6-4e79-b558-a26ef4aacce0,2016,Spain,Europe,Nairobi,NextGen Technologies,Startup,Healthcare,ML Engineer,Intern,False,,0.18,"Research, Business Analysis, SQL",Not Specified,63738,3.7,0.65,False,Medium,5,Emerging
c2e9b56a-0b0f-4a9a-b6d9-75b20991dcc9,2016,Jordan,Middle East,Lagos,Future Solutions,Startup,Tech,AI Researcher,Senior,False,,0.14,"SQL, Statistics, Software Engineering, Research",Not Specified,59236,-3.36,0.86,False,Low,14,Emerging
a6c7c7be-e25a-4746-84a8-9b45ad05f657,2013,Mexico,North America,Berlin,Prime Solutions,Medium,Tech,ML Engineer,Junior,False,,0.03,"SQL, Research, Business Analysis",Not Specified,67227,4.93,0.89,False,Medium,8,Emerging
fd112eae-34ec-4407-9f79-7c513a5d2b8f,2018,Peru,South America,New York,Global Technologies,Large,Agriculture,AI Researcher,Executive,False,,0.17,"Python, Software Engineering, Business Analysis, SQL",Not Specified,43392,-0.3,0.62,False,Medium,15,Growing
cb03f7e1-6641-4950-8040-5301b57d305d,2022,Nigeria,Africa,Sydney,Global Solutions,Large,Retail,Policy Analyst,Executive,False,,0.03,"Python, SQL, Communication, Software Engineering",Not Specified,23170,1.6,0.63,False,Low,13,Growing
8a9743f6-7d8c-4e33-a8ae-ffc1f105fb68,2020,Taiwan,East Asia,Dubai,Prime Technologies,Startup,Agriculture,Software Engineer,Executive,False,,0.04,"Research, Project Management, Business Analysis, Data Analysis, Communication",Not Specified,71025,-2.8,0.74,False,Medium,16,Growing
fc6605ea-1b3b-4386-b75b-c7ce1d7bd7fc,2022,Nepal,South Asia,Toronto,NextGen Technologies,Medium,Agriculture,Business Analyst,Intern,True,"computer vision, generative AI, deep learning, NLP",0.66,"Data Analysis, Project Management, SQL, Python, Cloud Computing","computer vision, generative AI, deep learning, NLP",42389,7.99,0.26,True,High,13,Growing
97d3ff08-cb1c-477e-bb3d-8e9e863296c6,2019,South Korea,East Asia,Nairobi,NextGen Solutions,Startup,Tech,Business Analyst,Senior,True,deep learning,0.9,"Project Management, Python, Data Analysis, Cloud Computing",deep learning,109524,6.3,0.13,True,Medium,7,Growing
324a507a-c4f1-44c5-aa7e-314420ec1811,2017,Ghana,Africa,Berlin,Global Systems,Startup,Retail,AI Researcher,Junior,False,,0.2,"Project Management, Cloud Computing, Data Analysis",Not Specified,20037,1.03,0.85,False,Low,17,Growing
37e662c2-c3f8-4584-8222-9a32a7e27c79,2015,India,South Asia,Bangalore,Future Analytics,Small,Manufacturing,Business Analyst,Mid,False,,0.19,"Business Analysis, Python, Project Management, SQL, Software Engineering",Not Specified,26204,-1.61,0.81,False,Medium,8,Emerging
16011b95-8970-47e9-806e-c97703ecaa88,2013,Pakistan,South Asia,Tokyo,NextGen Analytics,Large,Retail,AI Researcher,Junior,False,,0.06,"Communication, Business Analysis, Python, Data Analysis",Not Specified,22398,-1.29,0.69,False,Low,5,Emerging
f1257b58-4caa-421e-bc94-72e5e58e3639,2020,Colombia,South America,Toronto,Future Analytics,Enterprise,Agriculture,Operations Manager,Mid,False,,0.09,"SQL, Business Analysis, Data Analysis, Statistics",Not Specified,39592,-1.06,0.86,False,Medium,19,Growing
64eec102-6374-4177-b409-46437955b48e,2010,Qatar,Middle East,Paris,NextGen Solutions,Enterprise,Agriculture,Research Scientist,Intern,False,,0.15,"Communication, Software Engineering, SQL, Statistics, Data Analysis, Project Management",Not Specified,56467,4.83,0.73,False,High,12,Emerging
a96cfa77-d086-43e2-b0bd-7964747d5238,2010,Israel,Middle East,Sydney,Prime Systems,Enterprise,Tech,Product Manager,Executive,True,"deep learning, reinforcement learning, NLP, MLOps",0.49,"Research, Data Analysis, Project Management","deep learning, reinforcement learning, NLP, MLOps",62656,-1.97,0.12,True,Low,0,Emerging
2c4253ae-8ec8-40d4-b982-17434fce36b2,2015,Taiwan,East Asia,Seoul,NextGen Technologies,Medium,Agriculture,Systems Engineer,Intern,False,,0.12,"Software Engineering, Statistics, Communication",Not Specified,60033,-1.63,0.71,False,High,0,Emerging
4f11272b-5156-41ae-a294-c2982b70a9cd,2010,Brazil,South America,Dubai,Global Solutions,Startup,Agriculture,Software Engineer,Mid,False,,0.18,"Research, Communication, Data Analysis, Software Engineering, Cloud Computing",Not Specified,39924,1.0,0.87,False,High,2,Emerging
318a67b1-ccbf-4292-ad50-28686aa386fb,2024,Pakistan,South Asia,Lagos,Prime Technologies,Small,Manufacturing,Policy Analyst,Executive,True,"reinforcement learning, computer vision, machine learning, LLMs",0.88,"Research, Python, Software Engineering, Communication, Project Management, Cloud Computing","reinforcement learning, computer vision, machine learning, LLMs",35867,17.68,0.35,True,Medium,15,Growing
a5e38fb8-388f-4758-8571-e89079586be5,2020,United Kingdom,Europe,Lagos,Prime Solutions,Enterprise,Healthcare,AI Researcher,Intern,True,"reinforcement learning, NLP, generative AI, machine learning",0.7,"Data Analysis, Cloud Computing, Python","reinforcement learning, NLP, generative AI, machine learning",100357,13.06,0.25,True,High,17,Growing
02a9c979-2d9a-4629-8cde-ddef2bfdbcbb,2024,Brazil,South America,Nairobi,Global Technologies,Enterprise,Retail,Business Analyst,Intern,True,reinforcement learning,0.7,"Software Engineering, Data Analysis, Business Analysis, Cloud Computing, SQL",reinforcement learning,78543,17.16,0.4,True,High,8,Growing
7ba2360f-f39a-48ac-ab0f-78e1655b92b7,2017,Italy,Europe,Sydney,Future Solutions,Enterprise,Manufacturing,AI Researcher,Junior,False,,0.13,"Communication, Statistics, Business Analysis, Cloud Computing, SQL",Not Specified,63474,-1.91,0.6,False,Medium,0,Growing
d15ec8dc-f516-4690-bd75-25f960e14ebb,2020,Argentina,South America,Nairobi,Global Solutions,Large,Agriculture,ML Engineer,Junior,False,,0.16,"Cloud Computing, Research, Software Engineering, Data Analysis",Not Specified,44411,3.97,0.69,False,High,6,Growing
c903af0a-fdeb-46c4-b04b-32462f88a1a1,2023,Spain,Europe,Bangalore,Global Analytics,Enterprise,Healthcare,Policy Analyst,Executive,True,"generative AI, LLMs",0.74,"Python, Communication, Research, Project Management, Business Analysis","generative AI, LLMs",121832,6.09,0.39,True,High,9,Growing
7cfb5bd2-126e-453c-8ed8-aad403c8e132,2019,Nepal,South Asia,Singapore,Future Systems,Large,Manufacturing,Research Scientist,Lead,True,"machine learning, deep learning, reinforcement learning",0.87,"Software Engineering, Python, SQL","machine learning, deep learning, reinforcement learning",30442,17.83,0.29,True,High,9,Growing
562005c6-3781-45b9-9ca1-a23de98b5882,2021,Nigeria,Africa,Seoul,NextGen Analytics,Medium,Agriculture,Software Engineer,Executive,False,,0.08,"Cloud Computing, Python, Project Management, Software Engineering",Not Specified,26706,-2.42,0.7,False,Low,3,Growing
cc3ff53a-ee16-4643-90f0-371a88f26099,2013,Pakistan,South Asia,Sydney,Prime Systems,Startup,Tech,Policy Analyst,Junior,False,,0.03,"Project Management, Research, Software Engineering, Cloud Computing",Not Specified,22438,-4.33,0.78,False,Low,11,Emerging
0badecca-ab44-4b8a-b9a0-d4221445a8f7,2016,Mexico,North America,Bangalore,Global Systems,Startup,Manufacturing,AI Researcher,Executive,False,,0.01,"Business Analysis, Python, Communication",Not Specified,91237,-4.53,0.73,False,Low,6,Emerging
c8e579a8-63aa-4d68-8a52-c02456fc48ea,2012,Sweden,Europe,Singapore,Prime Analytics,Medium,Healthcare,Policy Analyst,Junior,False,,0.04,"Project Management, Cloud Computing, Software Engineering, Python, Communication, SQL",Not Specified,62638,-1.92,0.77,False,Medium,13,Emerging
171fd7ea-f36a-4823-b804-7142e8fee0e5,2025,Netherlands,Europe,Berlin,NextGen Analytics,Enterprise,Agriculture,Data Scientist,Lead,True,"NLP, MLOps, machine learning, reinforcement learning",0.86,"Statistics, Data Analysis, Project Management, SQL","NLP, MLOps, machine learning, reinforcement learning",115737,9.92,0.14,True,High,2,Growing
199a98c3-8ab1-4e6e-a9fc-a038724eec23,2025,Mexico,North America,Lagos,NextGen Analytics,Enterprise,Tech,AI Researcher,Mid,True,deep learning,0.82,"Python, Statistics, Software Engineering, Business Analysis, Communication",deep learning,126730,9.11,0.29,True,Low,7,Mature
a4cdf42b-6eec-4fad-b1c4-c820946a9cda,2015,Japan,East Asia,Singapore,Prime Systems,Enterprise,Manufacturing,Product Manager,Lead,False,,0.11,"Business Analysis, SQL, Cloud Computing, Software Engineering, Communication, Research",Not Specified,66233,-2.27,0.89,False,Medium,1,Emerging
ca432562-4d5e-474e-b34e-972587c00642,2013,Argentina,South America,Sydney,Prime Technologies,Startup,Healthcare,Product Manager,Intern,False,,0.17,"SQL, Data Analysis, Project Management, Research, Software Engineering, Python",Not Specified,38794,0.18,0.88,False,Low,18,Emerging
51b5d34c-f8a5-4d78-8421-91dc03ebf06e,2023,Australia,Oceania,Seoul,Global Solutions,Medium,Retail,Research Scientist,Intern,False,,0.13,"SQL, Data Analysis, Python, Communication",Not Specified,102023,-4.13,0.73,False,High,0,Growing
307d4eba-1a39-4b2f-97d9-c80e03f50a1d,2019,Mexico,North America,Sydney,NextGen Solutions,Large,Manufacturing,Policy Analyst,Mid,False,,0.16,"Business Analysis, Statistics, Cloud Computing",Not Specified,99309,-0.5,0.63,False,High,2,Growing
a244694c-5985-4d16-a9a0-53149c4c2120,2012,United States,North America,Seoul,NextGen Technologies,Medium,Retail,Data Scientist,Senior,False,,0.02,"Research, Software Engineering, Cloud Computing, Business Analysis, Statistics",Not Specified,75513,-1.98,0.81,False,Medium,6,Emerging
0b183184-cc31-496d-8885-9ab271b75f74,2013,UAE,Middle East,Toronto,NextGen Solutions,Large,Tech,Research Scientist,Senior,False,,0.11,"Research, Python, Cloud Computing, Project Management",Not Specified,59967,-3.53,0.79,False,Medium,14,Emerging
d96d9c96-9405-4c9c-ace4-f8eebad26118,2023,Taiwan,East Asia,Tokyo,Global Solutions,Medium,Retail,Data Scientist,Executive,True,"computer vision, machine learning, deep learning",0.56,"Python, Statistics, Project Management","computer vision, machine learning, deep learning",108671,10.56,0.31,True,Medium,11,Growing
e9b26a54-84b7-4276-bd69-b57cb1beecb1,2010,Sweden,Europe,Toronto,NextGen Solutions,Enterprise,Agriculture,Research Scientist,Mid,False,,0.06,"Business Analysis, Project Management, Cloud Computing, SQL, Software Engineering",Not Specified,65891,3.2,0.76,False,High,11,Emerging
55d54c50-155d-4e40-92ea-675a7b143cf0,2025,Kenya,Africa,Dubai,Prime Solutions,Large,Manufacturing,Product Manager,Junior,True,MLOps,0.89,"Python, SQL, Software Engineering",MLOps,34798,11.37,0.2,True,High,12,Growing
1a07ca49-01f7-4e29-aa55-87edbb1204ec,2013,Germany,Europe,Lagos,Future Solutions,Large,Tech,Operations Manager,Executive,False,,0.18,"Cloud Computing, Data Analysis, Python, Business Analysis, Research, Software Engineering",Not Specified,63970,2.9,0.73,False,Low,3,Emerging
7e5c8192-6bf8-4351-812a-a0034b5c392b,2016,Pakistan,South Asia,Lagos,Future Systems,Enterprise,Manufacturing,Product Manager,Senior,False,,0.09,"Communication, Software Engineering, Python, Cloud Computing, Project Management, Business Analysis",Not Specified,24819,0.46,0.86,False,Medium,14,Emerging
83ebab21-7cf8-4fb0-93ef-39fdd918d76c,2021,Colombia,South America,London,Future Technologies,Startup,Retail,Policy Analyst,Intern,False,,0.04,"Communication, Python, Cloud Computing, Business Analysis, SQL",Not Specified,41850,1.33,0.74,False,Medium,3,Growing
968c490f-8b5c-4bf5-a071-754995057776,2014,New Zealand,Oceania,Sydney,Prime Solutions,Enterprise,Manufacturing,Software Engineer,Senior,False,,0.06,"SQL, Data Analysis, Project Management, Cloud Computing, Business Analysis, Statistics",Not Specified,82722,-4.47,0.81,False,High,3,Emerging
5972520a-b914-47a2-9cf5-d0f663aa23d6,2013,Indonesia,Southeast Asia,Seoul,Future Technologies,Large,Agriculture,Research Scientist,Lead,True,"NLP, reinforcement learning",0.88,"Cloud Computing, SQL, Project Management, Data Analysis, Research, Python","NLP, reinforcement learning",50419,2.85,0.35,True,High,4,Emerging
b9a65eb4-31af-455b-97ae-991041dab901,2024,Vietnam,Southeast Asia,Paris,NextGen Technologies,Medium,Manufacturing,Operations Manager,Senior,True,"MLOps, generative AI, LLMs, computer vision",0.91,"Project Management, Software Engineering, Communication, Python, SQL, Business Analysis","MLOps, generative AI, LLMs, computer vision",62952,13.51,0.19,True,Medium,13,Growing
649d1033-deeb-4a90-8311-040e2ad12934,2017,Sri Lanka,South Asia,Paris,NextGen Systems,Medium,Healthcare,ML Engineer,Executive,False,,0.17,"Python, Data Analysis, Project Management, Cloud Computing, Communication",Not Specified,25747,0.01,0.71,False,Medium,0,Growing
a45754f0-1053-4bea-ab15-0193c70286f8,2011,Jordan,Middle East,Singapore,Prime Systems,Large,Agriculture,Research Scientist,Senior,False,,0.05,"Cloud Computing, Research, Project Management, Software Engineering",Not Specified,45440,2.82,0.8,False,Medium,18,Emerging
eb4d0657-b03c-4747-b792-a5f718a25d1f,2016,Brazil,South America,Berlin,Global Technologies,Enterprise,Healthcare,Research Scientist,Lead,False,,0.02,"Project Management, Statistics, Data Analysis",Not Specified,43851,-3.67,0.7,False,High,7,Emerging
5a8f6f5f-9b78-478c-8f60-3532b1884d7a,2014,Ghana,Africa,Sydney,Prime Analytics,Medium,Agriculture,AI Researcher,Executive,False,,0.14,"Data Analysis, Project Management, Statistics",Not Specified,23172,4.88,0.77,False,High,16,Emerging
922b0109-8452-4b4c-ba91-6d697615662c,2010,New Zealand,Oceania,Sao Paulo,Future Systems,Startup,Tech,Operations Manager,Senior,True,"reinforcement learning, computer vision, deep learning",0.6,"Data Analysis, Project Management, Research, Communication, Software Engineering","reinforcement learning, computer vision, deep learning",81280,-1.96,0.34,True,Low,3,Emerging
1b171d70-855b-4082-b81a-caf9b0aa515a,2020,Colombia,South America,Toronto,Global Systems,Enterprise,Tech,ML Engineer,Executive,True,MLOps,0.86,"Cloud Computing, Python, SQL, Software Engineering, Communication, Project Management",MLOps,60797,17.32,0.21,True,High,14,Growing
3b00cbf6-bc35-4f92-bd15-8e52dcea83f9,2014,South Korea,East Asia,Berlin,NextGen Solutions,Enterprise,Manufacturing,Operations Manager,Lead,False,,0.06,"Data Analysis, SQL, Project Management, Statistics",Not Specified,69056,-0.87,0.63,False,Low,11,Emerging
74b0b518-4ebd-4f5b-90db-3be538f1a485,2018,Germany,Europe,London,NextGen Solutions,Startup,Agriculture,Data Scientist,Mid,True,"reinforcement learning, NLP",0.81,"Research, Cloud Computing, Data Analysis, Statistics","reinforcement learning, NLP",103049,10.91,0.33,True,High,16,Growing
d31a29e9-55a2-480f-87ca-ed765da8eb37,2023,Philippines,Southeast Asia,Sydney,Prime Solutions,Small,Healthcare,AI Researcher,Intern,True,"generative AI, computer vision, MLOps",0.46,"SQL, Data Analysis, Python, Business Analysis","generative AI, computer vision, MLOps",53428,16.31,0.11,True,Medium,12,Growing
61c9c136-75e5-4bd9-bbb5-6aba35979304,2023,Nepal,South Asia,Toronto,Prime Technologies,Small,Agriculture,Systems Engineer,Executive,False,,0.18,"Communication, Project Management, Research, Data Analysis, Statistics",Not Specified,28004,-2.66,0.62,False,Medium,12,Growing
be8b8163-0858-4bfa-a5cf-4be1c9297786,2025,Australia,Oceania,New York,Prime Solutions,Medium,Retail,Data Scientist,Senior,True,"reinforcement learning, generative AI, LLMs",0.43,"Business Analysis, Communication, Project Management, Cloud Computing, Software Engineering","reinforcement learning, generative AI, LLMs",127111,13.51,0.21,True,High,5,Growing
61fe144b-a51a-4b7c-a632-8a5e9581b042,2020,United States,North America,Berlin,Future Systems,Medium,Retail,Business Analyst,Executive,False,,0.11,"Software Engineering, Cloud Computing, Communication, Python, Statistics, SQL",Not Specified,90522,-2.14,0.72,False,Low,14,Growing
e876e35e-b094-432e-a7c7-f68b377b94f2,2013,Sri Lanka,South Asia,Nairobi,Future Systems,Medium,Tech,Systems Engineer,Executive,False,,0.05,"Cloud Computing, Software Engineering, Communication, Research, Business Analysis, Statistics",Not Specified,22771,-0.95,0.82,False,Medium,17,Emerging
83864ea3-25bb-4cb6-a706-64290fb9590d,2022,Ghana,Africa,Nairobi,Global Systems,Medium,Tech,Policy Analyst,Intern,False,,0.04,"Research, Statistics, Python, Project Management, Software Engineering",Not Specified,26366,4.86,0.75,False,High,14,Mature
b3c167fd-7de4-47ab-ab7d-87f21fa45f2c,2018,Japan,East Asia,Bangalore,Prime Technologies,Startup,Manufacturing,ML Engineer,Junior,False,,0.01,"Research, Project Management, Python, Statistics, Business Analysis, Cloud Computing",Not Specified,75423,3.77,0.77,False,High,2,Growing
f7b322fe-0902-40df-8d35-66a357ef1a0f,2015,Vietnam,Southeast Asia,Paris,Global Solutions,Enterprise,Healthcare,Product Manager,Junior,False,,0.16,"Software Engineering, Communication, Research, Project Management",Not Specified,36851,2.52,0.8,False,Low,11,Emerging
669d5afb-486e-4b23-8fba-291c858feb0b,2024,Malaysia,Southeast Asia,Singapore,Future Solutions,Medium,Manufacturing,Systems Engineer,Junior,True,deep learning,0.75,"Data Analysis, SQL, Software Engineering, Cloud Computing",deep learning,57075,12.25,0.2,True,Low,8,Growing
58920923-8a3f-4d0f-a14d-2dc6b6a4a94f,2022,United States,North America,Berlin,Prime Technologies,Small,Manufacturing,Operations Manager,Junior,False,,0.14,"Data Analysis, Cloud Computing, Statistics",Not Specified,83052,-4.24,0.6,False,Medium,9,Growing
ba7448dc-c5d0-4941-a43d-463c09033bc8,2021,Australia,Oceania,Seoul,Future Analytics,Startup,Agriculture,Systems Engineer,Executive,False,,0.15,"Data Analysis, Software Engineering, Project Management, Cloud Computing, Research, SQL",Not Specified,88757,1.77,0.79,False,Medium,17,Growing
c2e01fe0-e385-4782-946e-a431d5bc395b,2016,New Zealand,Oceania,Singapore,NextGen Analytics,Enterprise,Retail,Software Engineer,Mid,True,computer vision,0.87,"Data Analysis, Business Analysis, Statistics, SQL",computer vision,109862,4.28,0.17,True,Medium,13,Emerging
c40c98ed-160d-4206-95e4-16fc958ff88d,2019,Australia,Oceania,Berlin,NextGen Solutions,Enterprise,Tech,Business Analyst,Senior,False,,0.02,"Project Management, Cloud Computing, Communication",Not Specified,90966,-2.34,0.84,False,Low,18,Growing
70591501-cd01-4f14-8b11-39f3f524a762,2019,Sweden,Europe,Bangalore,Future Solutions,Enterprise,Healthcare,Product Manager,Lead,False,,0.16,"Software Engineering, Project Management, Data Analysis, Statistics, Python, Business Analysis",Not Specified,87380,-3.39,0.63,False,Low,3,Growing
69b0b8e7-4e98-4ce1-a18e-e14e1c167915,2024,China,East Asia,Lagos,Global Solutions,Startup,Healthcare,Business Analyst,Senior,True,NLP,0.73,"Statistics, Python, Software Engineering, Data Analysis, Research, Business Analysis",NLP,108258,12.0,0.14,True,Medium,2,Growing
3daae241-3d88-4a21-bcd4-b9ab913f5036,2018,Qatar,Middle East,Seoul,NextGen Systems,Small,Manufacturing,Data Scientist,Senior,False,,0.17,"Project Management, Business Analysis, Statistics",Not Specified,56233,-2.72,0.73,False,High,18,Growing
c8689610-135b-4171-9bba-d785f982ac26,2010,Sri Lanka,South Asia,Bangalore,Prime Analytics,Large,Healthcare,ML Engineer,Junior,False,,0.12,"Cloud Computing, Data Analysis, Python, SQL",Not Specified,21125,0.91,0.89,False,Low,1,Emerging
d3ad335e-cc8f-4238-a7bc-37a6ed10ec6a,2022,Peru,South America,Paris,Global Technologies,Medium,Healthcare,Policy Analyst,Executive,False,,0.11,"Statistics, Python, Project Management, Business Analysis, Research, Software Engineering",Not Specified,50424,2.68,0.63,False,High,12,Growing
273c473d-aadd-4867-9db8-7eec07fe3656,2010,France,Europe,Singapore,Global Technologies,Enterprise,Retail,Data Scientist,Executive,False,,0.11,"Software Engineering, Project Management, Data Analysis, Business Analysis",Not Specified,54033,-0.08,0.83,False,High,15,Emerging
bfcf43ea-0f93-4a7d-a8df-c6baa9a79e65,2019,Germany,Europe,Sydney,NextGen Solutions,Small,Tech,Product Manager,Intern,False,,0.09,"Business Analysis, Communication, Statistics, Data Analysis, Python, Project Management",Not Specified,76367,0.4,0.69,False,High,3,Growing
6b6e531d-348a-48f5-a13d-5ca6a7f69576,2024,Morocco,Africa,Sao Paulo,NextGen Technologies,Medium,Tech,Product Manager,Senior,True,deep learning,0.83,"Data Analysis, Statistics, Software Engineering, Cloud Computing, SQL, Research",deep learning,40688,15.68,0.36,True,High,2,Mature
0a2d2923-9bc2-4e16-8471-8adec5c9bdee,2019,South Korea,East Asia,Lagos,NextGen Analytics,Large,Retail,Software Engineer,Executive,True,"machine learning, reinforcement learning",0.51,"Python, Data Analysis, Communication, Project Management, Software Engineering","machine learning, reinforcement learning",88146,9.75,0.33,True,Low,15,Growing
948ac420-88de-4753-9371-f2007941dcdc,2010,Saudi Arabia,Middle East,Bangalore,Future Technologies,Large,Healthcare,Software Engineer,Senior,False,,0.01,"Business Analysis, Research, Data Analysis, Communication",Not Specified,52849,-3.13,0.65,False,Low,11,Emerging
79590ca2-a3b9-4dcb-9a55-49c0825a06f3,2025,Australia,Oceania,Sao Paulo,Prime Technologies,Small,Agriculture,Systems Engineer,Lead,True,"computer vision, NLP",0.71,"SQL, Communication, Project Management, Research, Python","computer vision, NLP",145020,15.31,0.31,True,Medium,16,Growing
43c00f05-6859-433c-aab6-284564d9feb6,2025,Pakistan,South Asia,Berlin,NextGen Technologies,Enterprise,Manufacturing,Systems Engineer,Lead,True,LLMs,0.69,"Communication, Python, SQL, Data Analysis",LLMs,43725,11.0,0.29,True,High,14,Growing
f607b273-9a09-4aee-887e-bf3975d1a19a,2010,United Kingdom,Europe,London,Global Solutions,Startup,Agriculture,Systems Engineer,Senior,False,,0.03,"Project Management, Research, Python, Communication",Not Specified,59202,-0.03,0.76,False,Medium,10,Emerging
b8b995ec-22ad-4a29-a69e-0cc9f1d56998,2024,Thailand,Southeast Asia,London,Prime Systems,Medium,Agriculture,Software Engineer,Intern,True,"reinforcement learning, LLMs, MLOps",0.88,"Data Analysis, Project Management, Python, Statistics, Cloud Computing","reinforcement learning, LLMs, MLOps",56232,9.93,0.15,True,Low,17,Growing
16ace16e-eb83-4d12-a312-4a5a35ce7480,2024,Morocco,Africa,Toronto,Global Technologies,Large,Healthcare,AI Researcher,Senior,True,"LLMs, computer vision",0.84,"Project Management, Business Analysis, Communication, Software Engineering, Cloud Computing, Statistics","LLMs, computer vision",40476,17.11,0.34,True,Medium,19,Growing
a207ed84-03e4-4277-8088-a45bb1f27b06,2024,Colombia,South America,Toronto,Future Systems,Startup,Tech,ML Engineer,Lead,True,"LLMs, NLP, deep learning, reinforcement learning",0.79,"Project Management, SQL, Business Analysis, Data Analysis","LLMs, NLP, deep learning, reinforcement learning",64221,6.97,0.13,True,Low,0,Mature
98eba3e9-9a89-4413-9d30-edb39eff5803,2021,Vietnam,Southeast Asia,Sao Paulo,Global Solutions,Enterprise,Retail,Research Scientist,Mid,True,"MLOps, NLP, reinforcement learning, generative AI",0.58,"Cloud Computing, Research, Business Analysis, SQL, Data Analysis","MLOps, NLP, reinforcement learning, generative AI",60545,15.12,0.35,True,High,15,Growing
a2ba15e2-a871-4011-beab-5d757cd37cc6,2017,Peru,South America,London,Global Solutions,Enterprise,Healthcare,Product Manager,Junior,False,,0.16,"Business Analysis, SQL, Python, Research, Data Analysis, Communication",Not Specified,40994,-4.74,0.76,False,Medium,8,Growing
e6f2067b-f03f-4119-8ed6-4f9d7850d117,2012,Kenya,Africa,Paris,Global Solutions,Medium,Agriculture,Policy Analyst,Mid,False,,0.05,"Communication, Business Analysis, Project Management, Python",Not Specified,21549,2.21,0.84,False,High,11,Emerging
04c10887-c861-4861-971f-182b4331f508,2017,Italy,Europe,Tokyo,Global Analytics,Large,Manufacturing,AI Researcher,Lead,False,,0.18,"Statistics, Business Analysis, SQL, Communication, Cloud Computing",Not Specified,64568,2.8,0.73,False,Low,17,Growing
35eed570-ffb1-4321-b33e-ac55b9e642c0,2017,Canada,North America,Berlin,Future Analytics,Small,Manufacturing,Systems Engineer,Junior,False,,0.11,"Communication, Software Engineering, Data Analysis, Research",Not Specified,93584,-0.31,0.65,False,High,19,Growing
d45bfade-60b4-4198-9402-9a3a04eaff5d,2014,Peru,South America,Berlin,Future Technologies,Medium,Manufacturing,Data Scientist,Intern,False,,0.19,"Communication, Business Analysis, Statistics, SQL",Not Specified,35991,3.28,0.83,False,High,0,Emerging
4b561bef-5370-4d65-b034-0d2aeaa8948c,2014,Canada,North America,New York,NextGen Systems,Large,Tech,Operations Manager,Senior,True,"deep learning, NLP, reinforcement learning, computer vision",0.55,"Python, Software Engineering, Cloud Computing, Business Analysis","deep learning, NLP, reinforcement learning, computer vision",101625,2.04,0.26,True,Medium,15,Emerging
9741c7be-e085-4a9f-9bbd-4a8ca40a9f18,2010,Japan,East Asia,Bangalore,Future Technologies,Startup,Tech,AI Researcher,Intern,False,,0.17,"Project Management, Cloud Computing, Communication",Not Specified,59570,-0.12,0.82,False,High,15,Emerging
83e70c27-1186-4def-98ad-e71acafa3033,2018,Chile,South America,Bangalore,Future Technologies,Startup,Healthcare,Systems Engineer,Executive,True,MLOps,0.8,"Communication, Project Management, Statistics",MLOps,69382,13.2,0.22,True,Low,16,Growing
a958acff-ec65-47d9-8e9d-56a8c5865f20,2014,Nepal,South Asia,Seoul,Global Technologies,Startup,Manufacturing,Product Manager,Junior,False,,0.07,"Business Analysis, Data Analysis, Cloud Computing, Project Management, Python",Not Specified,25582,0.78,0.66,False,Low,2,Emerging
bcb9bcbd-e121-4f13-a42b-fee994fdd778,2011,Thailand,Southeast Asia,Seoul,Prime Analytics,Medium,Healthcare,Research Scientist,Intern,False,,0.04,"Communication, Data Analysis, Research",Not Specified,35508,2.0,0.8,False,Low,17,Emerging
6f6898bb-fed7-4181-ae2b-aa9a5690dc49,2015,South Korea,East Asia,Nairobi,NextGen Solutions,Startup,Retail,AI Researcher,Executive,False,,0.06,"Business Analysis, Python, Statistics, Cloud Computing, Software Engineering",Not Specified,55749,-1.3,0.9,False,High,3,Emerging
50b7cd1c-9dec-4bc6-9782-b9ee5a166a30,2020,Peru,South America,Berlin,Future Solutions,Small,Healthcare,Research Scientist,Intern,False,,0.02,"Statistics, Project Management, Business Analysis, Cloud Computing",Not Specified,45379,-0.61,0.67,False,Medium,17,Growing
db228673-1cc2-4d0e-a0ca-69cdb4f18c05,2017,Canada,North America,Bangalore,Future Solutions,Startup,Retail,Policy Analyst,Junior,False,,0.12,"Project Management, Research, Business Analysis",Not Specified,95268,2.47,0.79,False,Low,13,Growing
27a8f86e-658c-4c50-88d9-8bc14c948fa7,2012,Bangladesh,South Asia,Dubai,Global Solutions,Enterprise,Healthcare,Research Scientist,Intern,True,MLOps,0.55,"Research, Data Analysis, Cloud Computing, SQL, Business Analysis, Project Management",MLOps,29560,-0.95,0.17,True,Low,12,Emerging
b5e6779d-7e7d-45ea-9eb6-56975e8f7602,2019,Colombia,South America,Dubai,Prime Analytics,Small,Retail,Business Analyst,Mid,False,,0.09,"Project Management, SQL, Data Analysis, Software Engineering",Not Specified,43929,0.23,0.89,False,Medium,15,Growing
e5011528-4971-40d3-a541-fdbf5a4fc646,2010,Sri Lanka,South Asia,London,Future Systems,Startup,Agriculture,Research Scientist,Lead,False,,0.12,"Python, Data Analysis, Statistics",Not Specified,21082,-1.04,0.65,False,Low,15,Emerging
2ed1b71f-a783-40c6-87f6-5a205bf11e72,2014,Mexico,North America,Nairobi,Global Analytics,Enterprise,Manufacturing,Systems Engineer,Mid,True,"NLP, computer vision",0.71,"SQL, Software Engineering, Cloud Computing","NLP, computer vision",94019,-1.34,0.3,True,High,18,Emerging
9dbd2a08-8db4-47cb-be0c-f6303b6969fc,2014,Nigeria,Africa,Toronto,Future Technologies,Large,Agriculture,Product Manager,Junior,False,,0.16,"Project Management, Research, Business Analysis, SQL, Software Engineering",Not Specified,21289,2.47,0.64,False,Low,5,Emerging
2931cb2d-f6fe-47e0-a49d-7e8363c98d30,2011,Colombia,South America,Dubai,Future Systems,Startup,Retail,ML Engineer,Senior,False,,0.07,"Data Analysis, Research, Software Engineering, Cloud Computing, Project Management",Not Specified,38544,-4.92,0.74,False,Low,11,Emerging
e6340d8f-5801-40cd-ad53-541131503579,2023,South Africa,Africa,London,Future Analytics,Large,Agriculture,Systems Engineer,Junior,True,deep learning,0.63,"Data Analysis, SQL, Cloud Computing, Business Analysis",deep learning,39519,10.02,0.13,True,Medium,2,Growing
a69fe0a6-5206-4be8-a1e4-ca53e4b0d66d,2021,Peru,South America,Toronto,NextGen Solutions,Large,Healthcare,Business Analyst,Mid,False,,0.07,"Statistics, Communication, Business Analysis, Cloud Computing, Research, SQL",Not Specified,42374,-1.08,0.73,False,Medium,8,Growing
38f40daa-a618-4022-8c88-7205b0a8fbf0,2011,Saudi Arabia,Middle East,Nairobi,Global Technologies,Small,Tech,Operations Manager,Junior,True,"MLOps, machine learning, deep learning, computer vision",0.73,"Data Analysis, Cloud Computing, Python, Business Analysis, Statistics, Software Engineering","MLOps, machine learning, deep learning, computer vision",64087,0.19,0.3,True,Low,9,Emerging
6c7e1f91-7c89-40c0-ad05-b00b673315ae,2018,South Africa,Africa,London,Global Technologies,Medium,Tech,Operations Manager,Lead,True,"MLOps, machine learning, reinforcement learning",0.54,"Data Analysis, Cloud Computing, SQL, Project Management, Communication, Software Engineering","MLOps, machine learning, reinforcement learning",31551,14.75,0.26,True,Low,13,Growing
f71133f6-87de-4c66-85be-b80dd518d9f1,2020,New Zealand,Oceania,Toronto,Prime Technologies,Small,Retail,ML Engineer,Junior,False,,0.13,"Business Analysis, Cloud Computing, Data Analysis, Research, Project Management, Software Engineering",Not Specified,94396,3.94,0.76,False,High,4,Growing
39624992-e66d-44dd-ac1a-cf81c8fe4089,2020,Indonesia,Southeast Asia,Sao Paulo,Global Analytics,Startup,Agriculture,Operations Manager,Intern,True,NLP,0.56,"SQL, Cloud Computing, Software Engineering, Business Analysis",NLP,60517,10.32,0.35,True,Medium,11,Growing
951868b2-6514-417a-a360-4ff30724103f,2012,India,South Asia,Dubai,NextGen Systems,Enterprise,Manufacturing,Policy Analyst,Mid,False,,0.03,"Software Engineering, Statistics, Cloud Computing, SQL, Python",Not Specified,23113,1.57,0.83,False,Medium,1,Emerging
4851a420-feed-464d-b14d-854c3d873f80,2021,United States,North America,Seoul,Prime Analytics,Small,Manufacturing,Systems Engineer,Intern,True,"machine learning, NLP, reinforcement learning, MLOps",0.87,"Cloud Computing, Python, Business Analysis, Data Analysis, Project Management, SQL","machine learning, NLP, reinforcement learning, MLOps",116379,16.27,0.18,True,Medium,16,Growing
8cb52eee-6274-4452-baa5-182488dc8925,2021,Vietnam,Southeast Asia,Paris,Prime Systems,Small,Retail,Software Engineer,Junior,False,,0.2,"Statistics, Cloud Computing, Project Management, Data Analysis, Python",Not Specified,40200,1.16,0.67,False,Medium,8,Growing
2fcee17c-bf46-4fa9-89ef-53d66dcc274d,2015,Colombia,South America,Nairobi,Prime Analytics,Medium,Retail,Research Scientist,Senior,False,,0.01,"Data Analysis, Research, Software Engineering, Business Analysis, SQL, Project Management",Not Specified,44036,3.62,0.62,False,Low,11,Emerging
fd079db2-dae4-415b-bb99-98122f48e3e4,2011,Australia,Oceania,Dubai,NextGen Analytics,Large,Agriculture,AI Researcher,Mid,False,,0.15,"SQL, Python, Project Management",Not Specified,75445,-1.1,0.89,False,High,1,Emerging
db684c37-1f5f-45d7-aedd-0dc7d45a17fa,2013,Canada,North America,Sao Paulo,Future Systems,Enterprise,Retail,Policy Analyst,Lead,False,,0.09,"Project Management, Cloud Computing, Data Analysis, SQL",Not Specified,65022,1.02,0.85,False,Low,9,Emerging
9da9b075-0e56-4dd6-9610-04285e2a6551,2021,Singapore,Southeast Asia,Toronto,Global Systems,Startup,Retail,Research Scientist,Senior,True,"NLP, LLMs, reinforcement learning",0.56,"Data Analysis, SQL, Project Management","NLP, LLMs, reinforcement learning",60256,17.75,0.29,True,High,13,Growing
f20f9619-7847-405d-98ad-ca7516c676ca,2019,Nigeria,Africa,New York,NextGen Analytics,Small,Retail,Software Engineer,Executive,False,,0.14,"Statistics, Cloud Computing, Project Management, Research, Data Analysis, Communication",Not Specified,24412,-3.72,0.63,False,Low,4,Growing
7ee4fbb5-5ed9-4d1c-8647-02b67e2b5860,2019,Thailand,Southeast Asia,Paris,Prime Analytics,Medium,Healthcare,Software Engineer,Intern,False,,0.05,"Statistics, Cloud Computing, Data Analysis",Not Specified,37875,0.53,0.76,False,Medium,1,Growing
091aa59a-04ef-454f-9242-7212439b0385,2023,Vietnam,Southeast Asia,Paris,Global Analytics,Startup,Tech,Research Scientist,Senior,True,LLMs,0.53,"Statistics, Python, Cloud Computing, Data Analysis, Project Management, Business Analysis",LLMs,53391,12.93,0.37,True,High,6,Mature
fc4a5a84-beb3-4c81-872c-57887ce9a4b6,2025,Canada,North America,Berlin,Prime Technologies,Startup,Healthcare,Research Scientist,Lead,False,,0.13,"Communication, Research, Statistics",Not Specified,87721,2.62,0.76,False,Low,15,Growing
e46680bd-b640-4b87-a2fc-78b9de36cf4d,2021,Australia,Oceania,Singapore,Global Systems,Startup,Retail,Policy Analyst,Intern,False,,0.1,"Communication, Research, Project Management, Data Analysis, Python",Not Specified,80287,0.8,0.9,False,Low,13,Growing
a972510b-572a-404b-83c3-5ef149c6601a,2025,Pakistan,South Asia,Lagos,Prime Analytics,Medium,Tech,Policy Analyst,Intern,False,,0.09,"Research, Communication, SQL",Not Specified,24691,1.69,0.81,False,Low,1,Mature
bec2c7ea-c99b-4f2f-91e3-50f035275214,2020,Sri Lanka,South Asia,Lagos,NextGen Technologies,Startup,Manufacturing,AI Researcher,Lead,True,"deep learning, computer vision",0.92,"Business Analysis, Statistics, SQL","deep learning, computer vision",37553,10.07,0.15,True,Medium,4,Growing
124e6d34-0afe-4167-ba95-9ab2e898dc48,2014,Saudi Arabia,Middle East,Bangalore,Future Technologies,Small,Manufacturing,AI Researcher,Lead,False,,0.03,"Statistics, Data Analysis, Cloud Computing, Project Management, Communication",Not Specified,59205,-1.93,0.6,False,High,19,Emerging
d0115a53-f2fb-481f-913a-5769aebd0ae0,2024,Jordan,Middle East,London,Future Technologies,Enterprise,Agriculture,Product Manager,Senior,True,"LLMs, MLOps, computer vision, generative AI",0.95,"SQL, Python, Data Analysis, Communication","LLMs, MLOps, computer vision, generative AI",86258,13.06,0.3,True,Low,2,Growing
6b7f09a7-2e3b-48c7-92e8-e580520f9ac6,2020,Brazil,South America,Paris,Prime Systems,Enterprise,Tech,Software Engineer,Mid,False,,0.15,"Business Analysis, Project Management, Statistics",Not Specified,50768,-2.05,0.79,False,Medium,11,Growing
bb1102ba-2e45-4274-a046-e0e61b9dde4e,2013,Malaysia,Southeast Asia,Lagos,Global Solutions,Startup,Manufacturing,Research Scientist,Mid,False,,0.18,"SQL, Research, Statistics, Project Management",Not Specified,28098,1.73,0.79,False,High,2,Emerging
c77411cb-7147-4e2a-9094-395c70dcf0b7,2015,Bangladesh,South Asia,Sao Paulo,Global Technologies,Enterprise,Tech,Research Scientist,Executive,False,,0.17,"SQL, Python, Cloud Computing, Project Management, Business Analysis",Not Specified,26307,3.14,0.86,False,Low,16,Emerging
440712f0-292e-4b7f-8b5d-e007bb854068,2017,Taiwan,East Asia,Sao Paulo,NextGen Solutions,Enterprise,Tech,Software Engineer,Mid,False,,0.2,"Project Management, Cloud Computing, Python",Not Specified,64281,-1.21,0.67,False,Low,14,Growing
b5a4ec00-4718-49b1-847a-ec85d9f4744c,2025,Ghana,Africa,Sao Paulo,Prime Solutions,Large,Agriculture,Operations Manager,Intern,True,"computer vision, LLMs, generative AI, NLP",0.91,"Business Analysis, Statistics, Software Engineering, Python, Research","computer vision, LLMs, generative AI, NLP",39559,17.97,0.21,True,Medium,7,Growing
f3870c1a-9bf7-4c74-a785-5ea49b99b549,2012,Thailand,Southeast Asia,New York,Global Technologies,Large,Retail,Data Scientist,Lead,False,,0.13,"Research, Data Analysis, Business Analysis, SQL",Not Specified,28730,1.76,0.6,False,Medium,10,Emerging
b1f49991-b69b-45d9-a84d-00dbccf634a0,2020,South Africa,Africa,Berlin,Global Technologies,Large,Agriculture,Business Analyst,Mid,False,,0.18,"Cloud Computing, SQL, Business Analysis, Software Engineering, Python, Project Management",Not Specified,26380,-4.85,0.82,False,Medium,19,Growing
2079f650-b367-4a54-965d-ce158a3232d2,2019,Israel,Middle East,London,Future Solutions,Small,Agriculture,Business Analyst,Executive,False,,0.01,"Data Analysis, Research, Software Engineering, Communication",Not Specified,59206,-2.85,0.78,False,Low,8,Growing
387435bf-897d-4aec-aff7-09383cc763d6,2010,Vietnam,Southeast Asia,Singapore,Prime Systems,Enterprise,Tech,AI Researcher,Junior,False,,0.13,"SQL, Data Analysis, Cloud Computing, Software Engineering",Not Specified,30119,-2.22,0.71,False,Medium,8,Emerging
35c003cd-b0f7-4f9c-bc21-e6b5d9a68d7f,2015,Morocco,Africa,London,Future Solutions,Small,Tech,ML Engineer,Senior,True,"computer vision, machine learning",0.57,"Research, Project Management, Cloud Computing, Python, Data Analysis, Communication","computer vision, machine learning",26567,0.23,0.1,True,Medium,11,Emerging
217c4b11-d698-44a8-9cc7-445c08bba9c6,2016,United Kingdom,Europe,Paris,Future Solutions,Large,Retail,Data Scientist,Intern,False,,0.01,"Software Engineering, Business Analysis, Data Analysis, Project Management, SQL",Not Specified,65786,3.79,0.78,False,Medium,14,Emerging
7f00d389-60dc-4c47-9444-bad668cbfd45,2022,South Korea,East Asia,Tokyo,Prime Technologies,Startup,Agriculture,Software Engineer,Executive,True,"computer vision, NLP, reinforcement learning, machine learning",0.91,"Software Engineering, Business Analysis, Data Analysis, Research, Project Management, Python","computer vision, NLP, reinforcement learning, machine learning",97622,6.48,0.12,True,Low,16,Growing
a132b5cb-ae31-4a01-b8c9-08b8ef282b83,2025,Kenya,Africa,New York,Global Solutions,Medium,Agriculture,Product Manager,Intern,False,,0.15,"Statistics, Research, Python, Data Analysis, Project Management, Cloud Computing",Not Specified,25778,2.26,0.76,False,Medium,15,Growing
ce75a194-cfe4-438b-8bf2-fd1929c184d4,2020,Bangladesh,South Asia,Singapore,Prime Systems,Large,Healthcare,Research Scientist,Lead,False,,0.09,"Communication, Python, Software Engineering",Not Specified,24085,-4.32,0.86,False,High,17,Growing
ad5a55de-9c73-4677-bf12-fd73f986244c,2011,Taiwan,East Asia,Paris,Prime Technologies,Medium,Manufacturing,Data Scientist,Mid,True,"NLP, computer vision, machine learning, deep learning",0.46,"Software Engineering, Research, SQL, Business Analysis","NLP, computer vision, machine learning, deep learning",88833,-1.25,0.21,True,High,10,Emerging
f7b83356-e2e3-48e9-b8ba-dba020e7b777,2011,Israel,Middle East,London,Prime Solutions,Enterprise,Manufacturing,Operations Manager,Mid,False,,0.05,"Communication, Cloud Computing, Business Analysis, SQL",Not Specified,48641,3.72,0.74,False,Medium,6,Emerging
61de1004-4525-42f4-b4a1-cd596712f11c,2015,Chile,South America,Dubai,NextGen Solutions,Enterprise,Tech,Software Engineer,Senior,False,,0.07,"Research, SQL, Business Analysis, Project Management",Not Specified,44789,-4.5,0.88,False,High,5,Emerging
e387b7aa-b6db-4dab-896c-22bda0904326,2023,Thailand,Southeast Asia,London,Future Systems,Enterprise,Agriculture,Data Scientist,Intern,True,computer vision,0.48,"Statistics, Business Analysis, Project Management",computer vision,53472,14.13,0.19,True,High,11,Growing
94e32371-6a40-45ed-ba51-56d3b5342216,2016,UAE,Middle East,Dubai,Future Solutions,Startup,Healthcare,ML Engineer,Junior,False,,0.11,"Business Analysis, Data Analysis, Communication, Statistics, Research, SQL",Not Specified,60368,-2.53,0.83,False,Medium,14,Emerging
808e352f-e24e-43cb-b8b3-2291911d1422,2024,Chile,South America,Paris,NextGen Technologies,Enterprise,Agriculture,Software Engineer,Mid,True,"machine learning, deep learning, LLMs, computer vision",0.48,"Research, Software Engineering, Cloud Computing, Project Management, Business Analysis","machine learning, deep learning, LLMs, computer vision",67302,14.67,0.24,True,High,7,Growing
8626927d-ffe3-4f01-86b2-ed16c9245ece,2025,Netherlands,Europe,Tokyo,Global Systems,Large,Healthcare,ML Engineer,Mid,True,"machine learning, LLMs, deep learning",0.59,"Statistics, Data Analysis, Project Management, Research","machine learning, LLMs, deep learning",108996,13.44,0.26,True,High,9,Growing
e1c8ec8e-a8f2-4880-8261-53e5a97f8cc6,2013,Philippines,Southeast Asia,Berlin,Prime Solutions,Medium,Healthcare,Systems Engineer,Mid,False,,0.19,"Python, Statistics, Data Analysis, Cloud Computing, Software Engineering",Not Specified,32533,-0.03,0.84,False,Low,0,Emerging
0680108a-63aa-4398-8fb9-43b259dec8bc,2017,Israel,Middle East,Bangalore,Global Solutions,Small,Manufacturing,AI Researcher,Executive,False,,0.05,"SQL, Research, Statistics, Data Analysis",Not Specified,57956,-3.42,0.67,False,Low,15,Growing
22d486e9-4a28-4ce4-9954-fb053fa1d07a,2023,Australia,Oceania,Tokyo,Future Technologies,Medium,Healthcare,Software Engineer,Mid,False,,0.11,"Software Engineering, Statistics, Communication, Business Analysis, Project Management",Not Specified,98077,0.32,0.85,False,Medium,12,Growing
7dfc2263-067c-41f1-96ac-fef356247441,2019,United States,North America,New York,Future Solutions,Startup,Manufacturing,Policy Analyst,Lead,False,,0.02,"Project Management, Software Engineering, Data Analysis",Not Specified,99656,-2.11,0.65,False,Low,15,Growing
ae55451b-7418-40d8-841f-b933fbef4c97,2019,New Zealand,Oceania,Berlin,Prime Systems,Startup,Manufacturing,Operations Manager,Mid,False,,0.16,"Data Analysis, Research, Business Analysis, Project Management, Communication",Not Specified,71350,-0.98,0.82,False,Medium,9,Growing
f50d5498-3908-4604-8c7a-3e092be1dec3,2017,France,Europe,Paris,Global Analytics,Medium,Healthcare,ML Engineer,Senior,False,,0.04,"Statistics, Data Analysis, Communication, Cloud Computing, Business Analysis",Not Specified,79807,1.32,0.61,False,Low,18,Growing
6bd55b9c-2d30-4ef2-a0dd-0b5a8a938a2b,2015,Thailand,Southeast Asia,Dubai,NextGen Solutions,Startup,Healthcare,Operations Manager,Mid,False,,0.07,"Project Management, Software Engineering, Cloud Computing, Python, SQL",Not Specified,37381,-1.94,0.67,False,High,15,Emerging
25fec345-119f-4c05-8d0d-877571267cd1,2022,Australia,Oceania,Singapore,Future Technologies,Startup,Healthcare,AI Researcher,Intern,False,,0.03,"Statistics, SQL, Cloud Computing, Research, Data Analysis",Not Specified,86825,-3.99,0.77,False,Medium,18,Growing
eedc2e9e-0e13-4c81-9318-bff5f8fddf64,2020,Israel,Middle East,Berlin,Future Analytics,Small,Retail,Product Manager,Lead,False,,0.16,"SQL, Project Management, Software Engineering, Business Analysis, Cloud Computing",Not Specified,56955,-4.49,0.61,False,Medium,5,Growing
d0645a17-9f42-4342-93a2-ec66ed93cc56,2018,Malaysia,Southeast Asia,Lagos,Future Solutions,Enterprise,Retail,Research Scientist,Lead,False,,0.06,"Software Engineering, Cloud Computing, Business Analysis, Statistics",Not Specified,31690,4.84,0.66,False,High,13,Growing
81191c6f-6dbe-48b4-b032-be026eada24b,2018,Germany,Europe,Nairobi,Future Analytics,Enterprise,Retail,AI Researcher,Intern,False,,0.13,"SQL, Research, Software Engineering, Cloud Computing, Business Analysis, Statistics",Not Specified,72245,3.4,0.89,False,High,5,Growing
bb0dd819-6df5-4b69-995a-f5e7251248f5,2016,Malaysia,Southeast Asia,Dubai,Global Technologies,Startup,Agriculture,Policy Analyst,Lead,False,,0.02,"Python, Cloud Computing, SQL",Not Specified,40501,0.4,0.75,False,High,3,Emerging
c29bb6d6-0326-46e3-999e-ff71cb1c5dd6,2016,Indonesia,Southeast Asia,Bangalore,Prime Technologies,Enterprise,Agriculture,Data Scientist,Junior,False,,0.15,"Project Management, Business Analysis, Statistics, Cloud Computing, Python, Software Engineering",Not Specified,37409,-1.7,0.73,False,Low,8,Emerging
7bcb095a-935e-4c47-9cdc-fd9475e2fcd6,2023,Australia,Oceania,Seoul,NextGen Technologies,Medium,Agriculture,Software Engineer,Lead,True,"deep learning, computer vision, NLP",0.94,"Project Management, Communication, Python, Business Analysis, Statistics, Cloud Computing","deep learning, computer vision, NLP",132242,6.51,0.23,True,Medium,16,Growing
74b4b666-95ab-4853-a11a-294a8c882e27,2025,Nepal,South Asia,Paris,Future Solutions,Startup,Manufacturing,AI Researcher,Mid,True,reinforcement learning,0.52,"Communication, Data Analysis, Python, SQL, Statistics",reinforcement learning,38943,15.86,0.36,True,Low,7,Growing
9896b5a6-f228-4ef3-a170-6220cc7af062,2014,Jordan,Middle East,Berlin,Prime Technologies,Small,Tech,Product Manager,Junior,False,,0.04,"SQL, Communication, Software Engineering, Research, Project Management",Not Specified,56009,-2.62,0.75,False,Low,14,Emerging
fb0c434d-ba46-4098-a4a1-3f13ba331b9c,2021,New Zealand,Oceania,Toronto,Future Technologies,Large,Agriculture,AI Researcher,Intern,False,,0.11,"Business Analysis, Cloud Computing, Software Engineering",Not Specified,90336,3.48,0.77,False,High,18,Growing
59192112-0ac9-40d4-b0bf-e0e9494175a0,2011,China,East Asia,Tokyo,Global Systems,Small,Retail,Operations Manager,Mid,False,,0.17,"Cloud Computing, Project Management, Research",Not Specified,62272,-0.11,0.81,False,Low,11,Emerging
2afee68a-815c-4041-9e1f-cd7be1ffe09c,2010,New Zealand,Oceania,Seoul,Prime Technologies,Large,Manufacturing,Data Scientist,Intern,False,,0.11,"Business Analysis, Python, Communication",Not Specified,61679,-2.5,0.66,False,Medium,2,Emerging
13a09e1f-a4bc-40e3-91c8-f5420f0ac0ba,2024,Mexico,North America,Sydney,NextGen Solutions,Medium,Manufacturing,Policy Analyst,Mid,False,,0.07,"Software Engineering, Data Analysis, Business Analysis, Project Management, Cloud Computing, Research",Not Specified,100082,2.26,0.77,False,Low,6,Growing
2cad26af-c5f5-407a-9198-cdb53ce4c13d,2011,Bangladesh,South Asia,Bangalore,Prime Analytics,Small,Retail,Research Scientist,Senior,False,,0.06,"Cloud Computing, Data Analysis, Research",Not Specified,20573,1.09,0.74,False,Low,5,Emerging
0dcbe63d-39a3-4706-bcf3-5ca4eb96d6ea,2020,Israel,Middle East,Berlin,Future Systems,Enterprise,Agriculture,Policy Analyst,Senior,True,"reinforcement learning, MLOps",0.42,"Research, Statistics, Data Analysis, Cloud Computing, Communication, Project Management","reinforcement learning, MLOps",101936,17.35,0.18,True,High,13,Growing
d0334e5c-ebb6-47eb-9cce-6a0e420a1c42,2013,Philippines,Southeast Asia,New York,Global Systems,Enterprise,Manufacturing,Policy Analyst,Mid,True,"MLOps, computer vision, machine learning, reinforcement learning",0.6,"Statistics, Data Analysis, Business Analysis, Research","MLOps, computer vision, machine learning, reinforcement learning",47808,0.56,0.2,True,Low,10,Emerging
46fa6020-43c9-4f20-869f-b9167252e666,2020,Colombia,South America,Sydney,NextGen Systems,Enterprise,Agriculture,Research Scientist,Senior,True,reinforcement learning,0.6,"Communication, SQL, Software Engineering, Business Analysis, Project Management",reinforcement learning,60989,16.94,0.18,True,Medium,13,Growing
4f03729e-f117-48c1-8a4b-9f4a8d7d60d1,2021,Sri Lanka,South Asia,Toronto,Future Systems,Startup,Retail,Research Scientist,Mid,False,,0.11,"SQL, Business Analysis, Data Analysis, Python",Not Specified,26990,-2.09,0.78,False,Medium,15,Growing
39521875-9527-49d3-b370-e3d5434d10d1,2019,New Zealand,Oceania,Berlin,Future Systems,Small,Healthcare,Business Analyst,Junior,False,,0.05,"Python, SQL, Communication, Data Analysis, Statistics",Not Specified,84624,1.08,0.66,False,High,16,Growing
839e68b3-d0c5-4530-830e-499f0d528921,2019,Canada,North America,Lagos,Prime Technologies,Enterprise,Manufacturing,Policy Analyst,Executive,False,,0.02,"Statistics, Python, Cloud Computing, SQL",Not Specified,80347,-0.4,0.67,False,Medium,2,Growing
64e42a3b-d7c5-47e1-aca1-d59a6fc6591f,2020,United States,North America,Toronto,Future Analytics,Medium,Manufacturing,Research Scientist,Senior,True,"machine learning, reinforcement learning, NLP, deep learning",0.5,"Data Analysis, SQL, Python","machine learning, reinforcement learning, NLP, deep learning",129598,17.1,0.4,True,Medium,19,Growing
53f3b872-c2a3-4d37-b3ba-41c0bb78eddd,2012,Argentina,South America,Tokyo,NextGen Analytics,Medium,Healthcare,Policy Analyst,Mid,False,,0.05,"Project Management, Software Engineering, Statistics",Not Specified,39661,-1.03,0.67,False,Low,7,Emerging
356ac440-11b6-4e17-90a4-ade4d2381dfb,2021,Kenya,Africa,London,NextGen Technologies,Enterprise,Manufacturing,Business Analyst,Mid,False,,0.04,"Business Analysis, Statistics, SQL, Communication",Not Specified,24034,-0.36,0.7,False,Medium,7,Growing
9451510f-903f-4973-a4cb-6847866d2200,2025,New Zealand,Oceania,Lagos,NextGen Systems,Startup,Agriculture,Data Scientist,Lead,True,"LLMs, NLP, computer vision, deep learning",0.55,"Python, Business Analysis, Project Management, SQL","LLMs, NLP, computer vision, deep learning",137163,16.0,0.23,True,High,12,Growing
304ab508-7133-4f33-a6b8-55129aa3613b,2011,Colombia,South America,Paris,NextGen Analytics,Small,Healthcare,Operations Manager,Intern,False,,0.16,"Statistics, Python, SQL",Not Specified,37847,1.99,0.63,False,High,17,Emerging
e2e35954-2d4b-46da-9fc7-eb31068225bf,2021,South Africa,Africa,Bangalore,Prime Technologies,Startup,Retail,ML Engineer,Senior,True,"computer vision, machine learning",0.68,"Data Analysis, Cloud Computing, Python, Business Analysis, Software Engineering","computer vision, machine learning",30749,16.56,0.16,True,High,3,Growing
8f7935e0-78f2-4b54-9aee-701ec526788c,2015,Malaysia,Southeast Asia,New York,Prime Analytics,Enterprise,Retail,ML Engineer,Executive,True,"computer vision, deep learning, MLOps",0.82,"Communication, Statistics, Business Analysis","computer vision, deep learning, MLOps",53884,-2.88,0.24,True,Low,10,Emerging
b3ecf41d-b7d7-46dc-8f57-dff868cc4f38,2019,Italy,Europe,New York,Global Technologies,Enterprise,Tech,Operations Manager,Mid,False,,0.1,"Research, Communication, Business Analysis, Cloud Computing, Project Management, Statistics",Not Specified,82215,4.49,0.81,False,High,3,Growing
0806660c-3748-445e-b12b-202b1bf0b90c,2018,Colombia,South America,Dubai,Prime Analytics,Small,Tech,Product Manager,Junior,False,,0.06,"Software Engineering, Business Analysis, Project Management, Python, Communication, SQL",Not Specified,47943,-3.07,0.75,False,High,17,Growing
ffac9b03-604d-48bd-b2a5-9f7e0917ac1a,2024,Indonesia,Southeast Asia,Nairobi,NextGen Technologies,Large,Retail,Policy Analyst,Senior,True,NLP,0.77,"Software Engineering, Data Analysis, Communication",NLP,61757,16.19,0.16,True,Medium,12,Growing
566b129f-5d4c-4a12-829e-7b576004772b,2015,France,Europe,Seoul,NextGen Technologies,Medium,Healthcare,Systems Engineer,Senior,False,,0.08,"Communication, Software Engineering, Business Analysis",Not Specified,75272,3.21,0.79,False,High,12,Emerging
393cfb0c-a306-4730-8b96-c6d95dcbe134,2010,South Africa,Africa,Dubai,Prime Analytics,Medium,Healthcare,Research Scientist,Mid,False,,0.06,"Software Engineering, SQL, Business Analysis, Project Management, Data Analysis",Not Specified,19062,0.61,0.84,False,High,12,Emerging
48b147b4-387a-465a-8113-ccbd8f62a2cc,2020,China,East Asia,Nairobi,Global Technologies,Small,Tech,Business Analyst,Executive,False,,0.08,"Communication, Python, Statistics",Not Specified,67989,-1.85,0.87,False,Low,12,Growing
cc8011c0-d648-4814-9e43-64d9dbe11263,2012,Philippines,Southeast Asia,Tokyo,NextGen Technologies,Enterprise,Healthcare,Policy Analyst,Senior,False,,0.17,"Cloud Computing, Data Analysis, Python, Software Engineering, Research",Not Specified,30408,2.37,0.74,False,Medium,14,Emerging
6a5c5c70-6e23-4663-b1ed-811c92d33c42,2014,UAE,Middle East,Seoul,Global Systems,Small,Manufacturing,Policy Analyst,Senior,True,NLP,0.55,"Software Engineering, Research, Communication, Cloud Computing, Project Management",NLP,71431,-4.35,0.37,True,Low,8,Emerging
466d1f92-e1a9-4492-a1ba-aa904da0e0cf,2025,Chile,South America,Seoul,Prime Analytics,Small,Manufacturing,Policy Analyst,Junior,False,,0.05,"Software Engineering, Project Management, Python, Statistics",Not Specified,46261,-4.24,0.89,False,Medium,7,Growing
0ad4e87d-d215-4708-a644-865bc7d6f0f2,2021,Singapore,Southeast Asia,Tokyo,Future Solutions,Small,Retail,Policy Analyst,Mid,False,,0.08,"Business Analysis, SQL, Research, Project Management, Communication, Python",Not Specified,43404,-1.52,0.69,False,Medium,4,Growing
ab6cd879-3e4b-4669-8c71-156b70218332,2015,Nigeria,Africa,Seoul,Global Technologies,Enterprise,Manufacturing,ML Engineer,Intern,False,,0.18,"Software Engineering, Data Analysis, Statistics, Project Management",Not Specified,21151,0.02,0.88,False,Medium,5,Emerging
0b4c9fe6-ec0c-4ad7-96b0-763383391e73,2015,Sweden,Europe,Berlin,NextGen Systems,Medium,Retail,Software Engineer,Intern,False,,0.04,"Communication, Business Analysis, Statistics, Python, Data Analysis, Software Engineering",Not Specified,65203,2.84,0.65,False,Low,17,Emerging
c105b885-3812-4cc5-b863-663e6d3aa27f,2012,Bangladesh,South Asia,Singapore,Prime Technologies,Medium,Healthcare,Software Engineer,Mid,False,,0.09,"Software Engineering, Communication, Python, Statistics",Not Specified,21583,-4.47,0.62,False,Low,9,Emerging
4db7aab0-8b5b-4d4f-92a6-316b923c1ecb,2015,Ghana,Africa,Seoul,Global Systems,Medium,Tech,Software Engineer,Senior,False,,0.08,"Python, Software Engineering, Research, Communication",Not Specified,19574,-1.67,0.63,False,Medium,15,Emerging
ff95051e-a955-4528-9003-99320ea078d6,2017,Japan,East Asia,New York,Prime Technologies,Enterprise,Agriculture,Operations Manager,Lead,False,,0.15,"Research, Software Engineering, Project Management",Not Specified,75677,0.86,0.82,False,Low,6,Growing
80e69b51-3380-4beb-870c-90832902eed6,2022,Ghana,Africa,Seoul,NextGen Analytics,Enterprise,Agriculture,Systems Engineer,Executive,True,machine learning,0.93,"SQL, Cloud Computing, Business Analysis, Research, Software Engineering, Statistics",machine learning,38369,9.41,0.3,True,High,12,Growing
fcb5b5ae-ba18-46ee-8840-395717be58b9,2019,Bangladesh,South Asia,Berlin,Prime Systems,Medium,Manufacturing,ML Engineer,Executive,False,,0.17,"SQL, Research, Statistics",Not Specified,25640,0.98,0.6,False,High,17,Growing
1c33e76d-6f73-45b3-b84e-23aba7510c53,2016,Pakistan,South Asia,Seoul,Global Solutions,Enterprise,Healthcare,ML Engineer,Mid,False,,0.14,"Project Management, Python, Research, Software Engineering, Business Analysis, Statistics",Not Specified,26764,-1.13,0.81,False,Low,17,Emerging
620ba16c-1094-4b57-a4d5-bfc9fa0dbb8d,2024,Brazil,South America,New York,Prime Technologies,Startup,Manufacturing,Research Scientist,Executive,True,machine learning,0.85,"Cloud Computing, Software Engineering, Communication, Project Management, SQL",machine learning,61011,7.9,0.14,True,Low,12,Growing
eeb51192-abe6-4b4a-a4ab-2fcba355da0d,2019,Canada,North America,London,Prime Analytics,Large,Tech,ML Engineer,Intern,True,"MLOps, reinforcement learning",0.74,"Research, Communication, Software Engineering, SQL, Python","MLOps, reinforcement learning",134453,11.33,0.1,True,Medium,10,Growing
46806b00-b341-4da9-b790-77f92cb58524,2012,Ghana,Africa,Nairobi,Global Systems,Startup,Tech,Operations Manager,Junior,False,,0.15,"Cloud Computing, Communication, Business Analysis, Statistics",Not Specified,16772,-4.07,0.75,False,Medium,15,Emerging
3cefb48b-56f1-4e31-99a6-973739921ddb,2022,Pakistan,South Asia,Sydney,Global Solutions,Enterprise,Agriculture,Business Analyst,Junior,False,,0.18,"Research, Data Analysis, SQL, Cloud Computing",Not Specified,27461,3.35,0.9,False,Medium,19,Growing
d2f684f0-5ff5-42d9-a71c-1a6195cd4f83,2020,Pakistan,South Asia,Sao Paulo,Future Solutions,Enterprise,Healthcare,AI Researcher,Junior,True,"NLP, generative AI, machine learning",0.83,"Project Management, Software Engineering, Python","NLP, generative AI, machine learning",41012,5.15,0.15,True,Medium,15,Growing
8d199907-e743-4df8-9627-88393ef7ef5b,2018,France,Europe,Toronto,Future Solutions,Startup,Manufacturing,Research Scientist,Junior,False,,0.06,"Statistics, Python, Business Analysis",Not Specified,72141,-2.79,0.65,False,High,18,Growing
b0727e5d-af11-4aa8-95ef-f591cf7156c3,2021,New Zealand,Oceania,Toronto,Prime Solutions,Medium,Agriculture,Data Scientist,Intern,True,"reinforcement learning, deep learning, NLP",0.83,"Communication, Business Analysis, Cloud Computing, Project Management, Software Engineering, Python","reinforcement learning, deep learning, NLP",108517,9.83,0.38,True,Low,13,Growing
8c45ad93-7690-4550-8495-10ecbef9ef79,2022,Japan,East Asia,Sydney,NextGen Systems,Enterprise,Tech,Operations Manager,Intern,True,"computer vision, MLOps, deep learning, generative AI",0.61,"Project Management, SQL, Business Analysis","computer vision, MLOps, deep learning, generative AI",113214,9.86,0.23,True,High,17,Mature
d568a8ec-66d2-4b88-b16e-73c1dfb0fdc3,2013,China,East Asia,Sao Paulo,Global Technologies,Enterprise,Tech,Research Scientist,Senior,False,,0.1,"Python, Project Management, SQL, Business Analysis",Not Specified,53976,-2.03,0.83,False,Low,11,Emerging
46db07c3-e8cb-4b12-9694-b33318073443,2022,Peru,South America,London,Global Analytics,Startup,Agriculture,Systems Engineer,Mid,False,,0.15,"Data Analysis, Business Analysis, Project Management, Python",Not Specified,46590,0.84,0.81,False,Medium,5,Growing
75b382c4-3943-408e-b5fb-67323e0d358e,2014,Saudi Arabia,Middle East,Singapore,NextGen Solutions,Medium,Healthcare,Software Engineer,Intern,False,,0.17,"Cloud Computing, Python, Software Engineering, Data Analysis",Not Specified,57243,-1.65,0.89,False,Low,12,Emerging
e9744436-24bb-4745-9f64-5bf39ef32c6f,2015,Pakistan,South Asia,Tokyo,Global Solutions,Medium,Tech,Data Scientist,Mid,False,,0.05,"Research, Data Analysis, Software Engineering, Project Management, SQL, Communication",Not Specified,19607,-4.94,0.87,False,High,11,Emerging
497464ab-e07c-4c74-a8cc-e1ede463ee12,2016,Philippines,Southeast Asia,Dubai,NextGen Solutions,Large,Manufacturing,Software Engineer,Lead,False,,0.03,"Software Engineering, Communication, Project Management",Not Specified,34685,2.41,0.8,False,Medium,13,Emerging
ef7ea8fb-3451-462c-b272-984622263bd7,2023,China,East Asia,Bangalore,Future Systems,Medium,Healthcare,Product Manager,Junior,False,,0.16,"Business Analysis, Python, Communication, Research, Data Analysis, Cloud Computing",Not Specified,76255,-2.14,0.73,False,High,18,Growing
17b6ef23-439f-4e93-bda2-3bb80d7f52ad,2012,UAE,Middle East,Toronto,NextGen Analytics,Medium,Agriculture,Policy Analyst,Executive,False,,0.18,"Statistics, Business Analysis, SQL, Cloud Computing, Research",Not Specified,49722,0.79,0.87,False,High,2,Emerging
b07aea7c-cb79-4c1e-beff-0f4d593768dd,2015,Jordan,Middle East,Sydney,NextGen Systems,Startup,Manufacturing,Systems Engineer,Senior,True,"MLOps, machine learning, reinforcement learning, deep learning",0.45,"SQL, Python, Data Analysis, Business Analysis, Research, Statistics","MLOps, machine learning, reinforcement learning, deep learning",91932,2.98,0.17,True,Low,14,Emerging
ac22ab6b-35db-4022-9502-636c8fcb9f7b,2013,Israel,Middle East,New York,Global Systems,Enterprise,Agriculture,Data Scientist,Senior,False,,0.15,"Python, Project Management, Communication",Not Specified,50333,-0.53,0.67,False,High,16,Emerging
399ef4ca-4628-4c1d-bfb0-72b00cb4837c,2025,United States,North America,Bangalore,NextGen Solutions,Medium,Tech,Software Engineer,Junior,True,"machine learning, NLP, MLOps",0.64,"Python, Cloud Computing, Statistics","machine learning, NLP, MLOps",144096,12.17,0.25,True,High,3,Mature
6da3f3a0-c614-41c1-bd8d-2340a77dc87a,2015,Nepal,South Asia,Paris,Prime Analytics,Medium,Agriculture,Business Analyst,Mid,False,,0.08,"Python, Data Analysis, Software Engineering, Cloud Computing",Not Specified,22544,0.07,0.71,False,High,3,Emerging
218649e1-1f51-4150-9d9e-66f172e0fbcf,2019,Colombia,South America,Singapore,Prime Analytics,Large,Retail,Policy Analyst,Junior,True,"machine learning, deep learning, reinforcement learning",0.61,"Cloud Computing, SQL, Project Management, Business Analysis, Statistics","machine learning, deep learning, reinforcement learning",53595,11.6,0.33,True,Low,2,Growing
1ae5896c-e714-4d51-9481-ef5c9032fbcc,2018,Taiwan,East Asia,Toronto,Future Technologies,Medium,Manufacturing,AI Researcher,Senior,True,"MLOps, computer vision",0.66,"Python, Statistics, SQL, Project Management, Research","MLOps, computer vision",84770,10.55,0.38,True,Low,14,Growing
282dc7ce-789c-41a2-b90b-967182f08a6e,2017,Sri Lanka,South Asia,Sao Paulo,Global Technologies,Small,Healthcare,Policy Analyst,Senior,False,,0.09,"Cloud Computing, Python, Project Management, Software Engineering",Not Specified,22003,-3.9,0.65,False,Low,15,Growing
3004843c-9e4f-42ff-bf83-1beda4e49ba8,2014,Sri Lanka,South Asia,Toronto,Future Solutions,Small,Retail,ML Engineer,Executive,False,,0.17,"Research, Data Analysis, Business Analysis",Not Specified,21018,0.97,0.64,False,High,0,Emerging
7b14b9df-a82b-4c39-8bec-75383ebac0f8,2021,Sri Lanka,South Asia,Berlin,Global Systems,Medium,Agriculture,Research Scientist,Junior,False,,0.1,"Communication, Project Management, Business Analysis",Not Specified,28336,2.9,0.84,False,Low,11,Growing
e1fe30ed-9db2-4f49-95c4-020190a2f83b,2014,Chile,South America,Seoul,Future Technologies,Large,Tech,Software Engineer,Senior,True,"machine learning, deep learning, NLP",0.72,"SQL, Statistics, Data Analysis","machine learning, deep learning, NLP",57574,3.21,0.27,True,Low,6,Emerging
44d329aa-ceed-4796-9287-85ecd2059757,2012,Nepal,South Asia,New York,Future Solutions,Startup,Manufacturing,Systems Engineer,Executive,False,,0.08,"Communication, Software Engineering, Statistics, Data Analysis",Not Specified,20796,3.38,0.64,False,High,7,Emerging
c2437309-d8a4-4279-8d16-1f88a89b97a0,2017,Malaysia,Southeast Asia,Lagos,Prime Analytics,Medium,Agriculture,Software Engineer,Intern,False,,0.04,"SQL, Software Engineering, Business Analysis, Research",Not Specified,41465,0.69,0.65,False,Low,10,Growing
5e912d69-5cc2-4665-b862-c47cbaea3e9e,2021,New Zealand,Oceania,Paris,Prime Technologies,Medium,Tech,Policy Analyst,Executive,False,,0.1,"Python, SQL, Communication, Project Management, Business Analysis",Not Specified,85660,4.08,0.86,False,High,12,Growing
704dd77f-fb65-4b90-ad7a-c6216f15642b,2018,Israel,Middle East,Lagos,Prime Solutions,Medium,Tech,Policy Analyst,Executive,True,"machine learning, reinforcement learning",0.69,"Communication, Python, Statistics","machine learning, reinforcement learning",79153,16.61,0.35,True,High,7,Growing
34613d6b-cc27-414c-b23b-164f9857c08f,2019,Morocco,Africa,Tokyo,Future Analytics,Enterprise,Agriculture,Data Scientist,Lead,False,,0.15,"Project Management, Business Analysis, Statistics, Data Analysis, Communication, Software Engineering",Not Specified,25855,2.74,0.83,False,Medium,13,Growing
ba63e506-a67e-464b-8bb7-b437474cc560,2012,United States,North America,Tokyo,Future Analytics,Enterprise,Tech,Product Manager,Intern,True,"MLOps, reinforcement learning",0.43,"Business Analysis, Python, Research, SQL, Data Analysis","MLOps, reinforcement learning",90935,2.66,0.29,True,Low,0,Emerging
a573dd41-11f5-4d29-91d3-03c9eefef6b5,2021,Mexico,North America,Bangalore,Global Systems,Medium,Agriculture,Operations Manager,Senior,True,"LLMs, reinforcement learning, MLOps",0.8,"Communication, Statistics, Python, SQL, Data Analysis","LLMs, reinforcement learning, MLOps",139173,9.74,0.34,True,Medium,8,Growing
14895cbd-85da-4c15-b7a0-05f303ffd6dc,2017,Netherlands,Europe,Singapore,Global Technologies,Medium,Tech,Systems Engineer,Executive,False,,0.15,"Python, Communication, Project Management, Cloud Computing, Statistics",Not Specified,80454,2.05,0.66,False,Medium,11,Growing
348a6cf2-8b24-4aea-b3b7-ac2db94cd85f,2022,Nepal,South Asia,Berlin,Prime Analytics,Startup,Agriculture,AI Researcher,Senior,True,"MLOps, reinforcement learning, NLP, deep learning",0.42,"SQL, Research, Cloud Computing, Software Engineering","MLOps, reinforcement learning, NLP, deep learning",37504,11.71,0.19,True,Low,14,Growing
eab55a67-4fac-4707-884e-af7fa9ed778a,2020,Malaysia,Southeast Asia,Nairobi,Prime Solutions,Enterprise,Retail,ML Engineer,Junior,True,deep learning,0.63,"Communication, SQL, Cloud Computing",deep learning,48126,8.13,0.18,True,Low,3,Growing
af701609-38ce-4691-93e2-6ab86662e758,2024,India,South Asia,Dubai,NextGen Solutions,Large,Tech,Data Scientist,Lead,True,NLP,0.75,"SQL, Research, Project Management, Business Analysis, Python, Communication",NLP,42911,13.37,0.17,True,High,13,Mature
e190d2fc-152a-4851-9962-21e3053491ce,2017,Germany,Europe,Berlin,Prime Technologies,Enterprise,Healthcare,Software Engineer,Executive,False,,0.17,"Data Analysis, Cloud Computing, SQL, Research",Not Specified,79583,3.18,0.75,False,Low,1,Growing
1b40ed1e-9d4e-4d54-878f-075a659621a8,2015,Mexico,North America,Singapore,NextGen Solutions,Medium,Healthcare,ML Engineer,Executive,False,,0.02,"Python, Statistics, Research",Not Specified,73848,3.49,0.89,False,High,19,Emerging
e0f8052f-4eba-4d90-9171-fc21e3f750d8,2013,Mexico,North America,Seoul,Prime Systems,Small,Tech,Research Scientist,Executive,False,,0.03,"Python, Communication, Data Analysis, Research",Not Specified,86339,-2.7,0.64,False,Medium,19,Emerging
e56214e7-4487-4ac5-81d7-0e5a3814f982,2010,Egypt,Africa,New York,Future Solutions,Enterprise,Healthcare,Systems Engineer,Mid,True,"machine learning, NLP",0.77,"Cloud Computing, Research, Data Analysis, Project Management","machine learning, NLP",22588,-4.35,0.26,True,Medium,4,Emerging
fb7d0550-6596-4821-a30e-2165d4ab14c3,2016,Kenya,Africa,London,Global Technologies,Medium,Tech,Product Manager,Junior,True,"deep learning, NLP",0.8,"SQL, Statistics, Cloud Computing, Data Analysis, Project Management","deep learning, NLP",26567,-1.29,0.28,True,High,18,Emerging
c259b060-16d1-4b63-8f63-de0964d341e6,2012,Nepal,South Asia,Paris,NextGen Systems,Medium,Agriculture,Software Engineer,Senior,False,,0.18,"Cloud Computing, Software Engineering, Python, Research",Not Specified,18750,4.94,0.76,False,Medium,11,Emerging
f78c4a22-166d-454c-9179-4599772e8c37,2017,UAE,Middle East,London,Prime Analytics,Medium,Agriculture,Software Engineer,Lead,False,,0.14,"Project Management, Python, SQL, Data Analysis, Statistics, Research",Not Specified,55265,-0.82,0.66,False,Low,3,Growing
9d25b136-ef91-4d4e-bb9e-399b32549dc7,2019,Mexico,North America,Paris,Future Analytics,Enterprise,Agriculture,Business Analyst,Executive,False,,0.13,"Software Engineering, Business Analysis, SQL",Not Specified,86548,1.03,0.82,False,High,9,Growing
40f9873f-1ce5-4c0f-a279-536fdfea3b12,2018,New Zealand,Oceania,Sao Paulo,Future Solutions,Enterprise,Agriculture,AI Researcher,Intern,False,,0.1,"Cloud Computing, SQL, Software Engineering, Business Analysis",Not Specified,73413,0.42,0.75,False,High,11,Growing
261a84ee-438c-4db2-906f-19cf1c367f57,2019,Colombia,South America,Bangalore,Global Systems,Enterprise,Agriculture,Software Engineer,Executive,False,,0.15,"Communication, SQL, Project Management, Research, Software Engineering",Not Specified,46301,-2.16,0.81,False,Low,18,Growing
0fd93137-54b3-4211-b566-7858b097fe97,2013,Poland,Europe,Seoul,NextGen Systems,Small,Tech,Systems Engineer,Senior,False,,0.12,"Cloud Computing, Business Analysis, Project Management",Not Specified,72669,2.95,0.86,False,High,13,Emerging
85c4b768-58bb-450b-9e34-38ac20640575,2011,Saudi Arabia,Middle East,Dubai,Prime Analytics,Medium,Manufacturing,Software Engineer,Mid,False,,0.19,"Business Analysis, Python, Communication, Project Management, Statistics, Research",Not Specified,55574,1.08,0.88,False,Low,2,Emerging
47faa124-d874-40a0-8715-d59586eaffd0,2010,United Kingdom,Europe,Dubai,NextGen Solutions,Medium,Healthcare,AI Researcher,Junior,False,,0.19,"Project Management, Business Analysis, Statistics, Research, Cloud Computing",Not Specified,61012,-4.16,0.61,False,High,9,Emerging
87719185-d955-4784-8a5e-172e2b33d909,2015,Singapore,Southeast Asia,Singapore,Prime Analytics,Startup,Agriculture,Research Scientist,Lead,False,,0.04,"SQL, Cloud Computing, Business Analysis, Research, Statistics, Data Analysis",Not Specified,31747,-1.68,0.77,False,Medium,8,Emerging
e2f55e52-5b6f-48aa-ace3-10d15c454071,2015,Israel,Middle East,Nairobi,NextGen Technologies,Enterprise,Agriculture,Systems Engineer,Senior,False,,0.13,"Communication, Data Analysis, Research",Not Specified,54383,4.43,0.87,False,Medium,6,Emerging
44c4ab8d-a934-4c4f-baed-cb127f3164d8,2022,Australia,Oceania,New York,Future Systems,Enterprise,Manufacturing,Business Analyst,Senior,True,"machine learning, computer vision",0.51,"SQL, Business Analysis, Communication, Software Engineering, Research","machine learning, computer vision",125287,16.69,0.36,True,Medium,11,Growing
9d2cf2cd-4151-4dc9-8f73-45acbdb5922d,2016,Ghana,Africa,Paris,Prime Analytics,Medium,Manufacturing,Software Engineer,Junior,False,,0.05,"Python, Project Management, Statistics, Data Analysis, SQL",Not Specified,22092,-3.98,0.68,False,Low,13,Emerging
56497883-9451-4ca8-aaea-cafd91ea711e,2021,Malaysia,Southeast Asia,Berlin,Prime Solutions,Enterprise,Tech,ML Engineer,Lead,False,,0.1,"Business Analysis, SQL, Statistics, Cloud Computing, Project Management",Not Specified,39050,-4.61,0.8,False,Medium,9,Growing
f9806149-82c0-4017-a2e2-5c3b26c33183,2013,Ghana,Africa,Nairobi,NextGen Technologies,Medium,Tech,Systems Engineer,Mid,True,"NLP, computer vision, MLOps, reinforcement learning",0.9,"Communication, Project Management, Research, Business Analysis, Python","NLP, computer vision, MLOps, reinforcement learning",26968,0.22,0.35,True,Low,19,Emerging
a4048d81-8a22-4c8c-8ab5-3b8fdc5cd918,2021,Nigeria,Africa,Nairobi,Prime Solutions,Small,Healthcare,ML Engineer,Junior,False,,0.17,"Project Management, SQL, Cloud Computing, Communication, Data Analysis",Not Specified,25081,-1.63,0.63,False,High,14,Growing
5790414c-b5cb-48d0-8170-5cfd554d7ead,2021,Japan,East Asia,Tokyo,Future Systems,Medium,Retail,Data Scientist,Lead,True,LLMs,0.84,"Business Analysis, Software Engineering, Cloud Computing, Research, Python",LLMs,93091,9.42,0.33,True,Medium,3,Growing
07ae3c47-e26a-47b2-9c59-7c6fdc8f8a6a,2016,South Korea,East Asia,Singapore,Future Technologies,Large,Tech,Software Engineer,Mid,False,,0.03,"Data Analysis, Project Management, SQL, Communication, Cloud Computing, Statistics",Not Specified,71210,0.86,0.77,False,High,14,Emerging
5ed2a52a-b294-4f96-8122-e421ad32ee8e,2016,United States,North America,Sydney,Prime Technologies,Small,Retail,Software Engineer,Mid,False,,0.09,"SQL, Software Engineering, Communication, Business Analysis, Data Analysis",Not Specified,90418,-0.19,0.7,False,Medium,19,Emerging
ea906565-8401-4ec0-a290-4463273b7a57,2012,South Korea,East Asia,Nairobi,NextGen Solutions,Large,Tech,Data Scientist,Lead,False,,0.07,"Business Analysis, Research, Communication, Python",Not Specified,56103,3.95,0.61,False,Medium,15,Emerging
1ae638ce-d0bc-45ee-b11d-de43a7bf92a6,2022,Canada,North America,Singapore,Global Analytics,Medium,Healthcare,Operations Manager,Mid,True,"LLMs, reinforcement learning, generative AI",0.73,"Cloud Computing, Python, Data Analysis, Research","LLMs, reinforcement learning, generative AI",134885,16.08,0.28,True,High,15,Growing
f74b5e0a-259f-461c-8724-324aa298c89c,2025,China,East Asia,Sydney,NextGen Systems,Startup,Agriculture,ML Engineer,Executive,True,computer vision,0.51,"SQL, Software Engineering, Research, Project Management, Cloud Computing",computer vision,119573,13.87,0.39,True,High,6,Growing
3e30357e-3bbf-4d8a-ab98-37a011273abd,2011,Jordan,Middle East,Paris,Future Systems,Startup,Retail,Product Manager,Junior,False,,0.14,"Statistics, Cloud Computing, SQL, Python",Not Specified,59041,-1.64,0.88,False,Medium,7,Emerging
bb58dbb9-8daf-4dc7-8f04-cdb171f30af0,2011,Indonesia,Southeast Asia,Bangalore,Future Systems,Enterprise,Agriculture,Systems Engineer,Junior,False,,0.07,"Cloud Computing, Business Analysis, Python, SQL, Research",Not Specified,28726,4.37,0.79,False,Medium,0,Emerging
1672fa16-32cf-4936-97aa-a466db1d6801,2012,Italy,Europe,Nairobi,Prime Solutions,Enterprise,Manufacturing,Research Scientist,Mid,False,,0.02,"Python, Business Analysis, Cloud Computing, Software Engineering, Project Management, Data Analysis",Not Specified,56313,2.52,0.68,False,Medium,11,Emerging
9e374346-7c86-4f2e-8307-40d59e1aa9c2,2010,United States,North America,Bangalore,Future Technologies,Startup,Agriculture,Research Scientist,Executive,False,,0.07,"Cloud Computing, Research, Software Engineering",Not Specified,78089,-1.7,0.86,False,High,7,Emerging
047f297f-b354-42a2-8f99-b1b92d4f9ef1,2010,Mexico,North America,Sao Paulo,Global Technologies,Large,Tech,AI Researcher,Junior,True,deep learning,0.73,"Research, Python, SQL, Communication, Cloud Computing, Business Analysis",deep learning,88509,2.29,0.11,True,Medium,16,Emerging
c8b935f9-88d5-4d6a-9abd-6fb1f64d2833,2019,China,East Asia,Sydney,NextGen Technologies,Small,Tech,Product Manager,Mid,False,,0.2,"Software Engineering, Statistics, Project Management, Business Analysis, Cloud Computing, SQL",Not Specified,63734,-1.37,0.77,False,Medium,15,Growing
3cb0679b-27fa-404f-a228-a41f454c9c91,2025,Netherlands,Europe,Nairobi,Global Technologies,Startup,Manufacturing,Policy Analyst,Lead,False,,0.09,"Statistics, Data Analysis, Python, Software Engineering, SQL",Not Specified,78929,-0.42,0.85,False,Medium,12,Growing
2a9c4a64-39ae-4914-87cc-e5aa181f079e,2012,Chile,South America,Bangalore,Future Systems,Small,Healthcare,Software Engineer,Intern,False,,0.19,"Statistics, Business Analysis, Software Engineering, Communication, SQL",Not Specified,31621,3.55,0.75,False,High,16,Emerging
42535df5-5d6e-4172-b9b4-0b4c4c87d394,2018,Italy,Europe,Dubai,Future Systems,Small,Manufacturing,Business Analyst,Executive,False,,0.09,"Communication, Cloud Computing, Software Engineering, Statistics, Project Management, Data Analysis",Not Specified,81679,-2.39,0.63,False,Medium,3,Growing
2d1bb17f-1135-420f-9971-f1059a28ae1f,2025,India,South Asia,Paris,Prime Systems,Enterprise,Retail,Systems Engineer,Lead,True,"MLOps, computer vision",0.95,"Cloud Computing, Communication, Data Analysis, Statistics, Business Analysis","MLOps, computer vision",38765,7.25,0.36,True,Medium,19,Growing
98d26361-1baa-4930-8acb-1dae720e1752,2015,Bangladesh,South Asia,Berlin,NextGen Solutions,Small,Agriculture,Systems Engineer,Mid,False,,0.16,"SQL, Statistics, Communication, Cloud Computing, Software Engineering",Not Specified,25488,4.87,0.89,False,Medium,10,Emerging
3629dcb7-6ab9-481a-bd36-8696d370b047,2013,United States,North America,Bangalore,NextGen Analytics,Medium,Healthcare,ML Engineer,Intern,False,,0.05,"Software Engineering, SQL, Cloud Computing, Business Analysis, Communication",Not Specified,73090,-2.28,0.67,False,High,1,Emerging
778403e9-523f-4d2d-a7ad-01c1237e7ffb,2018,Australia,Oceania,Sydney,Prime Systems,Large,Manufacturing,Business Analyst,Mid,False,,0.04,"Project Management, Business Analysis, Data Analysis, SQL",Not Specified,74175,-2.64,0.71,False,High,5,Growing
cbd8cc99-a87f-4b16-bdc1-af1ba451a94f,2021,United Kingdom,Europe,Paris,NextGen Systems,Small,Tech,Product Manager,Junior,True,NLP,0.94,"Research, Cloud Computing, Python, Communication, Business Analysis, Project Management",NLP,120781,8.41,0.32,True,Medium,16,Growing
382d77c7-301b-48e5-b81d-76513cdd27ad,2022,Peru,South America,Dubai,NextGen Solutions,Enterprise,Manufacturing,ML Engineer,Junior,False,,0.19,"Software Engineering, SQL, Data Analysis, Python, Statistics",Not Specified,51620,1.64,0.73,False,Low,5,Growing
b75bb13f-9440-4c53-9f4a-4f9d4b06bde2,2013,United States,North America,Paris,NextGen Systems,Medium,Tech,Product Manager,Junior,False,,0.14,"Software Engineering, Communication, Statistics, SQL",Not Specified,67552,0.29,0.89,False,Low,4,Emerging
8eb0b324-32bb-4e2d-82e8-a715f7522214,2024,New Zealand,Oceania,Lagos,Global Analytics,Small,Manufacturing,Business Analyst,Junior,True,"NLP, machine learning, computer vision",0.64,"Software Engineering, Research, Communication","NLP, machine learning, computer vision",136456,14.53,0.35,True,High,7,Growing
9632666c-86f1-43a3-825b-85d82a8d64b5,2017,Malaysia,Southeast Asia,Toronto,Prime Analytics,Medium,Retail,Research Scientist,Lead,False,,0.02,"Communication, Business Analysis, Python, Cloud Computing, Project Management, Software Engineering",Not Specified,37514,2.43,0.75,False,High,18,Growing
c862044a-10ed-4952-bcfd-4306fca07c47,2018,Kenya,Africa,Sao Paulo,Prime Systems,Large,Healthcare,Operations Manager,Senior,False,,0.18,"Project Management, Python, Business Analysis, Communication",Not Specified,23002,-4.17,0.88,False,High,9,Growing
4f3478c8-ea61-4d9e-a963-854a466510fb,2015,Colombia,South America,New York,Future Analytics,Small,Tech,Software Engineer,Senior,True,NLP,0.87,"Statistics, Python, Communication",NLP,51204,-1.88,0.35,True,High,0,Emerging
a95015f6-e5ee-4e94-9951-40ef16034101,2012,Kenya,Africa,Paris,Global Technologies,Small,Agriculture,ML Engineer,Executive,False,,0.14,"Research, Project Management, Data Analysis, Business Analysis",Not Specified,16456,1.69,0.61,False,High,0,Emerging
634fdbeb-0913-48c5-94c4-b1c54d8f026a,2020,Canada,North America,London,NextGen Solutions,Large,Retail,ML Engineer,Executive,True,"generative AI, MLOps, LLMs",0.44,"Data Analysis, Business Analysis, SQL, Project Management","generative AI, MLOps, LLMs",125605,16.31,0.27,True,Medium,7,Growing
19c785b1-aca5-4246-a362-74739262962e,2023,Egypt,Africa,Seoul,Future Systems,Medium,Tech,AI Researcher,Junior,True,"LLMs, NLP, deep learning",0.94,"Software Engineering, SQL, Statistics, Research","LLMs, NLP, deep learning",32869,13.5,0.29,True,Medium,14,Mature
59c73d78-cb3f-42ca-9acb-73bc10425577,2019,Pakistan,South Asia,Lagos,Global Solutions,Medium,Retail,Business Analyst,Senior,False,,0.03,"Business Analysis, Statistics, Project Management, Python",Not Specified,26353,2.19,0.81,False,High,7,Growing
84049bab-d02f-40e7-9f20-6b54d62229e9,2022,Egypt,Africa,New York,Future Solutions,Small,Retail,AI Researcher,Lead,False,,0.05,"Project Management, Data Analysis, Research",Not Specified,27065,-0.94,0.64,False,Medium,10,Growing
238d2e5a-c0f3-44fa-b9a9-23a62a38e1a3,2011,Mexico,North America,Bangalore,Future Technologies,Large,Healthcare,Policy Analyst,Executive,False,,0.12,"Python, SQL, Project Management",Not Specified,80166,-4.7,0.66,False,Medium,2,Emerging
af1bb6d6-d4c7-4c57-ac06-91eb531345c1,2014,United States,North America,Paris,Future Technologies,Large,Tech,AI Researcher,Intern,False,,0.04,"Software Engineering, Business Analysis, Cloud Computing, Research, Project Management",Not Specified,85432,-4.09,0.73,False,Low,17,Emerging
f5323f44-77d5-4411-91d8-d0828bbc1b34,2019,Australia,Oceania,Bangalore,Future Solutions,Large,Agriculture,Data Scientist,Executive,False,,0.17,"Statistics, Data Analysis, Cloud Computing, SQL",Not Specified,87113,-4.28,0.88,False,Low,4,Growing
5d3216fd-2098-48b2-a45b-b2523dacad7f,2020,France,Europe,Nairobi,Global Systems,Medium,Healthcare,AI Researcher,Junior,False,,0.18,"Software Engineering, Project Management, Cloud Computing, SQL, Python, Research",Not Specified,70564,4.01,0.67,False,Medium,18,Growing
c02f5456-aee8-4c22-9e63-51ebed319e54,2025,Vietnam,Southeast Asia,Sao Paulo,Future Solutions,Enterprise,Tech,Product Manager,Mid,True,"generative AI, deep learning, MLOps",0.42,"Software Engineering, Project Management, Python, Data Analysis","generative AI, deep learning, MLOps",62236,11.24,0.28,True,High,3,Mature
5a2dcbad-0e2f-4705-93cf-03a7323ef774,2010,Japan,East Asia,Singapore,Prime Technologies,Startup,Agriculture,Systems Engineer,Senior,False,,0.16,"Research, Software Engineering, Communication, Project Management, Python, Data Analysis",Not Specified,49687,0.23,0.71,False,High,2,Emerging
df514ec3-357c-4f03-82ef-3ed5ed128dc6,2025,Poland,Europe,Berlin,Global Systems,Enterprise,Healthcare,Research Scientist,Lead,True,"MLOps, deep learning, NLP",0.71,"Statistics, Business Analysis, Communication, Research, Project Management","MLOps, deep learning, NLP",127825,14.13,0.28,True,Medium,17,Growing
3f647069-5624-48cf-8d70-761067e33546,2025,United States,North America,Paris,Future Systems,Small,Agriculture,Product Manager,Mid,False,,0.12,"Communication, Business Analysis, Statistics",Not Specified,116575,-0.78,0.88,False,Medium,17,Growing
87c769db-b924-4133-8d3a-7625d4d0c702,2010,United Kingdom,Europe,Bangalore,Global Systems,Enterprise,Retail,Business Analyst,Senior,False,,0.12,"Python, Software Engineering, SQL, Statistics, Data Analysis",Not Specified,66579,-0.49,0.86,False,Low,11,Emerging
edbb8fa2-7c64-4b67-870b-78e1b926bfb9,2018,Australia,Oceania,Bangalore,Future Analytics,Large,Healthcare,Business Analyst,Senior,False,,0.03,"Statistics, Software Engineering, Business Analysis, Cloud Computing",Not Specified,82686,-1.12,0.64,False,Low,8,Growing
f70b8277-ea85-46c4-8286-68c3bc5e0708,2018,South Korea,East Asia,New York,Prime Solutions,Small,Tech,Business Analyst,Junior,False,,0.03,"SQL, Python, Research, Business Analysis, Communication, Software Engineering",Not Specified,60842,3.98,0.62,False,Medium,7,Growing
1ac04583-395c-4058-b6f0-708563b1c9a5,2011,Argentina,South America,Singapore,Prime Systems,Startup,Manufacturing,Business Analyst,Mid,False,,0.01,"Project Management, Data Analysis, Communication",Not Specified,32804,-0.51,0.67,False,Low,2,Emerging
5b8861fd-acdd-42e0-ba70-2be59a91defc,2013,Egypt,Africa,Toronto,Global Systems,Small,Agriculture,ML Engineer,Senior,False,,0.13,"Software Engineering, Python, Communication, Cloud Computing, Data Analysis, Research",Not Specified,16888,4.52,0.82,False,Medium,4,Emerging
34fc3ce7-2147-43e9-bb4a-f6a5901b69c8,2018,Australia,Oceania,New York,Future Systems,Enterprise,Agriculture,Software Engineer,Lead,True,"NLP, computer vision, deep learning",0.95,"Software Engineering, Cloud Computing, Python","NLP, computer vision, deep learning",126641,16.83,0.39,True,High,0,Growing
5e95ae3b-f9f9-407e-badc-f3b3e83b0323,2017,Mexico,North America,Bangalore,Prime Technologies,Medium,Healthcare,Research Scientist,Mid,False,,0.18,"SQL, Research, Cloud Computing, Software Engineering, Business Analysis",Not Specified,89580,2.93,0.79,False,Medium,19,Growing
ed03ab7f-0a2b-4959-8cf8-02e7cb979b66,2010,Kenya,Africa,Toronto,Prime Technologies,Enterprise,Healthcare,Product Manager,Junior,False,,0.14,"Research, Business Analysis, Communication, Project Management, Statistics, Cloud Computing",Not Specified,15321,-2.38,0.76,False,Medium,2,Emerging
97485ec8-073e-4025-9247-0586856f2436,2011,Philippines,Southeast Asia,London,Global Analytics,Large,Healthcare,ML Engineer,Mid,False,,0.09,"Statistics, SQL, Business Analysis, Project Management",Not Specified,34507,2.43,0.62,False,Low,3,Emerging
def90f04-a5ee-46eb-b80b-00588849b949,2022,Thailand,Southeast Asia,Seoul,Global Analytics,Medium,Manufacturing,Business Analyst,Mid,False,,0.17,"Python, Communication, Data Analysis, Software Engineering, Project Management, SQL",Not Specified,40402,1.0,0.9,False,High,11,Growing
7a654d0d-a459-47d4-95b0-9781cfc8b131,2010,Taiwan,East Asia,Nairobi,Future Analytics,Startup,Retail,Operations Manager,Executive,False,,0.16,"SQL, Data Analysis, Business Analysis, Statistics, Cloud Computing, Research",Not Specified,56299,-0.44,0.7,False,Low,2,Emerging
b85dc7db-801a-43af-a5c4-50df7fbd52ff,2010,UAE,Middle East,Singapore,Global Analytics,Small,Tech,Software Engineer,Junior,False,,0.09,"Cloud Computing, Communication, Statistics, Research, Software Engineering, SQL",Not Specified,54768,-0.23,0.73,False,Low,13,Emerging
68761ec2-100c-494d-adc9-9df4716c4a1a,2025,Jordan,Middle East,Lagos,Prime Technologies,Medium,Agriculture,AI Researcher,Intern,True,"MLOps, machine learning, generative AI",0.91,"SQL, Cloud Computing, Data Analysis, Business Analysis","MLOps, machine learning, generative AI",109020,9.45,0.28,True,Medium,12,Growing
bffc5bd1-de96-443b-8bbc-e7c0c306a91d,2011,Ghana,Africa,Lagos,Prime Solutions,Small,Tech,Systems Engineer,Senior,False,,0.01,"Data Analysis, Cloud Computing, Research, Python, Software Engineering",Not Specified,20313,1.05,0.68,False,Low,15,Emerging
1574025d-2b5f-41d7-97e0-1daa2e2c68a2,2016,Bangladesh,South Asia,London,Future Analytics,Large,Tech,Business Analyst,Lead,False,,0.02,"Cloud Computing, Software Engineering, Data Analysis, SQL, Project Management, Statistics",Not Specified,24519,-0.52,0.75,False,Low,2,Emerging
14048ed7-ee9a-45df-ad48-72dedc057847,2012,Thailand,Southeast Asia,Dubai,Prime Systems,Large,Manufacturing,Software Engineer,Intern,True,"computer vision, MLOps",0.77,"Data Analysis, Cloud Computing, Software Engineering, Statistics, Business Analysis, Research","computer vision, MLOps",41309,4.89,0.12,True,High,3,Emerging
b76b9ee0-6a84-4a12-8503-33c000b90151,2024,Australia,Oceania,Berlin,Global Systems,Large,Healthcare,Operations Manager,Mid,True,"deep learning, generative AI",0.48,"Business Analysis, Python, Data Analysis, Statistics, Project Management","deep learning, generative AI",132021,8.69,0.18,True,Medium,2,Growing
438ff3f4-5719-48db-b50f-8167ae171a28,2022,UAE,Middle East,Paris,Prime Solutions,Startup,Healthcare,Policy Analyst,Lead,False,,0.12,"SQL, Cloud Computing, Project Management, Research, Software Engineering, Statistics",Not Specified,70616,-4.37,0.73,False,High,1,Growing
9f4e2320-b87f-4506-a187-433f2f40471f,2021,United States,North America,Paris,Future Solutions,Startup,Manufacturing,Operations Manager,Senior,True,"NLP, computer vision, LLMs, reinforcement learning",0.72,"Communication, Cloud Computing, SQL","NLP, computer vision, LLMs, reinforcement learning",114755,11.36,0.16,True,Medium,16,Growing
445dc0a5-1e75-415e-aac1-a46a0923e539,2013,Japan,East Asia,Tokyo,NextGen Solutions,Enterprise,Retail,ML Engineer,Executive,True,"computer vision, MLOps, machine learning",0.62,"Data Analysis, Software Engineering, Business Analysis, Communication, Python, Statistics","computer vision, MLOps, machine learning",88030,-2.33,0.33,True,High,9,Emerging
9f291217-80bf-4b8a-9585-400df97e104a,2011,United States,North America,Berlin,Prime Analytics,Large,Tech,Operations Manager,Senior,False,,0.14,"Business Analysis, Project Management, SQL, Research, Python, Statistics",Not Specified,63824,-4.76,0.8,False,Medium,7,Emerging
22abc779-7c79-4db6-bdbc-84d0dc253920,2012,Philippines,Southeast Asia,London,NextGen Analytics,Medium,Retail,Software Engineer,Lead,False,,0.05,"Data Analysis, Software Engineering, Business Analysis, Project Management",Not Specified,28745,4.32,0.82,False,Medium,4,Emerging
e6e4ba61-b9db-4337-b255-4e149f96d61e,2017,South Korea,East Asia,Lagos,NextGen Analytics,Large,Tech,Systems Engineer,Executive,False,,0.06,"Cloud Computing, Business Analysis, Python, SQL, Data Analysis",Not Specified,71282,-4.54,0.81,False,High,13,Growing
78e5730d-2cc5-4f66-b80a-9c957041dfc3,2018,Taiwan,East Asia,Tokyo,Future Technologies,Startup,Retail,Business Analyst,Lead,True,"machine learning, MLOps, deep learning, reinforcement learning",0.47,"Software Engineering, SQL, Business Analysis","machine learning, MLOps, deep learning, reinforcement learning",88613,16.36,0.33,True,Low,2,Growing
cb8480b7-2294-4e40-863a-ce6183eb9485,2012,Saudi Arabia,Middle East,Berlin,Future Technologies,Medium,Agriculture,Research Scientist,Intern,False,,0.1,"Statistics, Software Engineering, Project Management",Not Specified,47512,4.17,0.85,False,Low,8,Emerging
502933e6-2093-42e2-97fb-318b5ff8607a,2014,Malaysia,Southeast Asia,London,NextGen Analytics,Medium,Agriculture,AI Researcher,Lead,True,"deep learning, MLOps",0.41,"Communication, Statistics, Project Management, Research, Data Analysis","deep learning, MLOps",53888,2.37,0.35,True,Low,10,Emerging
6087e863-d06d-45cd-8696-c41fb5306296,2025,New Zealand,Oceania,Tokyo,NextGen Analytics,Large,Healthcare,Software Engineer,Senior,True,computer vision,0.57,"Business Analysis, Cloud Computing, Statistics, Project Management, Research, Communication",computer vision,145613,12.51,0.35,True,High,9,Growing
a7838528-1bed-4562-9090-902ed8bf4b42,2021,Indonesia,Southeast Asia,Paris,Prime Analytics,Large,Manufacturing,Business Analyst,Senior,True,"generative AI, deep learning, reinforcement learning",0.94,"Software Engineering, Project Management, Communication","generative AI, deep learning, reinforcement learning",58583,6.43,0.27,True,Low,14,Growing
6fb48944-859b-44db-b6c7-e826f0d825a1,2018,Saudi Arabia,Middle East,Seoul,Prime Solutions,Large,Agriculture,Product Manager,Lead,True,machine learning,0.81,"Cloud Computing, Data Analysis, SQL",machine learning,96635,16.7,0.12,True,High,12,Growing
b9969446-513a-4875-8003-c179f100c28c,2019,Singapore,Southeast Asia,Nairobi,Future Solutions,Small,Healthcare,AI Researcher,Junior,False,,0.12,"Software Engineering, Research, Statistics, Data Analysis",Not Specified,32909,-2.58,0.65,False,Medium,8,Growing
7a3729cf-8ffe-4ccf-ac7d-7e4745429117,2017,Sri Lanka,South Asia,Dubai,Prime Analytics,Large,Healthcare,AI Researcher,Mid,False,,0.1,"Statistics, Cloud Computing, Software Engineering, Business Analysis, Communication, SQL",Not Specified,22513,-1.55,0.88,False,Low,6,Growing
1db11e92-5f1f-4a6e-921f-c3f19a0b7d1a,2010,United States,North America,Sydney,Prime Analytics,Medium,Agriculture,Policy Analyst,Intern,False,,0.04,"Python, Project Management, Cloud Computing, Research",Not Specified,78230,0.54,0.61,False,High,5,Emerging
10365f15-3bcd-4d6a-85a6-8f8c1a905e22,2012,South Africa,Africa,Paris,Prime Systems,Small,Healthcare,AI Researcher,Mid,False,,0.11,"Cloud Computing, Research, Python, Statistics, Project Management",Not Specified,19150,-4.18,0.77,False,Medium,6,Emerging
f397a941-8dc9-4b44-8650-cea26d30480e,2019,Australia,Oceania,Lagos,Prime Technologies,Small,Retail,Policy Analyst,Lead,False,,0.19,"Statistics, Python, Communication",Not Specified,77981,-0.95,0.82,False,Low,12,Growing
65f8c56b-d7c5-4821-b4bc-35d52d57921a,2010,Kenya,Africa,Sao Paulo,NextGen Solutions,Large,Retail,ML Engineer,Lead,True,reinforcement learning,0.81,"Project Management, Data Analysis, Communication, Statistics",reinforcement learning,25013,1.34,0.22,True,High,16,Emerging
e11c9807-a0b5-4722-b409-4161c8839ee9,2023,Kenya,Africa,Sao Paulo,NextGen Systems,Large,Healthcare,Systems Engineer,Intern,False,,0.04,"Statistics, Cloud Computing, Python, Research, Project Management",Not Specified,21970,0.69,0.85,False,High,16,Growing
ba1e9127-32f5-42fc-92ec-1106b5e433fd,2025,Japan,East Asia,Singapore,Global Systems,Enterprise,Tech,Operations Manager,Senior,True,"generative AI, MLOps, reinforcement learning",0.49,"Software Engineering, Project Management, Research, Cloud Computing","generative AI, MLOps, reinforcement learning",113949,16.98,0.28,True,High,6,Mature
218d50d0-a8a3-4d8f-8916-0c40f6d131ed,2023,Mexico,North America,Nairobi,Global Systems,Enterprise,Tech,ML Engineer,Executive,True,"computer vision, LLMs, MLOps",0.51,"Business Analysis, Data Analysis, Project Management, Cloud Computing","computer vision, LLMs, MLOps",123342,8.95,0.3,True,Low,16,Mature
8ba1ed63-f2ae-4c7e-b9f1-c377f09599ea,2013,France,Europe,Seoul,NextGen Systems,Enterprise,Agriculture,Policy Analyst,Executive,False,,0.04,"Data Analysis, Business Analysis, Research, SQL, Cloud Computing, Software Engineering",Not Specified,58416,-2.82,0.6,False,Low,3,Emerging
3e06a340-aca7-439f-a916-2c8b536cf763,2020,Peru,South America,Dubai,NextGen Analytics,Startup,Healthcare,Research Scientist,Junior,False,,0.16,"Python, Project Management, Statistics, Software Engineering",Not Specified,42158,-0.45,0.84,False,Medium,14,Growing
20e3e79d-96f2-448a-97a3-4e72e16e42c0,2018,Netherlands,Europe,Seoul,Future Systems,Startup,Healthcare,Policy Analyst,Lead,True,"reinforcement learning, NLP, MLOps",0.61,"Data Analysis, Python, SQL","reinforcement learning, NLP, MLOps",106155,16.42,0.25,True,High,2,Growing
3fb22172-80b3-4de0-8301-a2ff55c67a7a,2018,Australia,Oceania,Tokyo,Global Systems,Large,Tech,Data Scientist,Intern,False,,0.19,"Python, Statistics, Software Engineering, SQL, Project Management, Research",Not Specified,82237,0.53,0.76,False,Low,6,Growing
ce837622-42ca-4edc-ae46-edb6b5d83a95,2013,New Zealand,Oceania,Nairobi,NextGen Technologies,Startup,Manufacturing,Data Scientist,Junior,False,,0.08,"Statistics, Cloud Computing, Research, Python",Not Specified,72758,-2.13,0.83,False,High,3,Emerging
7965479c-462c-467c-a6a1-a1d3e615935d,2017,Argentina,South America,Lagos,Future Analytics,Medium,Agriculture,Systems Engineer,Intern,False,,0.14,"Cloud Computing, Python, Business Analysis, Statistics",Not Specified,45232,-2.74,0.62,False,Low,19,Growing
ed21b87c-017e-4a5f-844b-f9835f3cdcff,2020,Egypt,Africa,Tokyo,NextGen Systems,Startup,Manufacturing,Policy Analyst,Junior,False,,0.1,"SQL, Research, Cloud Computing, Project Management, Software Engineering",Not Specified,25990,4.24,0.74,False,Medium,17,Growing
5c994d24-a494-41ad-bf18-ea4967df2437,2019,Indonesia,Southeast Asia,Berlin,Global Systems,Large,Agriculture,Systems Engineer,Intern,True,deep learning,0.55,"Business Analysis, Data Analysis, Communication, Research, Python, Project Management",deep learning,48885,13.3,0.13,True,Medium,0,Growing
43567097-2a66-4578-884b-36b86d7af2b5,2019,Egypt,Africa,Sao Paulo,Global Technologies,Large,Tech,Software Engineer,Intern,False,,0.09,"Data Analysis, Business Analysis, Cloud Computing, SQL, Project Management, Research",Not Specified,20511,1.79,0.66,False,Medium,2,Growing
e7d33c19-db8e-4690-a1b4-1e9942a8e86b,2023,China,East Asia,Sydney,Future Systems,Large,Manufacturing,Product Manager,Senior,True,MLOps,0.91,"Research, SQL, Software Engineering",MLOps,97692,8.6,0.34,True,High,2,Growing
d009b0ce-c741-45d3-bfaf-05a23eeab8a1,2010,Italy,Europe,Sao Paulo,Prime Technologies,Large,Agriculture,Operations Manager,Intern,False,,0.1,"Statistics, Python, Data Analysis, Research, Communication, SQL",Not Specified,52787,0.47,0.65,False,Medium,1,Emerging
d4b5f62b-76ea-492c-9909-4c4769b1163a,2022,Australia,Oceania,Sao Paulo,NextGen Analytics,Enterprise,Tech,Business Analyst,Mid,False,,0.16,"Business Analysis, Research, Project Management",Not Specified,77212,2.05,0.68,False,High,9,Mature
803fa77e-6945-48f6-894d-1f0a92832d9e,2011,China,East Asia,New York,NextGen Analytics,Large,Retail,Product Manager,Intern,False,,0.01,"Project Management, Statistics, Communication, Software Engineering, SQL, Research",Not Specified,54543,-4.59,0.79,False,Low,9,Emerging
d869ca85-ec65-40a8-94a7-bc14108be3f4,2010,United Kingdom,Europe,Dubai,NextGen Analytics,Medium,Tech,Policy Analyst,Intern,False,,0.15,"Project Management, Python, Research, Cloud Computing, Statistics, Data Analysis",Not Specified,68323,1.54,0.89,False,Low,6,Emerging
268049b0-0c2d-4ee3-9feb-a51d843c3069,2018,Australia,Oceania,London,NextGen Technologies,Startup,Healthcare,Product Manager,Lead,False,,0.0,"Project Management, Business Analysis, Communication, Statistics, Cloud Computing, Software Engineering",Not Specified,87053,4.06,0.86,False,High,18,Growing
6c47da68-04d9-47eb-bc93-89481f981018,2018,Nigeria,Africa,New York,NextGen Analytics,Enterprise,Agriculture,Research Scientist,Intern,True,"MLOps, NLP, deep learning",0.63,"Research, Python, Cloud Computing, Communication, Data Analysis","MLOps, NLP, deep learning",35554,16.03,0.21,True,Medium,3,Growing
3f4bd479-7d52-4506-a9fb-337a4c908113,2018,Canada,North America,Berlin,NextGen Systems,Startup,Tech,Research Scientist,Intern,True,"reinforcement learning, deep learning",0.64,"SQL, Data Analysis, Python, Cloud Computing, Business Analysis, Research","reinforcement learning, deep learning",104882,7.3,0.13,True,High,6,Growing
7f1b6388-c4f1-4276-9c13-142329a0d73e,2012,Ghana,Africa,New York,Global Technologies,Enterprise,Healthcare,Business Analyst,Intern,False,,0.14,"Business Analysis, Python, Project Management, Data Analysis",Not Specified,17278,-2.3,0.86,False,Medium,5,Emerging
3d1c514d-29a8-455d-9764-4b62f0678f37,2021,Nepal,South Asia,Bangalore,Prime Technologies,Enterprise,Retail,Research Scientist,Lead,False,,0.01,"Software Engineering, Python, Communication, Statistics, Data Analysis",Not Specified,30528,-3.11,0.72,False,High,13,Growing
13223499-f9e6-41ba-a746-de3e364ae30a,2013,Pakistan,South Asia,Dubai,NextGen Analytics,Enterprise,Healthcare,Systems Engineer,Junior,False,,0.07,"Cloud Computing, Research, Python, Software Engineering, Statistics",Not Specified,19649,1.0,0.85,False,High,1,Emerging
e5c0dac6-9f3a-425e-ba92-c0006f4f2741,2021,South Africa,Africa,Lagos,Future Systems,Large,Retail,ML Engineer,Junior,False,,0.1,"Communication, Statistics, Project Management, Business Analysis",Not Specified,20755,-3.11,0.66,False,Medium,13,Growing
2bdb35a6-7701-480f-88e6-514ebaa69897,2011,Qatar,Middle East,Nairobi,Global Solutions,Medium,Tech,Policy Analyst,Lead,False,,0.02,"Research, Business Analysis, Statistics, Project Management, Python, Data Analysis",Not Specified,48290,2.95,0.83,False,Medium,16,Emerging
a6bf0b15-846c-40be-bb77-5fe10e05325f,2015,Qatar,Middle East,Dubai,Prime Analytics,Enterprise,Agriculture,AI Researcher,Executive,False,,0.0,"SQL, Data Analysis, Business Analysis, Communication, Project Management, Statistics",Not Specified,51022,2.46,0.8,False,Low,15,Emerging
aab00fa1-20af-43e9-bad7-5c32ee2e2d0a,2013,Nigeria,Africa,Toronto,Prime Analytics,Startup,Manufacturing,Product Manager,Executive,False,,0.01,"Business Analysis, SQL, Python",Not Specified,19597,0.14,0.84,False,Low,15,Emerging
7de7654c-b0e7-4874-abc6-d43c819ccb25,2022,United States,North America,Tokyo,Prime Solutions,Large,Healthcare,ML Engineer,Intern,False,,0.15,"Statistics, Cloud Computing, Data Analysis, Business Analysis, Software Engineering, Communication",Not Specified,87193,-1.23,0.73,False,Low,7,Growing
2946079e-fbe9-418c-830e-5e8e785ca968,2017,Jordan,Middle East,Seoul,Prime Technologies,Medium,Healthcare,Policy Analyst,Mid,False,,0.13,"Python, Communication, Software Engineering, SQL, Cloud Computing, Statistics",Not Specified,60570,4.95,0.61,False,High,10,Growing
031cb181-6ad1-41f1-9733-41c4443b8571,2013,Mexico,North America,London,Global Technologies,Startup,Agriculture,Software Engineer,Executive,False,,0.16,"Statistics, Python, Cloud Computing, Research, Business Analysis",Not Specified,66668,-4.91,0.83,False,High,11,Emerging
c1711c99-ccd3-492d-90cc-03d096a4c376,2014,Australia,Oceania,Paris,Global Analytics,Small,Agriculture,Software Engineer,Lead,False,,0.07,"Business Analysis, Python, Statistics, SQL, Cloud Computing",Not Specified,77314,3.44,0.65,False,Medium,12,Emerging
e2bda934-e418-418b-8ad0-00ccc6809b77,2020,Netherlands,Europe,London,Global Systems,Startup,Agriculture,Research Scientist,Executive,False,,0.19,"Data Analysis, Cloud Computing, Statistics, Business Analysis, Research, Communication",Not Specified,83763,4.27,0.72,False,Medium,4,Growing
c978566b-87e2-408f-9577-6f4d6266bcb8,2015,Chile,South America,Singapore,Future Technologies,Enterprise,Healthcare,Software Engineer,Intern,True,machine learning,0.61,"Research, SQL, Data Analysis",machine learning,57924,-0.18,0.34,True,Low,8,Emerging
af69628d-ab49-4fcd-b804-7ee3a1a3f71e,2016,Nigeria,Africa,Singapore,Global Analytics,Small,Tech,Business Analyst,Senior,False,,0.08,"Python, Statistics, Software Engineering, Project Management",Not Specified,24275,-3.23,0.66,False,Low,2,Emerging
94edb3f7-5f96-481a-ab9f-19343bdef5ab,2024,Japan,East Asia,Tokyo,Future Systems,Medium,Retail,Product Manager,Junior,True,"computer vision, LLMs",0.59,"Communication, Python, Data Analysis, Project Management","computer vision, LLMs",99422,6.68,0.23,True,Medium,19,Growing
4a521d53-2c08-4fb3-8087-538ce64b7919,2022,Sweden,Europe,New York,Global Analytics,Startup,Retail,AI Researcher,Lead,False,,0.19,"Software Engineering, Communication, Data Analysis",Not Specified,89686,-2.99,0.84,False,High,4,Growing
d84207e8-a123-43e4-9464-4a34c61bff32,2013,Australia,Oceania,Toronto,Global Systems,Small,Healthcare,Data Scientist,Junior,False,,0.1,"Data Analysis, Software Engineering, Python, Project Management, Statistics",Not Specified,63900,-1.81,0.75,False,Low,4,Emerging
c4f6aeef-7091-430f-824e-ae457aa00980,2020,Spain,Europe,London,Future Systems,Large,Manufacturing,AI Researcher,Junior,False,,0.01,"Software Engineering, Business Analysis, SQL, Communication, Research, Data Analysis",Not Specified,75946,4.01,0.9,False,High,14,Growing
eb4ea979-74ba-4e4f-a30b-56b6a91ab3be,2012,Indonesia,Southeast Asia,Bangalore,NextGen Systems,Large,Retail,Business Analyst,Intern,False,,0.12,"Cloud Computing, Research, Software Engineering, Python, Business Analysis, SQL",Not Specified,31112,-0.44,0.87,False,Medium,0,Emerging
0e959265-bd72-451a-82c1-e72d9fc599d8,2017,China,East Asia,Seoul,Prime Solutions,Large,Manufacturing,Business Analyst,Lead,True,"reinforcement learning, machine learning, deep learning, computer vision",0.9,"Communication, Software Engineering, Project Management, Research, Cloud Computing","reinforcement learning, machine learning, deep learning, computer vision",94498,0.42,0.32,True,Medium,5,Growing
50ea55c1-0102-423b-bf39-4ba19efd07e1,2022,Australia,Oceania,Bangalore,NextGen Solutions,Large,Healthcare,Business Analyst,Junior,True,"deep learning, machine learning",0.77,"Business Analysis, Cloud Computing, Python, Project Management, Research","deep learning, machine learning",124716,8.1,0.24,True,High,8,Growing
c98829a7-0345-426c-b870-7f1a3f16343a,2024,Saudi Arabia,Middle East,Seoul,Future Systems,Small,Healthcare,Data Scientist,Executive,False,,0.02,"SQL, Data Analysis, Cloud Computing, Software Engineering, Project Management",Not Specified,75905,1.28,0.87,False,High,6,Growing
e939629b-e0d7-4628-96df-15a0607612fb,2019,India,South Asia,Tokyo,NextGen Systems,Small,Retail,AI Researcher,Senior,False,,0.06,"Project Management, Business Analysis, Data Analysis",Not Specified,23380,-1.48,0.73,False,Medium,7,Growing
ac003c18-d920-42e7-87cd-9cee1b14876b,2018,Australia,Oceania,London,NextGen Solutions,Medium,Healthcare,ML Engineer,Senior,False,,0.03,"Data Analysis, Research, SQL, Python",Not Specified,68555,1.05,0.68,False,High,11,Growing
cf24aa9d-3464-479a-9a37-5b2a0e32d8c6,2025,Saudi Arabia,Middle East,Paris,Future Systems,Startup,Manufacturing,ML Engineer,Junior,True,"LLMs, NLP, MLOps, machine learning",0.43,"Python, Project Management, Software Engineering, Statistics","LLMs, NLP, MLOps, machine learning",97767,12.45,0.11,True,Medium,14,Growing
88108002-d83c-4152-998c-fff213ca8278,2019,Morocco,Africa,Tokyo,Global Technologies,Enterprise,Healthcare,Business Analyst,Executive,False,,0.1,"SQL, Cloud Computing, Python, Statistics, Project Management",Not Specified,25378,2.63,0.64,False,Medium,7,Growing
55e50168-c4fd-4e7e-bbc1-1dc2c2e6a8e1,2015,UAE,Middle East,Seoul,Future Systems,Large,Healthcare,Business Analyst,Junior,False,,0.1,"Cloud Computing, Communication, Project Management, Python, Statistics, Research",Not Specified,60569,-3.94,0.74,False,Medium,11,Emerging
defce98c-c06f-45e6-8d2c-0e4167423893,2012,Vietnam,Southeast Asia,Seoul,NextGen Systems,Enterprise,Manufacturing,Data Scientist,Executive,False,,0.14,"Python, Cloud Computing, Research, Statistics, Communication, Data Analysis",Not Specified,34508,4.94,0.78,False,High,7,Emerging
d7a0b7bf-bcc0-4627-ae88-05861eaf1da2,2011,New Zealand,Oceania,Sao Paulo,Future Technologies,Startup,Agriculture,AI Researcher,Executive,False,,0.06,"SQL, Statistics, Software Engineering, Research, Data Analysis, Communication",Not Specified,64482,0.67,0.9,False,Low,6,Emerging
3cfe2d2b-4f62-40ce-8245-002699b543a8,2014,Nigeria,Africa,Sao Paulo,Future Technologies,Startup,Healthcare,Product Manager,Lead,False,,0.1,"Data Analysis, SQL, Project Management, Statistics, Python, Cloud Computing",Not Specified,18163,-0.52,0.8,False,High,8,Emerging
4db0605c-50db-429f-9574-4f11bdeb6739,2016,Philippines,Southeast Asia,Sao Paulo,Future Analytics,Small,Retail,Research Scientist,Senior,False,,0.04,"SQL, Data Analysis, Business Analysis, Python, Software Engineering, Communication",Not Specified,33369,-2.48,0.65,False,Medium,4,Emerging
18576103-c7c0-444d-8ebe-a9b13d55604f,2023,Brazil,South America,Dubai,Prime Systems,Medium,Healthcare,Operations Manager,Senior,False,,0.18,"Python, Communication, Cloud Computing",Not Specified,45421,-4.33,0.82,False,Low,17,Growing
cace1604-e6f3-4d8f-ae32-48f8f1485d47,2025,Nepal,South Asia,Seoul,Global Systems,Medium,Tech,Research Scientist,Lead,True,machine learning,0.79,"Statistics, Business Analysis, Software Engineering, Research, SQL, Communication",machine learning,46347,15.28,0.23,True,High,8,Mature
ad2aa020-0643-4385-82e0-3d70e159d44f,2018,Nepal,South Asia,Singapore,Global Technologies,Large,Tech,Data Scientist,Intern,True,"NLP, deep learning, reinforcement learning, MLOps",0.8,"Data Analysis, Statistics, Business Analysis, Software Engineering, Communication","NLP, deep learning, reinforcement learning, MLOps",33954,8.03,0.27,True,Low,12,Growing
ce66afeb-fc14-48b5-88e1-c2b743cba0cb,2020,Italy,Europe,Paris,Global Systems,Large,Agriculture,Business Analyst,Junior,True,"reinforcement learning, computer vision, machine learning",0.84,"SQL, Research, Data Analysis, Software Engineering, Business Analysis","reinforcement learning, computer vision, machine learning",102450,5.02,0.4,True,Low,17,Growing
1c8881e4-5902-451e-bccc-783985551b9a,2010,UAE,Middle East,Paris,Future Systems,Startup,Agriculture,Product Manager,Junior,False,,0.18,"Statistics, Research, Data Analysis, Communication",Not Specified,56571,2.77,0.8,False,High,0,Emerging
de9c1535-fb78-4fae-acf5-66bf8fd96849,2014,Nigeria,Africa,Bangalore,Global Technologies,Small,Manufacturing,Operations Manager,Lead,False,,0.16,"Communication, SQL, Data Analysis, Cloud Computing, Research",Not Specified,17617,-1.03,0.66,False,Low,15,Emerging
deac21f1-ee12-484f-858f-a3e0c8044fec,2019,Poland,Europe,Bangalore,Prime Analytics,Enterprise,Retail,AI Researcher,Junior,True,"machine learning, computer vision, deep learning",0.81,"SQL, Communication, Data Analysis","machine learning, computer vision, deep learning",109605,6.73,0.32,True,Low,10,Growing
a32875fb-5942-4306-99ea-976ded3471e8,2018,Chile,South America,Toronto,Prime Solutions,Medium,Agriculture,Product Manager,Intern,True,"MLOps, reinforcement learning, NLP, deep learning",0.44,"Software Engineering, Research, Statistics, Communication, Python, Data Analysis","MLOps, reinforcement learning, NLP, deep learning",53791,10.86,0.16,True,High,3,Growing
df1cf00a-6089-420b-ace0-17bff3b4cc3c,2024,Australia,Oceania,Nairobi,Global Analytics,Startup,Tech,ML Engineer,Executive,True,generative AI,0.92,"Data Analysis, Software Engineering, Cloud Computing, Python, SQL, Project Management",generative AI,135696,16.64,0.33,True,High,16,Mature
4bf77c80-1a20-4399-b334-bf78e5c608f7,2025,Saudi Arabia,Middle East,Berlin,NextGen Analytics,Medium,Healthcare,Operations Manager,Mid,True,"computer vision, NLP, generative AI, reinforcement learning",0.49,"SQL, Cloud Computing, Project Management, Statistics, Software Engineering, Data Analysis","computer vision, NLP, generative AI, reinforcement learning",105237,11.17,0.34,True,Low,18,Growing
6b1ba1b7-9b1c-43be-a8ec-a830f290d863,2021,Qatar,Middle East,Singapore,NextGen Solutions,Small,Healthcare,Research Scientist,Mid,False,,0.12,"Software Engineering, SQL, Business Analysis, Cloud Computing",Not Specified,66848,0.58,0.74,False,Low,2,Growing
0a633987-7675-40e8-bab2-d27cdeebc7f5,2018,Vietnam,Southeast Asia,Sao Paulo,NextGen Systems,Medium,Retail,Data Scientist,Executive,False,,0.01,"Business Analysis, Project Management, Cloud Computing, Research, Data Analysis",Not Specified,35746,1.31,0.73,False,High,7,Growing
29384365-89ef-4e39-a90a-8923f0618656,2014,Australia,Oceania,Bangalore,Global Solutions,Enterprise,Retail,Policy Analyst,Senior,False,,0.11,"Cloud Computing, Research, Python",Not Specified,68514,2.94,0.7,False,Medium,1,Emerging
74deb84c-182a-4597-a357-bc1b73811bb7,2015,Taiwan,East Asia,Berlin,Global Solutions,Medium,Manufacturing,Research Scientist,Intern,False,,0.14,"Business Analysis, Research, Cloud Computing, Communication, Python",Not Specified,71632,-3.72,0.63,False,High,18,Emerging
6557ec41-8fd0-4ba6-8ac3-3776bc5b63de,2024,Taiwan,East Asia,Lagos,Future Solutions,Startup,Retail,Policy Analyst,Executive,True,"computer vision, MLOps, deep learning, NLP",0.6,"Data Analysis, Project Management, SQL, Software Engineering, Cloud Computing, Research","computer vision, MLOps, deep learning, NLP",111797,5.6,0.39,True,Medium,14,Growing
cef49e1b-c453-4378-86e8-f9b4c259c4c0,2022,South Korea,East Asia,Sydney,Prime Solutions,Medium,Manufacturing,ML Engineer,Intern,True,"generative AI, machine learning, MLOps",0.57,"Project Management, Cloud Computing, Research","generative AI, machine learning, MLOps",92398,10.88,0.31,True,High,2,Growing
3db7085e-4510-4acd-a59a-9ed50299b839,2014,Chile,South America,Paris,Prime Analytics,Large,Healthcare,ML Engineer,Mid,False,,0.01,"Project Management, Python, Statistics",Not Specified,40761,-4.04,0.89,False,High,8,Emerging
d3adcccc-cdab-4d9b-91f3-e360fb3f3640,2025,South Korea,East Asia,London,NextGen Technologies,Large,Agriculture,Research Scientist,Lead,False,,0.13,"Project Management, Data Analysis, Software Engineering, SQL, Python, Statistics",Not Specified,85291,-0.58,0.75,False,High,5,Growing
50d55906-5550-40cc-ba88-df7c3148539d,2017,Australia,Oceania,Sydney,Prime Systems,Startup,Agriculture,Policy Analyst,Senior,False,,0.05,"Data Analysis, Statistics, Business Analysis, Research",Not Specified,76450,1.25,0.74,False,Medium,10,Growing
2069b3ad-828a-4027-bc2c-18dc7730c132,2014,Taiwan,East Asia,London,Future Analytics,Enterprise,Agriculture,ML Engineer,Junior,False,,0.1,"Python, Data Analysis, SQL, Project Management, Research",Not Specified,62609,-2.52,0.79,False,High,13,Emerging
e6a37a41-f49c-43ae-bd89-999023003292,2016,Pakistan,South Asia,Berlin,Global Solutions,Large,Retail,Business Analyst,Intern,False,,0.06,"Research, Data Analysis, Software Engineering, Statistics, Cloud Computing",Not Specified,26322,-3.87,0.76,False,High,2,Emerging
d2a0605a-6137-4d7e-b03c-7e68e758171f,2021,Australia,Oceania,Dubai,Prime Solutions,Large,Agriculture,Data Scientist,Mid,False,,0.08,"Software Engineering, Business Analysis, Communication, Python",Not Specified,96518,3.86,0.62,False,High,8,Growing
3009adcb-b5fd-4971-bd43-07e7d4fe5624,2013,Chile,South America,Dubai,NextGen Solutions,Large,Tech,Software Engineer,Executive,True,"reinforcement learning, NLP",0.48,"SQL, Cloud Computing, Statistics, Python","reinforcement learning, NLP",46389,4.3,0.19,True,Medium,10,Emerging
bf6024da-da56-4748-a314-2ba178df8f73,2011,Germany,Europe,Singapore,Future Analytics,Enterprise,Healthcare,Operations Manager,Executive,False,,0.05,"Cloud Computing, Project Management, Software Engineering, Business Analysis, SQL",Not Specified,62041,-3.12,0.86,False,High,10,Emerging
03f8c94f-d424-4328-824b-09bc7b7f1232,2015,UAE,Middle East,Lagos,Prime Analytics,Small,Retail,AI Researcher,Senior,False,,0.02,"Statistics, Cloud Computing, Python, Communication, Business Analysis, Research",Not Specified,61575,2.99,0.87,False,Low,1,Emerging
27463976-f645-4267-a1ba-b41028311334,2022,Saudi Arabia,Middle East,Dubai,Global Systems,Small,Retail,Research Scientist,Intern,True,"deep learning, LLMs, generative AI",0.81,"Research, Cloud Computing, SQL, Software Engineering, Project Management","deep learning, LLMs, generative AI",108508,17.98,0.2,True,High,18,Growing
e0f92eb2-12bf-4d7a-9e89-9d0c305cfdb2,2025,New Zealand,Oceania,Sydney,Future Systems,Large,Healthcare,Systems Engineer,Executive,False,,0.01,"Statistics, Software Engineering, Project Management",Not Specified,96339,3.97,0.68,False,Medium,7,Growing
90cf8d16-3ed8-4ad4-97b8-294e6c42c2c3,2012,Sri Lanka,South Asia,Nairobi,Global Technologies,Large,Tech,Software Engineer,Mid,True,"computer vision, machine learning",0.42,"Project Management, Software Engineering, Statistics","computer vision, machine learning",32429,-3.88,0.23,True,High,18,Emerging
9f696cb3-6ab9-4bcf-be05-ed1565e144d1,2013,Sweden,Europe,Seoul,Global Analytics,Large,Healthcare,AI Researcher,Junior,False,,0.01,"Statistics, Python, Business Analysis",Not Specified,56401,0.82,0.65,False,High,15,Emerging
a1b8eebe-661e-4d05-9a84-2f2e974ee693,2018,Sweden,Europe,Sao Paulo,Prime Systems,Startup,Healthcare,ML Engineer,Senior,False,,0.02,"Research, Project Management, Software Engineering",Not Specified,64899,4.92,0.89,False,High,3,Growing
fcbd9736-e0ae-4c1a-a4bc-e865459955a9,2019,Pakistan,South Asia,Sao Paulo,Prime Systems,Large,Agriculture,AI Researcher,Executive,True,"NLP, machine learning",0.78,"Communication, Statistics, Research, SQL, Business Analysis","NLP, machine learning",38499,12.38,0.37,True,Medium,15,Growing
bb76ad34-a34b-4d39-8cef-8441134d8078,2010,South Korea,East Asia,Bangalore,Prime Systems,Large,Tech,Research Scientist,Executive,False,,0.12,"Statistics, Software Engineering, Cloud Computing",Not Specified,51458,3.72,0.67,False,Low,14,Emerging
e7d366a5-e780-497a-a93a-74604da7c975,2013,Philippines,Southeast Asia,Tokyo,Future Technologies,Startup,Agriculture,AI Researcher,Executive,False,,0.15,"Communication, Business Analysis, Research",Not Specified,29002,-4.1,0.72,False,High,1,Emerging
b402ae55-d1bc-4254-b133-52afc4e7c169,2022,Canada,North America,Tokyo,NextGen Solutions,Medium,Retail,Policy Analyst,Senior,True,"deep learning, reinforcement learning",0.61,"Statistics, Software Engineering, Python, Research","deep learning, reinforcement learning",120813,6.09,0.19,True,Low,14,Growing
a0772e40-38d1-4df8-93ff-7bb05efa048d,2025,Australia,Oceania,Bangalore,Prime Systems,Enterprise,Retail,Research Scientist,Junior,True,"generative AI, machine learning, reinforcement learning",0.47,"Business Analysis, Software Engineering, Cloud Computing, Statistics, Communication","generative AI, machine learning, reinforcement learning",141070,14.36,0.18,True,Medium,16,Growing
9614c619-20a0-4d1d-b126-dce8693c9487,2012,Philippines,Southeast Asia,Berlin,Future Solutions,Startup,Healthcare,Research Scientist,Senior,False,,0.01,"SQL, Project Management, Research",Not Specified,29378,-3.26,0.63,False,Medium,17,Emerging
0cb933e6-9307-4180-80a8-6967125f0a0f,2022,Pakistan,South Asia,Toronto,Global Solutions,Startup,Agriculture,Operations Manager,Intern,True,reinforcement learning,0.85,"Statistics, Python, Project Management, Software Engineering",reinforcement learning,41757,11.15,0.27,True,Low,1,Growing
2bd7a028-76c6-4afa-8d5b-e6021d77c72f,2021,Indonesia,Southeast Asia,Dubai,Global Analytics,Startup,Manufacturing,ML Engineer,Intern,False,,0.02,"Data Analysis, Project Management, Communication, SQL, Statistics",Not Specified,40778,0.87,0.62,False,Low,9,Growing
cb1901fc-df2a-44eb-aee9-2a90c0c3e58e,2021,Thailand,Southeast Asia,Sao Paulo,Future Analytics,Startup,Retail,Business Analyst,Lead,False,,0.09,"Python, Data Analysis, Communication, Project Management",Not Specified,38025,-0.37,0.67,False,Medium,15,Growing
ee669488-41a1-43a0-806e-15a5dff02082,2023,Chile,South America,Bangalore,Future Systems,Small,Healthcare,Research Scientist,Mid,True,NLP,0.76,"Software Engineering, Communication, SQL, Business Analysis",NLP,61324,8.51,0.26,True,Low,7,Growing
b7334b2b-9723-41bb-9c7b-1b63cb9bd04b,2017,UAE,Middle East,Paris,Future Systems,Startup,Agriculture,Business Analyst,Executive,False,,0.14,"Project Management, Research, Statistics, SQL, Cloud Computing",Not Specified,60035,0.58,0.86,False,Low,16,Growing
9480e5c7-aab6-4c23-b6bd-1dfc15649ea1,2019,Chile,South America,Seoul,NextGen Analytics,Enterprise,Tech,ML Engineer,Senior,False,,0.09,"Communication, Business Analysis, Data Analysis",Not Specified,39613,4.71,0.75,False,Low,13,Growing
26a8f2ac-2cb2-4fa0-b819-4b3011289317,2012,Canada,North America,Toronto,Future Technologies,Enterprise,Retail,Product Manager,Executive,False,,0.11,"Cloud Computing, Business Analysis, Communication, Python, Data Analysis, Project Management",Not Specified,71450,3.46,0.74,False,Medium,17,Emerging
424b4150-b84a-43e4-8622-685ee3463252,2011,United States,North America,Nairobi,Prime Analytics,Medium,Tech,Product Manager,Lead,False,,0.02,"Cloud Computing, Software Engineering, Business Analysis",Not Specified,70416,-4.89,0.62,False,Medium,2,Emerging
46015953-6793-4fb0-9ada-ceb6c01152a6,2014,Canada,North America,Tokyo,Future Systems,Small,Retail,Data Scientist,Senior,False,,0.08,"Cloud Computing, Project Management, Python, SQL, Statistics",Not Specified,75432,1.96,0.83,False,Low,0,Emerging
7362444a-fdf1-4ee6-b722-3d491c5860dc,2018,Australia,Oceania,Berlin,NextGen Solutions,Startup,Tech,Research Scientist,Senior,False,,0.02,"Statistics, Project Management, Business Analysis",Not Specified,81945,2.07,0.69,False,High,5,Growing
f874357e-db73-4290-a634-fabbd3fb2e2b,2025,Jordan,Middle East,London,NextGen Analytics,Medium,Retail,AI Researcher,Mid,False,,0.03,"Business Analysis, Software Engineering, Data Analysis, Research",Not Specified,82006,-2.11,0.85,False,Low,15,Growing
e8aa9310-7fc0-49ee-b954-426ee7d7cefc,2010,Chile,South America,Paris,NextGen Systems,Small,Agriculture,Software Engineer,Mid,False,,0.14,"Cloud Computing, Python, SQL, Statistics, Data Analysis",Not Specified,39674,-2.57,0.63,False,Low,3,Emerging
2e0e8c42-2cf1-4abc-ac97-f0f20b57e87b,2020,Pakistan,South Asia,London,Prime Technologies,Small,Tech,Software Engineer,Executive,True,MLOps,0.75,"Statistics, Research, Python, Cloud Computing",MLOps,33832,10.06,0.18,True,High,9,Growing
135a336e-55ac-4bfc-958a-358365a031f7,2025,Sri Lanka,South Asia,Toronto,Future Systems,Large,Healthcare,Systems Engineer,Mid,True,deep learning,0.9,"Project Management, Statistics, SQL, Python, Data Analysis, Business Analysis",deep learning,38036,8.29,0.31,True,Low,19,Growing
1fc0735d-039a-4752-8b2e-f8f383f1eddf,2019,Mexico,North America,Sao Paulo,Prime Solutions,Medium,Agriculture,AI Researcher,Senior,True,"machine learning, deep learning",0.75,"Statistics, Project Management, Data Analysis, SQL, Business Analysis","machine learning, deep learning",127446,9.85,0.23,True,Medium,7,Growing
a7962bf3-b59c-4135-b86a-b34dd7f026e5,2013,Egypt,Africa,Berlin,Prime Analytics,Startup,Agriculture,Product Manager,Junior,False,,0.07,"Business Analysis, Cloud Computing, SQL, Software Engineering",Not Specified,16939,3.64,0.82,False,High,3,Emerging
14e0cdce-35c9-47bb-af33-8aa5cb1d3742,2018,Mexico,North America,Paris,Global Solutions,Medium,Healthcare,Research Scientist,Intern,False,,0.11,"SQL, Data Analysis, Research, Business Analysis, Communication, Python",Not Specified,98179,4.75,0.68,False,Medium,5,Growing
a9470ef0-f84f-41ba-aef2-30a9ee948d0f,2022,Chile,South America,Toronto,Prime Systems,Medium,Retail,Software Engineer,Intern,True,"MLOps, generative AI, reinforcement learning, LLMs",0.48,"Data Analysis, Statistics, SQL, Communication","MLOps, generative AI, reinforcement learning, LLMs",58746,16.51,0.33,True,Medium,12,Growing
73b43639-0f08-4290-8fb6-61cf6a6b328c,2017,Colombia,South America,Berlin,Prime Solutions,Small,Manufacturing,Operations Manager,Junior,False,,0.08,"Communication, Research, Software Engineering",Not Specified,40029,-4.2,0.64,False,Medium,0,Growing
e927e6f8-d780-4505-97c1-8fa5ab758868,2013,Japan,East Asia,London,Future Solutions,Small,Retail,Systems Engineer,Lead,False,,0.19,"Cloud Computing, Statistics, Software Engineering, Research, Python",Not Specified,66820,2.51,0.87,False,Medium,11,Emerging
053fb4f4-6fd3-46b3-9375-af34ca8aa770,2012,Sweden,Europe,Toronto,NextGen Systems,Small,Manufacturing,Operations Manager,Junior,False,,0.01,"Python, Software Engineering, Communication, Data Analysis",Not Specified,65489,3.52,0.86,False,Low,8,Emerging
7ecfcb62-c20c-4a7f-ba7d-4843c5ff61a8,2016,Bangladesh,South Asia,Paris,NextGen Systems,Small,Agriculture,ML Engineer,Junior,False,,0.02,"Software Engineering, Communication, Business Analysis, Data Analysis",Not Specified,21766,4.93,0.85,False,Medium,6,Emerging
534f20dd-e0a5-4e37-996b-4a7fa3816d03,2010,Argentina,South America,Singapore,Future Systems,Small,Healthcare,Operations Manager,Intern,False,,0.2,"SQL, Business Analysis, Cloud Computing, Python",Not Specified,38967,-0.14,0.61,False,Medium,12,Emerging
7f9031b3-5ab3-4c52-9e19-49ddec9b55dc,2020,United States,North America,Berlin,Prime Systems,Startup,Tech,Business Analyst,Intern,False,,0.15,"Data Analysis, Software Engineering, Python, Communication",Not Specified,95220,-2.81,0.71,False,Low,19,Growing
3cd945cd-a1e5-4253-968a-f5716d798c9b,2016,Colombia,South America,London,NextGen Solutions,Small,Tech,Systems Engineer,Mid,True,machine learning,0.43,"Project Management, Statistics, Software Engineering, SQL, Cloud Computing, Business Analysis",machine learning,52711,3.37,0.26,True,High,2,Emerging
47844493-ea04-492a-bc47-fae4c0250028,2023,Spain,Europe,Seoul,Prime Solutions,Enterprise,Agriculture,Operations Manager,Executive,False,,0.12,"Cloud Computing, Communication, Software Engineering",Not Specified,87137,-1.65,0.73,False,Medium,12,Growing
9af00735-7f07-418d-95e7-03e6d94341d7,2012,Kenya,Africa,Tokyo,Future Solutions,Startup,Healthcare,AI Researcher,Intern,False,,0.17,"SQL, Business Analysis, Python, Cloud Computing",Not Specified,21767,1.78,0.71,False,Low,14,Emerging
0570e770-e481-4e5b-a75b-6fdbbe077415,2022,Ghana,Africa,Dubai,Prime Technologies,Large,Tech,Software Engineer,Mid,True,"reinforcement learning, MLOps",0.41,"Business Analysis, SQL, Cloud Computing, Research","reinforcement learning, MLOps",38079,11.25,0.15,True,Medium,2,Mature
6c035790-7e7f-4424-bbb7-4e825746db1b,2023,United States,North America,Dubai,Prime Systems,Small,Tech,Systems Engineer,Mid,True,LLMs,0.57,"Data Analysis, Software Engineering, Communication, Python",LLMs,145890,9.15,0.18,True,Medium,7,Mature
b3d442c1-1102-4abe-a250-65b301149200,2014,Bangladesh,South Asia,Berlin,NextGen Solutions,Medium,Agriculture,ML Engineer,Lead,False,,0.02,"Communication, Software Engineering, Project Management, Cloud Computing, Research",Not Specified,22661,1.08,0.66,False,Medium,12,Emerging
6a331045-5001-4463-a0a6-51d37be8ede6,2017,Egypt,Africa,Tokyo,Prime Technologies,Enterprise,Retail,Product Manager,Lead,False,,0.15,"Communication, Cloud Computing, SQL, Research, Software Engineering",Not Specified,20375,-2.5,0.63,False,Low,16,Growing
2aab2367-a913-4e0f-921b-7b892325aa82,2011,Netherlands,Europe,Lagos,Global Analytics,Large,Healthcare,Operations Manager,Lead,False,,0.15,"Software Engineering, Python, Project Management, Cloud Computing",Not Specified,63573,-2.38,0.72,False,Low,19,Emerging
a9923c45-b841-41e2-9229-b0b79a1c32b3,2022,Chile,South America,Tokyo,Future Systems,Small,Agriculture,AI Researcher,Lead,False,,0.04,"Communication, Data Analysis, Software Engineering, Statistics, Research",Not Specified,53745,-4.0,0.8,False,Medium,17,Growing
ec4d87a4-98d1-4ed9-b79c-eb765cf089a4,2014,Colombia,South America,Seoul,Global Solutions,Small,Tech,Operations Manager,Intern,False,,0.1,"Python, Business Analysis, Data Analysis, Research, Software Engineering",Not Specified,43509,4.61,0.66,False,Medium,3,Emerging
edc26946-13ac-41c4-8411-b9d0f618b0e6,2017,Argentina,South America,Nairobi,Future Technologies,Startup,Retail,Operations Manager,Senior,False,,0.07,"SQL, Project Management, Communication, Python",Not Specified,40182,3.0,0.69,False,High,11,Growing
a3a04a66-ab51-492a-845b-8b74ff1c9f0a,2011,Sri Lanka,South Asia,London,Prime Analytics,Enterprise,Manufacturing,Operations Manager,Mid,False,,0.1,"Project Management, SQL, Business Analysis, Data Analysis",Not Specified,19650,1.6,0.79,False,High,13,Emerging
43ecf2f1-e5c2-496c-9993-6e9142efe1c0,2011,Qatar,Middle East,Seoul,Prime Systems,Large,Healthcare,Product Manager,Mid,True,"MLOps, machine learning, NLP, deep learning",0.84,"Project Management, Statistics, Cloud Computing, Business Analysis, Python, Data Analysis","MLOps, machine learning, NLP, deep learning",65589,0.83,0.37,True,Low,1,Emerging
59ef926a-b921-462c-b78a-9cb6cdd4030d,2023,Mexico,North America,Lagos,Future Technologies,Small,Manufacturing,Policy Analyst,Mid,False,,0.2,"Python, Project Management, Statistics",Not Specified,96929,-4.58,0.65,False,Low,4,Growing
63fab932-caaa-4a85-b028-2e6e19fddc9b,2016,South Africa,Africa,London,Global Solutions,Enterprise,Healthcare,Product Manager,Senior,False,,0.18,"Cloud Computing, Communication, Software Engineering, Project Management, Statistics, Research",Not Specified,20991,1.74,0.73,False,Medium,3,Emerging
c3adb4ee-a73e-4c5a-9a3d-f4e9730e2cad,2023,United States,North America,New York,Future Analytics,Startup,Healthcare,Policy Analyst,Senior,True,"machine learning, LLMs",0.89,"Research, Project Management, Business Analysis","machine learning, LLMs",127624,17.21,0.11,True,High,3,Growing
9aa659ee-32bd-4fdd-98f9-51ca21135aff,2015,Japan,East Asia,Dubai,Future Technologies,Large,Healthcare,Business Analyst,Junior,False,,0.01,"Communication, Statistics, Python, Research",Not Specified,67803,-0.96,0.73,False,Medium,8,Emerging
c84d9ac9-7315-4e62-aeb8-8423c7fc4002,2023,UAE,Middle East,Paris,Future Analytics,Startup,Retail,Product Manager,Intern,False,,0.14,"SQL, Cloud Computing, Statistics, Communication, Business Analysis, Data Analysis",Not Specified,67201,-1.08,0.86,False,Low,8,Growing
a1b06d6a-7220-41c3-b4e2-f5527e2c7d03,2010,Brazil,South America,Bangalore,Global Systems,Small,Retail,Operations Manager,Senior,False,,0.0,"Statistics, Python, Project Management, Communication",Not Specified,30192,3.98,0.82,False,Medium,1,Emerging
001661d0-9f1f-4d6f-9b15-d45cb1d916ac,2020,Canada,North America,Seoul,NextGen Analytics,Large,Agriculture,Research Scientist,Junior,False,,0.14,"Business Analysis, Project Management, Python",Not Specified,100010,-3.19,0.87,False,Medium,12,Growing
eceda7e9-66aa-43ec-8017-8f1bc7e42886,2014,Taiwan,East Asia,Bangalore,NextGen Technologies,Startup,Tech,AI Researcher,Lead,False,,0.05,"Project Management, SQL, Business Analysis, Software Engineering, Statistics, Research",Not Specified,64166,0.6,0.8,False,High,16,Emerging
42c9b1a1-21c9-4a82-9b4b-0ea0258d9977,2010,New Zealand,Oceania,Bangalore,Prime Analytics,Small,Retail,Research Scientist,Intern,False,,0.1,"Data Analysis, Statistics, Research, Communication, SQL",Not Specified,64073,1.27,0.87,False,Medium,10,Emerging
5b8014b5-edfb-4f74-bae0-ae72ea9eceae,2014,Nepal,South Asia,Singapore,Prime Solutions,Medium,Agriculture,Policy Analyst,Junior,False,,0.05,"Python, Research, Project Management, Data Analysis, Communication",Not Specified,24761,0.58,0.75,False,Medium,16,Emerging
e87a8f49-007c-4512-aa12-5ae46bb71f72,2025,Bangladesh,South Asia,Seoul,Future Technologies,Small,Manufacturing,Research Scientist,Mid,True,"reinforcement learning, MLOps, LLMs",0.72,"Cloud Computing, Business Analysis, Software Engineering, SQL","reinforcement learning, MLOps, LLMs",42424,16.91,0.39,True,Medium,18,Growing
b7df7f61-577d-4543-b2d4-64f6cf7a3d2e,2013,China,East Asia,Lagos,NextGen Technologies,Small,Healthcare,Product Manager,Intern,False,,0.11,"Data Analysis, Statistics, Research, Software Engineering, SQL",Not Specified,56946,0.18,0.8,False,High,17,Emerging
4472d897-153c-4b1b-ad64-d8bdb1f0f26c,2014,Kenya,Africa,Sao Paulo,Future Systems,Medium,Tech,Data Scientist,Intern,True,"MLOps, deep learning, computer vision",0.87,"Python, Project Management, Data Analysis, Statistics, SQL, Cloud Computing","MLOps, deep learning, computer vision",32232,0.27,0.37,True,Medium,18,Emerging
98d493e1-f3ff-4223-bd15-dfc44c844d2f,2013,Australia,Oceania,Singapore,Global Analytics,Medium,Manufacturing,Business Analyst,Executive,False,,0.09,"Statistics, Project Management, Python, Software Engineering, Cloud Computing, SQL",Not Specified,67064,3.33,0.65,False,High,9,Emerging
860e219f-23cc-4655-a79e-267a4720db07,2016,Taiwan,East Asia,Sao Paulo,NextGen Systems,Startup,Agriculture,Software Engineer,Lead,False,,0.09,"Research, Cloud Computing, Communication, Python",Not Specified,63980,2.38,0.84,False,Low,19,Emerging
d964b436-b5b1-4d4b-9a90-827c640292a2,2014,Morocco,Africa,Singapore,Prime Technologies,Small,Agriculture,Product Manager,Lead,False,,0.06,"Statistics, Cloud Computing, SQL, Python",Not Specified,19890,4.1,0.69,False,High,6,Emerging
df5b3773-b8e1-4cd4-b11f-a870759d6412,2024,Sweden,Europe,London,Global Technologies,Enterprise,Agriculture,Data Scientist,Intern,False,,0.17,"Cloud Computing, Communication, Research, Python, Business Analysis",Not Specified,87748,3.52,0.81,False,Medium,17,Growing
81a90866-fedf-4545-9046-ee2649ad1862,2019,Malaysia,Southeast Asia,Paris,Future Technologies,Large,Tech,Operations Manager,Senior,False,,0.1,"Project Management, Python, Statistics",Not Specified,40505,3.47,0.69,False,High,15,Growing
6c7e1643-2085-41ae-b31a-78e5ef27123b,2019,United Kingdom,Europe,Nairobi,Prime Technologies,Small,Manufacturing,Research Scientist,Executive,True,computer vision,0.63,"Statistics, Project Management, Cloud Computing, Data Analysis, Research",computer vision,118279,17.11,0.33,True,Medium,12,Growing
bbfc82b6-0c31-4e8e-b740-621927826e0c,2019,Australia,Oceania,Paris,Future Technologies,Small,Agriculture,AI Researcher,Junior,False,,0.09,"Business Analysis, Data Analysis, Cloud Computing, Communication",Not Specified,91687,4.99,0.66,False,High,18,Growing
ccdda9b8-2002-456a-8ce8-fccd3dfb4464,2010,France,Europe,New York,Future Solutions,Large,Tech,Systems Engineer,Junior,False,,0.1,"Python, Project Management, Business Analysis, Cloud Computing",Not Specified,62870,-0.66,0.71,False,High,18,Emerging
c515a76f-2f58-4c70-8369-08f6159197d3,2014,Taiwan,East Asia,Paris,Global Solutions,Enterprise,Agriculture,Product Manager,Mid,False,,0.09,"Software Engineering, Research, Business Analysis",Not Specified,64307,-2.58,0.62,False,Low,7,Emerging
3da180ba-10c2-429a-95be-859ac94c9214,2020,Mexico,North America,New York,Global Analytics,Medium,Agriculture,ML Engineer,Senior,True,deep learning,0.78,"Communication, Python, Statistics",deep learning,125374,17.12,0.27,True,Low,10,Growing
2f82b757-948f-4afe-81e8-e30f74667e07,2016,Qatar,Middle East,Bangalore,NextGen Solutions,Enterprise,Tech,Software Engineer,Junior,False,,0.2,"Communication, Data Analysis, Statistics, Research, Business Analysis",Not Specified,55543,0.73,0.66,False,High,11,Emerging
c5acce24-4f2d-46e8-a3bf-4933cac02939,2022,Qatar,Middle East,London,Prime Technologies,Enterprise,Agriculture,Systems Engineer,Lead,False,,0.1,"Statistics, Cloud Computing, Python, Communication, SQL, Data Analysis",Not Specified,71981,-4.27,0.66,False,Medium,16,Growing
3688201c-3d0e-498b-b8fd-6b01e772c623,2015,Philippines,Southeast Asia,Paris,Prime Solutions,Medium,Healthcare,ML Engineer,Lead,False,,0.17,"Research, Communication, Python, Project Management, Data Analysis",Not Specified,33768,1.52,0.68,False,High,1,Emerging
2b220fde-3f25-4a77-9352-f146628b8308,2022,Germany,Europe,Seoul,Prime Technologies,Startup,Manufacturing,Software Engineer,Junior,True,MLOps,0.51,"Communication, SQL, Business Analysis, Python, Research",MLOps,127796,15.12,0.26,True,High,19,Growing
c3ca210c-ca7c-432e-a807-bbe39004aa7f,2021,Australia,Oceania,London,NextGen Technologies,Startup,Healthcare,Research Scientist,Intern,False,,0.03,"Project Management, Cloud Computing, Business Analysis, Python, Research",Not Specified,92234,-0.25,0.86,False,Low,19,Growing
64ef0a6a-9ad3-4847-83f2-1dd505624105,2024,New Zealand,Oceania,Toronto,Global Technologies,Enterprise,Retail,Software Engineer,Executive,True,"computer vision, NLP, generative AI, reinforcement learning",0.5,"Cloud Computing, Data Analysis, Statistics, Business Analysis, Software Engineering","computer vision, NLP, generative AI, reinforcement learning",116560,6.45,0.1,True,Low,1,Growing
c87afd5e-71b8-4166-baa6-c7bb7f6b521e,2011,Brazil,South America,Lagos,Prime Systems,Startup,Tech,Operations Manager,Junior,False,,0.04,"Research, Communication, Project Management, SQL",Not Specified,40418,-4.51,0.89,False,Low,18,Emerging
2fe46430-76cb-4f91-8acb-66cf27acca34,2025,Australia,Oceania,Toronto,Future Analytics,Large,Manufacturing,Systems Engineer,Junior,True,"machine learning, computer vision",0.43,"Software Engineering, Business Analysis, Communication, Data Analysis","machine learning, computer vision",120264,17.05,0.25,True,Medium,12,Growing
9c10a4db-ecf4-46be-b7f3-6caf5c024947,2023,Vietnam,Southeast Asia,Bangalore,Future Analytics,Medium,Agriculture,ML Engineer,Junior,True,"generative AI, reinforcement learning, LLMs, NLP",0.77,"Research, Software Engineering, Business Analysis, Communication, Python, Cloud Computing","generative AI, reinforcement learning, LLMs, NLP",56420,10.1,0.14,True,High,15,Growing
cd4ab7f6-ae2a-4713-8794-dd21a82a9574,2025,Canada,North America,Bangalore,NextGen Analytics,Enterprise,Tech,Systems Engineer,Mid,False,,0.01,"SQL, Data Analysis, Communication, Cloud Computing",Not Specified,88563,-1.97,0.66,False,High,17,Mature
1d5e00ae-9ba8-446d-b092-a0995ddb74e6,2011,Kenya,Africa,Nairobi,NextGen Technologies,Enterprise,Healthcare,Research Scientist,Intern,False,,0.13,"Communication, Business Analysis, Software Engineering, SQL, Research",Not Specified,17009,1.83,0.66,False,Low,1,Emerging
bbfc709d-d558-433a-8a3c-83309e436480,2013,New Zealand,Oceania,Dubai,Global Analytics,Enterprise,Healthcare,Software Engineer,Junior,True,"reinforcement learning, MLOps, deep learning",0.7,"Statistics, Software Engineering, Python, Data Analysis, Cloud Computing, Business Analysis","reinforcement learning, MLOps, deep learning",87651,4.35,0.21,True,High,17,Emerging
c7a785d8-417b-4513-9c81-344b52c1e11c,2014,Colombia,South America,Singapore,Global Technologies,Large,Retail,Policy Analyst,Executive,True,"reinforcement learning, NLP, computer vision, MLOps",0.88,"Cloud Computing, Python, Data Analysis, Statistics","reinforcement learning, NLP, computer vision, MLOps",53005,-0.4,0.18,True,High,3,Emerging
f85909e0-9a8b-48b4-86d4-062457bc17c6,2010,South Korea,East Asia,Singapore,Future Technologies,Large,Tech,Product Manager,Lead,False,,0.16,"Cloud Computing, SQL, Data Analysis",Not Specified,59394,2.06,0.71,False,Medium,6,Emerging
5740b249-b42e-4845-880b-58039ec87ca3,2021,Taiwan,East Asia,New York,Prime Solutions,Startup,Agriculture,AI Researcher,Executive,True,"MLOps, deep learning, reinforcement learning, computer vision",0.67,"SQL, Python, Statistics, Project Management","MLOps, deep learning, reinforcement learning, computer vision",108248,6.39,0.15,True,High,1,Growing
1a6a23c3-f5b7-4e52-b92b-f8141ebfef03,2013,Indonesia,Southeast Asia,Singapore,Future Technologies,Startup,Healthcare,Operations Manager,Intern,False,,0.09,"Python, Cloud Computing, Statistics, Data Analysis",Not Specified,37510,4.68,0.89,False,Medium,8,Emerging
b273ff26-7435-4076-9bca-8ecd4ecfc91b,2010,Japan,East Asia,Paris,Future Technologies,Small,Manufacturing,Operations Manager,Mid,False,,0.02,"Data Analysis, Python, Business Analysis, Statistics",Not Specified,53772,-3.55,0.74,False,Low,6,Emerging
875f023b-01d7-4fd6-928f-8a3ab3a1c403,2023,New Zealand,Oceania,New York,NextGen Solutions,Small,Manufacturing,Business Analyst,Intern,False,,0.04,"Cloud Computing, Statistics, SQL, Software Engineering",Not Specified,98774,-4.3,0.71,False,High,3,Growing
39824c47-3535-45ce-82e4-841f30389038,2025,Nepal,South Asia,Dubai,Prime Technologies,Enterprise,Tech,Product Manager,Intern,True,"computer vision, reinforcement learning, generative AI, deep learning",0.64,"Communication, Research, Project Management, Statistics","computer vision, reinforcement learning, generative AI, deep learning",36664,9.19,0.19,True,High,10,Mature
17f00f6f-c96f-43cf-907b-f02879f47657,2010,Sri Lanka,South Asia,Sydney,NextGen Solutions,Large,Agriculture,AI Researcher,Junior,False,,0.05,"Software Engineering, Business Analysis, SQL, Python, Data Analysis",Not Specified,19472,-1.73,0.64,False,Low,8,Emerging
ef7c9945-8d52-42b9-acba-8b25900d8137,2016,South Korea,East Asia,Paris,Prime Solutions,Startup,Healthcare,Research Scientist,Executive,False,,0.0,"Cloud Computing, Business Analysis, Statistics, Communication, Software Engineering, Research",Not Specified,57399,-0.06,0.74,False,High,9,Emerging
7ebd6e32-34fe-4ea6-8645-9451dafc0f34,2015,Bangladesh,South Asia,Bangalore,Global Systems,Startup,Retail,Operations Manager,Lead,False,,0.02,"Statistics, Research, Project Management, Data Analysis, SQL",Not Specified,25205,3.38,0.7,False,Medium,1,Emerging
7a0cb4f1-afc8-4a60-8708-9c8c14d28083,2012,Italy,Europe,Tokyo,Prime Solutions,Medium,Tech,Software Engineer,Senior,True,"NLP, MLOps",0.63,"Software Engineering, SQL, Cloud Computing, Business Analysis","NLP, MLOps",82158,-4.41,0.37,True,Medium,14,Emerging
44b36e27-08ee-4ad3-81ed-0bfc1f1bff04,2022,Australia,Oceania,Toronto,Global Solutions,Small,Tech,Operations Manager,Lead,True,deep learning,0.6,"Data Analysis, Python, Research, Business Analysis",deep learning,109255,7.42,0.25,True,Low,8,Mature
fefec667-54b5-493a-98ec-18526383b774,2022,Colombia,South America,Nairobi,Future Systems,Small,Retail,Policy Analyst,Executive,False,,0.09,"Cloud Computing, Software Engineering, SQL",Not Specified,47847,-1.36,0.8,False,High,17,Growing
0e58e36b-b400-4574-9450-9ada900c4971,2017,Italy,Europe,Toronto,NextGen Solutions,Small,Agriculture,Software Engineer,Executive,False,,0.02,"Business Analysis, Statistics, Project Management, Communication, Python, Data Analysis",Not Specified,64032,-4.58,0.81,False,High,5,Growing
50f1c798-f0e6-47f6-922d-2f9654f9f80a,2014,Jordan,Middle East,New York,NextGen Technologies,Startup,Healthcare,Research Scientist,Mid,False,,0.16,"Statistics, SQL, Project Management, Communication, Python",Not Specified,58661,-1.3,0.89,False,High,17,Emerging
18d5fb1e-e34d-4b09-aff3-711dfb9ff7d7,2013,Taiwan,East Asia,Sao Paulo,Prime Analytics,Large,Manufacturing,Data Scientist,Mid,False,,0.12,"Project Management, Data Analysis, Python, SQL",Not Specified,57360,-3.89,0.89,False,Low,0,Emerging
216b15d3-ed5e-463c-bff8-82427c7cade4,2019,South Korea,East Asia,Nairobi,Prime Systems,Small,Tech,Operations Manager,Mid,False,,0.18,"Business Analysis, Research, SQL",Not Specified,67999,3.45,0.8,False,High,2,Growing
655ec79c-721a-4a37-8d17-cc962aead698,2023,Kenya,Africa,Toronto,Future Systems,Medium,Agriculture,Data Scientist,Executive,True,"generative AI, deep learning, LLMs",0.71,"Business Analysis, SQL, Cloud Computing, Software Engineering, Communication","generative AI, deep learning, LLMs",38277,17.65,0.34,True,Low,2,Growing
0db071c0-2c4f-4db7-8b6c-326308f5bdb3,2019,Qatar,Middle East,Seoul,Prime Analytics,Large,Retail,Data Scientist,Junior,True,"reinforcement learning, deep learning, machine learning, NLP",0.75,"Cloud Computing, SQL, Statistics","reinforcement learning, deep learning, machine learning, NLP",100013,14.93,0.27,True,Medium,16,Growing
96e2576c-cac4-44be-be38-b8cb9937e958,2010,Jordan,Middle East,Dubai,Global Technologies,Startup,Healthcare,ML Engineer,Mid,False,,0.12,"SQL, Communication, Data Analysis, Business Analysis",Not Specified,54103,-4.58,0.8,False,High,1,Emerging
d2670961-dbd4-4fec-bd1a-bcabaf51819e,2018,Vietnam,Southeast Asia,Nairobi,Future Solutions,Small,Manufacturing,Product Manager,Junior,False,,0.08,"Communication, SQL, Cloud Computing, Software Engineering, Business Analysis, Python",Not Specified,32916,0.81,0.64,False,High,6,Growing
f6d95393-c808-4ff1-98cd-4ded8f9b2d3f,2015,China,East Asia,Tokyo,Future Analytics,Enterprise,Manufacturing,ML Engineer,Junior,False,,0.08,"SQL, Business Analysis, Data Analysis, Software Engineering",Not Specified,71081,1.61,0.87,False,Low,18,Emerging
5ef541d9-188b-42b3-b7bf-ee9facfb5b90,2012,South Korea,East Asia,Toronto,Prime Systems,Startup,Agriculture,Data Scientist,Executive,False,,0.03,"Research, Software Engineering, Data Analysis",Not Specified,49643,0.95,0.74,False,High,5,Emerging
36ebf748-230d-4269-8dea-ef5ec6b7f3e3,2024,Nigeria,Africa,Lagos,Prime Solutions,Small,Manufacturing,Product Manager,Lead,True,"deep learning, MLOps, LLMs, generative AI",0.87,"Communication, Software Engineering, Cloud Computing","deep learning, MLOps, LLMs, generative AI",31164,5.58,0.2,True,Low,13,Growing
d3c34b6c-feb5-4599-bb85-40ce0244520c,2025,Chile,South America,Nairobi,NextGen Technologies,Enterprise,Tech,Operations Manager,Lead,False,,0.03,"SQL, Project Management, Statistics, Research, Cloud Computing, Communication",Not Specified,49187,-1.26,0.71,False,Medium,2,Mature
c2eeabb8-5763-49e0-9454-af05e8a90af6,2015,Australia,Oceania,New York,Future Solutions,Startup,Manufacturing,Software Engineer,Senior,True,"MLOps, computer vision, reinforcement learning, NLP",0.91,"Cloud Computing, Python, Statistics","MLOps, computer vision, reinforcement learning, NLP",108161,0.25,0.28,True,Low,19,Emerging
e11b8559-03eb-40bb-ae09-e1842c06659f,2020,South Africa,Africa,Toronto,NextGen Analytics,Medium,Agriculture,Software Engineer,Executive,True,"reinforcement learning, generative AI, machine learning, LLMs",0.9,"Statistics, Business Analysis, SQL, Python","reinforcement learning, generative AI, machine learning, LLMs",37516,9.07,0.18,True,Low,8,Growing
1ec80d88-7f24-4111-b55b-0f83de0347ad,2019,Philippines,Southeast Asia,Sydney,Prime Systems,Medium,Agriculture,Software Engineer,Senior,False,,0.05,"Project Management, Statistics, Cloud Computing",Not Specified,33602,3.94,0.69,False,Low,4,Growing
813b643b-3cfc-455d-8f28-f2adb29f06f2,2012,Peru,South America,Seoul,Future Analytics,Large,Healthcare,Systems Engineer,Lead,False,,0.07,"Data Analysis, Python, SQL",Not Specified,41491,1.13,0.72,False,Low,10,Emerging
2c1f8eb7-af13-4aa1-90d3-bae70ecadc75,2019,Australia,Oceania,Sydney,Global Solutions,Small,Healthcare,ML Engineer,Mid,False,,0.11,"Statistics, Research, Software Engineering, SQL, Cloud Computing",Not Specified,73713,-1.18,0.8,False,Low,6,Growing
d0d1e8a4-a617-40b8-ad70-a102157e9a4c,2010,Egypt,Africa,Toronto,Future Analytics,Startup,Retail,AI Researcher,Lead,False,,0.01,"Data Analysis, Cloud Computing, Business Analysis, Software Engineering, Statistics",Not Specified,16767,-4.06,0.61,False,High,12,Emerging
9fe6ca01-752d-4f9b-86ae-b070ba260e11,2019,United States,North America,Nairobi,Prime Systems,Small,Agriculture,Software Engineer,Mid,False,,0.15,"Software Engineering, Project Management, Statistics, Research",Not Specified,95516,0.34,0.81,False,Medium,0,Growing
3a19c6f2-f43f-4ba0-9f0b-abc2245372b3,2013,Mexico,North America,London,NextGen Systems,Small,Healthcare,Research Scientist,Junior,False,,0.2,"Python, Communication, Statistics, Data Analysis",Not Specified,83019,3.9,0.61,False,Low,17,Emerging
e202f0c7-5516-4b0e-8a4a-8bbeda70afa2,2012,Sri Lanka,South Asia,Berlin,Prime Systems,Large,Agriculture,AI Researcher,Junior,False,,0.14,"SQL, Business Analysis, Data Analysis, Cloud Computing",Not Specified,22859,1.36,0.68,False,Low,17,Emerging
ea5c6b51-c312-40c4-a9b2-366853350c80,2010,UAE,Middle East,Toronto,Prime Solutions,Large,Healthcare,Data Scientist,Intern,False,,0.0,"Data Analysis, Project Management, Research, Business Analysis, Statistics, Cloud Computing",Not Specified,46219,-4.67,0.89,False,Medium,3,Emerging
be295a89-7a32-47f7-af55-a802088afba2,2021,Australia,Oceania,Seoul,Prime Analytics,Large,Healthcare,Operations Manager,Junior,False,,0.08,"Software Engineering, Python, Cloud Computing, Research, SQL, Data Analysis",Not Specified,75587,-4.18,0.66,False,Medium,4,Growing
6011de78-811b-4018-8625-ee4cea72cb29,2024,Jordan,Middle East,Berlin,Future Analytics,Startup,Agriculture,AI Researcher,Senior,False,,0.12,"Python, Research, Data Analysis",Not Specified,80727,-1.44,0.74,False,Medium,3,Growing
764e10dd-80b6-4e9a-a240-9b49ded1f947,2023,Sweden,Europe,Bangalore,Global Analytics,Large,Tech,Research Scientist,Executive,True,"computer vision, deep learning, NLP",0.77,"Business Analysis, Statistics, Data Analysis, Communication","computer vision, deep learning, NLP",128591,10.99,0.27,True,High,19,Mature
49ec2c1f-1a35-4061-bf1f-046ba188adaf,2020,New Zealand,Oceania,Tokyo,Prime Systems,Medium,Tech,Systems Engineer,Executive,False,,0.03,"Communication, SQL, Python, Data Analysis, Research, Cloud Computing",Not Specified,97032,-1.04,0.88,False,Medium,10,Growing
ccc73814-658f-4d3f-89b8-f2f4c0cf3f70,2021,Singapore,Southeast Asia,Tokyo,NextGen Solutions,Startup,Manufacturing,Systems Engineer,Senior,False,,0.06,"Software Engineering, Data Analysis, Business Analysis, Communication, Statistics",Not Specified,36645,-2.02,0.71,False,Low,11,Growing
f4125e3e-44de-42d7-8093-75a04eec314a,2022,Japan,East Asia,Seoul,Global Systems,Enterprise,Retail,Business Analyst,Mid,True,"NLP, generative AI, reinforcement learning, computer vision",0.76,"Cloud Computing, SQL, Business Analysis, Software Engineering","NLP, generative AI, reinforcement learning, computer vision",105006,5.05,0.2,True,Low,14,Growing
9b7e44b6-79de-4b56-9019-355db028a185,2025,UAE,Middle East,Sydney,NextGen Solutions,Large,Manufacturing,ML Engineer,Executive,False,,0.07,"Python, Statistics, Project Management, Communication",Not Specified,79674,4.32,0.71,False,Medium,2,Growing
76f427fd-85cd-4c1e-8835-9b0b7da319cc,2025,South Africa,Africa,New York,Prime Systems,Enterprise,Tech,Product Manager,Lead,True,"generative AI, reinforcement learning",0.78,"Statistics, Python, Software Engineering, Research","generative AI, reinforcement learning",41332,10.16,0.15,True,Low,6,Mature
14013151-b5ae-4b18-afe9-ccb428e2e502,2014,Italy,Europe,Sydney,NextGen Analytics,Startup,Tech,AI Researcher,Senior,True,"reinforcement learning, machine learning, deep learning, computer vision",0.93,"Statistics, Software Engineering, Cloud Computing","reinforcement learning, machine learning, deep learning, computer vision",90976,-2.83,0.19,True,Medium,1,Emerging
7cae7001-fd34-4ee5-ad4f-244ae53c51f3,2025,Thailand,Southeast Asia,Toronto,Prime Systems,Small,Tech,AI Researcher,Lead,True,generative AI,0.47,"Software Engineering, Data Analysis, Project Management, Statistics, Cloud Computing, SQL",generative AI,53298,13.66,0.25,True,High,11,Mature
5fa111c0-2740-4916-92a7-4989f268a043,2020,New Zealand,Oceania,Sao Paulo,Future Solutions,Enterprise,Retail,Data Scientist,Mid,False,,0.16,"Project Management, Statistics, Communication, Business Analysis, Python, Software Engineering",Not Specified,75140,0.08,0.76,False,Medium,16,Growing
05033fe0-a5a1-4dcd-9308-d17e86f4c265,2021,Australia,Oceania,Lagos,Global Technologies,Enterprise,Healthcare,AI Researcher,Junior,False,,0.16,"Communication, Cloud Computing, SQL, Research",Not Specified,76533,-3.59,0.62,False,Medium,12,Growing
4f0f2cfc-570d-448b-95f4-1338a1d73293,2013,Australia,Oceania,Toronto,NextGen Technologies,Large,Healthcare,Systems Engineer,Junior,False,,0.03,"Software Engineering, Research, Business Analysis",Not Specified,64432,4.11,0.72,False,High,1,Emerging
5fafdb9a-7f8b-441d-a71f-869e559b4953,2016,Australia,Oceania,London,NextGen Solutions,Startup,Tech,Systems Engineer,Junior,False,,0.03,"Cloud Computing, Software Engineering, Business Analysis, Research, SQL, Project Management",Not Specified,70600,0.72,0.87,False,Medium,2,Emerging
5af45168-dc1d-4782-880c-61f79f55e975,2025,Mexico,North America,Dubai,Prime Systems,Startup,Agriculture,Systems Engineer,Junior,False,,0.04,"Cloud Computing, Software Engineering, Statistics, Data Analysis",Not Specified,94892,1.82,0.83,False,High,0,Growing
a56e3ad2-8b75-49fc-8558-8cf8dfdeba3b,2012,United States,North America,London,Prime Systems,Large,Manufacturing,Operations Manager,Junior,False,,0.03,"Project Management, Research, Software Engineering, Python",Not Specified,84324,0.39,0.73,False,High,19,Emerging
b5ef616c-abb5-4843-9cd8-0a18dd7f34f3,2011,Pakistan,South Asia,Sao Paulo,Global Systems,Startup,Agriculture,Policy Analyst,Senior,False,,0.18,"Python, SQL, Data Analysis",Not Specified,22303,1.19,0.62,False,High,13,Emerging
697fa5ae-255c-4bc8-b27d-32b7c091448c,2012,Thailand,Southeast Asia,Lagos,NextGen Systems,Startup,Agriculture,Research Scientist,Junior,False,,0.03,"Python, Project Management, Statistics",Not Specified,33654,-3.09,0.63,False,Medium,9,Emerging
accf4a7c-1088-440e-bbf2-30dbd8d9e037,2024,UAE,Middle East,Tokyo,Global Technologies,Enterprise,Agriculture,Systems Engineer,Executive,True,"deep learning, generative AI, MLOps, LLMs",0.73,"Python, Project Management, Statistics, Cloud Computing","deep learning, generative AI, MLOps, LLMs",108190,17.33,0.15,True,High,8,Growing
8fb0ad0d-9051-4adb-993d-9d35a6eb9c63,2013,Mexico,North America,Dubai,Prime Systems,Small,Healthcare,Product Manager,Executive,False,,0.16,"SQL, Statistics, Business Analysis, Research, Software Engineering, Data Analysis",Not Specified,73876,-2.95,0.67,False,Low,3,Emerging
4bfdbfc1-1fa9-4b69-bae7-4bb748a7c115,2013,South Africa,Africa,Berlin,Future Solutions,Large,Healthcare,Policy Analyst,Senior,False,,0.17,"Software Engineering, Data Analysis, Research, Project Management",Not Specified,21754,2.59,0.84,False,Medium,1,Emerging
bbd376e2-259c-426f-9380-d78c0bfbf13b,2021,Chile,South America,Lagos,Global Analytics,Startup,Tech,Operations Manager,Senior,False,,0.04,"Python, Research, Communication, Cloud Computing",Not Specified,46428,1.48,0.67,False,Medium,8,Growing
c122735d-32da-43c6-9470-cdcd8f012aec,2017,Indonesia,Southeast Asia,London,NextGen Technologies,Startup,Retail,Systems Engineer,Senior,False,,0.05,"Project Management, Cloud Computing, Research, Business Analysis",Not Specified,37674,2.9,0.68,False,Low,13,Growing
ec52d405-b688-4bd6-b430-d343c7fdb6ef,2024,Australia,Oceania,Berlin,Prime Analytics,Enterprise,Agriculture,Software Engineer,Executive,False,,0.08,"Data Analysis, Python, Project Management, Research",Not Specified,86405,1.02,0.9,False,Low,7,Growing
1c57aba1-9cbc-440f-b26c-6f58933a8f66,2015,Australia,Oceania,Toronto,Prime Technologies,Medium,Retail,Policy Analyst,Junior,True,MLOps,0.83,"Project Management, Python, Software Engineering, Business Analysis, Communication",MLOps,115154,-3.46,0.24,True,High,13,Emerging
3a788dda-b649-46f2-9c22-57f57a691cf0,2017,United States,North America,New York,Prime Systems,Large,Healthcare,Business Analyst,Senior,False,,0.05,"Communication, Project Management, Data Analysis, SQL, Research, Statistics",Not Specified,74698,4.8,0.68,False,Low,11,Growing
7cb4c621-73c4-4e9b-ae21-d55f74392a28,2013,Egypt,Africa,Berlin,Future Solutions,Medium,Tech,Software Engineer,Mid,True,"machine learning, deep learning, NLP",0.74,"Communication, Python, Business Analysis, Research, Data Analysis, SQL","machine learning, deep learning, NLP",23858,-0.42,0.14,True,Low,19,Emerging
c4fe4a60-3a50-40b8-946b-f84168986bb4,2023,United States,North America,Dubai,NextGen Analytics,Small,Tech,Research Scientist,Junior,True,MLOps,0.95,"Data Analysis, Research, SQL, Cloud Computing, Communication",MLOps,136758,8.38,0.29,True,High,12,Mature
7d521136-9cbe-41c6-a184-a9b209effb63,2013,Mexico,North America,Sydney,Future Technologies,Enterprise,Agriculture,Research Scientist,Intern,False,,0.04,"Python, Statistics, Business Analysis, Project Management",Not Specified,73916,-3.62,0.82,False,High,10,Emerging
03bee223-1e91-4c6b-8ce0-6164505e8cd4,2024,Chile,South America,New York,Prime Analytics,Large,Healthcare,Policy Analyst,Lead,False,,0.11,"Research, SQL, Python, Communication, Business Analysis",Not Specified,50728,-2.23,0.65,False,Low,14,Growing
75c184b7-7814-431d-b44c-985274c3138b,2013,Morocco,Africa,Singapore,NextGen Analytics,Small,Tech,Operations Manager,Senior,False,,0.13,"Data Analysis, Cloud Computing, Communication",Not Specified,17176,-0.52,0.66,False,Low,16,Emerging
a76fe534-a0f8-4500-9617-6d80a6f2640e,2020,Bangladesh,South Asia,Toronto,Future Solutions,Medium,Manufacturing,AI Researcher,Lead,False,,0.0,"Python, Research, Project Management, Software Engineering, Cloud Computing, SQL",Not Specified,22756,-4.12,0.8,False,Low,2,Growing
5a00a507-6ecd-498c-beb8-8ec3616a0ee6,2011,South Korea,East Asia,Berlin,Prime Solutions,Medium,Agriculture,Product Manager,Mid,False,,0.14,"Research, Communication, SQL",Not Specified,63222,1.09,0.74,False,Medium,6,Emerging
f349ceb5-c830-4958-afad-56be680c07b7,2017,Argentina,South America,Toronto,NextGen Systems,Enterprise,Healthcare,Product Manager,Mid,True,reinforcement learning,0.8,"Cloud Computing, SQL, Project Management, Communication, Business Analysis",reinforcement learning,61534,1.27,0.12,True,Low,15,Growing
4677868a-3344-4a55-894b-da113efdb952,2023,Chile,South America,Sao Paulo,NextGen Technologies,Small,Manufacturing,Operations Manager,Executive,True,"reinforcement learning, MLOps",0.57,"Software Engineering, Project Management, Cloud Computing","reinforcement learning, MLOps",75457,9.56,0.37,True,Low,7,Growing
bccac694-f759-48c9-960e-a729b447e35b,2014,Poland,Europe,Toronto,NextGen Solutions,Small,Healthcare,Business Analyst,Executive,True,"MLOps, machine learning",0.76,"Communication, SQL, Software Engineering, Business Analysis, Cloud Computing","MLOps, machine learning",102334,-0.38,0.3,True,Low,4,Emerging
f108eaa7-a4e7-472c-9865-e8fd00ea291c,2016,Australia,Oceania,Singapore,Prime Solutions,Startup,Retail,Data Scientist,Lead,False,,0.07,"SQL, Business Analysis, Research, Communication, Statistics, Project Management",Not Specified,77841,-3.75,0.74,False,High,14,Emerging
15edaae6-ad82-4957-875c-71f0a67608c9,2024,Saudi Arabia,Middle East,Bangalore,Global Solutions,Enterprise,Manufacturing,Product Manager,Intern,True,"deep learning, reinforcement learning, generative AI, MLOps",0.81,"Software Engineering, Project Management, Business Analysis, SQL, Communication, Data Analysis","deep learning, reinforcement learning, generative AI, MLOps",85296,12.29,0.34,True,High,5,Growing
ce0cda19-14cb-48a9-b22f-6f8143a2d2e3,2022,Poland,Europe,Lagos,Global Systems,Small,Healthcare,Data Scientist,Junior,False,,0.05,"Statistics, Cloud Computing, Data Analysis, Python, Software Engineering, Project Management",Not Specified,70249,-4.59,0.89,False,Medium,13,Growing
70454c5a-b399-4da9-bce4-fec6740e10c9,2019,Colombia,South America,Sydney,NextGen Systems,Startup,Healthcare,AI Researcher,Intern,False,,0.04,"Business Analysis, Data Analysis, SQL",Not Specified,42136,2.19,0.67,False,Low,1,Growing
5a33e63d-a373-4109-8177-7f17f6edb836,2015,Taiwan,East Asia,Tokyo,Prime Technologies,Enterprise,Healthcare,Product Manager,Junior,True,"reinforcement learning, NLP",0.82,"Software Engineering, Business Analysis, Cloud Computing, SQL, Project Management, Data Analysis","reinforcement learning, NLP",93883,-3.81,0.32,True,High,6,Emerging
e2640aa9-0c76-4515-ac8a-5ede25badae1,2021,Japan,East Asia,Singapore,NextGen Analytics,Medium,Agriculture,Systems Engineer,Executive,True,MLOps,0.59,"Communication, Statistics, Business Analysis",MLOps,88396,9.35,0.29,True,Low,11,Growing
85475690-b508-4a32-8f80-416a4220b144,2019,Australia,Oceania,Sao Paulo,Global Technologies,Large,Retail,Operations Manager,Senior,True,"deep learning, computer vision, reinforcement learning, MLOps",0.53,"Statistics, Python, Software Engineering, Cloud Computing, SQL, Data Analysis","deep learning, computer vision, reinforcement learning, MLOps",116985,14.4,0.3,True,Low,8,Growing
9a25380e-aae3-459a-9f2e-f6d0dafc68ea,2016,Australia,Oceania,Nairobi,Future Solutions,Enterprise,Manufacturing,Business Analyst,Executive,False,,0.04,"SQL, Project Management, Software Engineering, Business Analysis",Not Specified,67630,-1.66,0.81,False,Medium,5,Emerging
96d5e876-f89c-4fc8-9734-8cce47221fd3,2014,United States,North America,Nairobi,Future Technologies,Startup,Agriculture,Policy Analyst,Junior,False,,0.18,"SQL, Project Management, Data Analysis, Python",Not Specified,67546,1.85,0.87,False,Low,2,Emerging
a3a80871-6fd1-4b8e-89b7-361d7e095e7e,2024,Brazil,South America,Paris,Future Analytics,Small,Retail,Policy Analyst,Executive,False,,0.1,"Statistics, Research, Business Analysis",Not Specified,51449,-1.03,0.64,False,High,11,Growing
5c61e414-361f-46a5-a692-365e9d63cad8,2015,Pakistan,South Asia,Nairobi,Global Analytics,Large,Retail,AI Researcher,Intern,False,,0.18,"SQL, Communication, Project Management",Not Specified,23294,3.42,0.77,False,Medium,13,Emerging
b714dc1f-90cf-4d8f-85ca-45a86e2cd9cb,2011,Nigeria,Africa,Seoul,NextGen Systems,Small,Manufacturing,Systems Engineer,Junior,False,,0.05,"Data Analysis, Research, Business Analysis",Not Specified,17292,-1.72,0.63,False,Low,8,Emerging
7f6c4ff4-85fa-4779-8b36-6965fcb7bb09,2014,Australia,Oceania,Nairobi,Future Solutions,Enterprise,Manufacturing,Operations Manager,Executive,False,,0.07,"Research, Communication, Python, Statistics",Not Specified,81096,3.16,0.71,False,Low,11,Emerging
e0e731f1-4e93-4e05-8531-edbe98c3a60d,2018,Israel,Middle East,Singapore,Future Solutions,Enterprise,Tech,Systems Engineer,Senior,True,MLOps,0.67,"Communication, Cloud Computing, Data Analysis, Python, Software Engineering, Research",MLOps,94865,16.15,0.37,True,Low,18,Growing
56d22a30-2439-4e98-a651-600369e617f9,2021,Mexico,North America,Toronto,Global Analytics,Medium,Manufacturing,Software Engineer,Lead,True,generative AI,0.64,"Project Management, SQL, Communication, Statistics",generative AI,125054,9.52,0.12,True,Low,1,Growing
172705af-11d0-4ae5-9c51-a4096f1dcc1a,2013,Vietnam,Southeast Asia,Berlin,Prime Solutions,Small,Retail,Business Analyst,Intern,False,,0.13,"Software Engineering, Communication, Data Analysis, SQL",Not Specified,35777,-0.15,0.61,False,Medium,16,Emerging
076c1290-26da-462f-b752-3159e013b1e7,2016,United States,North America,Dubai,Global Analytics,Large,Tech,Policy Analyst,Mid,False,,0.15,"Business Analysis, Python, Cloud Computing, Research",Not Specified,94753,-4.96,0.68,False,High,19,Emerging
9e9825ad-8ffe-43e7-949b-90bcd418fce4,2011,Qatar,Middle East,Tokyo,NextGen Analytics,Startup,Manufacturing,Systems Engineer,Mid,False,,0.08,"Data Analysis, SQL, Communication, Cloud Computing, Business Analysis, Statistics",Not Specified,52830,-3.62,0.75,False,Medium,8,Emerging
5dd171f3-9299-4116-81af-a5831bee1f51,2025,India,South Asia,Dubai,Prime Solutions,Medium,Agriculture,Research Scientist,Intern,False,,0.16,"Business Analysis, SQL, Data Analysis, Python, Software Engineering, Research",Not Specified,29823,3.7,0.64,False,Low,0,Growing
ada400cc-e430-464d-ba6f-e46ce7a78c3b,2023,Argentina,South America,Lagos,Global Analytics,Large,Agriculture,Operations Manager,Mid,True,"generative AI, reinforcement learning, NLP",0.63,"Cloud Computing, Data Analysis, Software Engineering, Project Management, Communication, Research","generative AI, reinforcement learning, NLP",74557,11.43,0.17,True,High,10,Growing
4f6a5a1b-aee9-4d51-ab81-1fdc79a75d87,2025,India,South Asia,Bangalore,Future Technologies,Enterprise,Healthcare,Operations Manager,Senior,True,"reinforcement learning, generative AI, deep learning, LLMs",0.43,"Data Analysis, Software Engineering, Research, SQL, Cloud Computing, Project Management","reinforcement learning, generative AI, deep learning, LLMs",44704,14.53,0.39,True,Medium,0,Growing
147aed46-6884-436f-ac07-8de2038f464b,2022,Pakistan,South Asia,Bangalore,Prime Solutions,Large,Retail,Research Scientist,Mid,False,,0.11,"Statistics, Communication, Project Management, Python, Business Analysis, Software Engineering",Not Specified,23377,0.56,0.73,False,High,16,Growing
8ff725bc-74fd-438a-82d4-85d0fc00ab66,2025,Singapore,Southeast Asia,Lagos,NextGen Analytics,Small,Tech,Product Manager,Intern,True,"NLP, generative AI",0.82,"Research, Communication, Statistics","NLP, generative AI",64343,12.46,0.19,True,Low,11,Mature
2785ae1b-eed0-4796-bed6-af9d2290feeb,2018,Kenya,Africa,Paris,Global Technologies,Small,Retail,Operations Manager,Mid,False,,0.04,"Cloud Computing, SQL, Python",Not Specified,20152,2.41,0.85,False,Medium,16,Growing
b8acd0fa-ebfe-4245-b7f8-746a2032a227,2021,Indonesia,Southeast Asia,Paris,NextGen Analytics,Small,Manufacturing,Product Manager,Executive,False,,0.15,"Data Analysis, Project Management, SQL, Cloud Computing, Software Engineering, Business Analysis",Not Specified,45064,-2.62,0.82,False,High,4,Growing
3662f4fe-b750-4f52-b7b0-5b367c065226,2020,United States,North America,Paris,NextGen Systems,Medium,Tech,Business Analyst,Lead,True,generative AI,0.41,"SQL, Data Analysis, Cloud Computing, Business Analysis, Statistics",generative AI,141589,12.08,0.32,True,High,5,Growing
6d54d25f-7d69-42d9-8e60-027916b4152b,2025,Qatar,Middle East,Bangalore,Future Systems,Large,Tech,Software Engineer,Junior,False,,0.03,"Business Analysis, SQL, Python",Not Specified,64915,1.04,0.82,False,Medium,0,Mature
a3b6c842-c1ca-4cc3-8041-69253d4c0f73,2020,South Korea,East Asia,Sydney,Future Technologies,Enterprise,Agriculture,ML Engineer,Intern,False,,0.1,"Project Management, Cloud Computing, SQL",Not Specified,76073,4.23,0.82,False,Low,10,Growing
d6faed8f-1499-4f45-af42-9da2241556b6,2012,Singapore,Southeast Asia,Singapore,NextGen Analytics,Small,Healthcare,Systems Engineer,Intern,False,,0.18,"Business Analysis, Statistics, Python",Not Specified,30948,4.98,0.8,False,High,16,Emerging
3a6158ac-54f9-4792-affc-8c753519f9ca,2011,Indonesia,Southeast Asia,Lagos,Future Analytics,Enterprise,Tech,ML Engineer,Lead,False,,0.04,"Project Management, Communication, Statistics, SQL",Not Specified,33989,1.24,0.87,False,Medium,8,Emerging
772760db-3f29-43f7-bcab-b58e8466fe8f,2010,India,South Asia,Singapore,Prime Solutions,Medium,Retail,ML Engineer,Executive,False,,0.09,"SQL, Statistics, Business Analysis, Data Analysis, Research",Not Specified,19899,1.47,0.89,False,Medium,2,Emerging
8f0e5c29-b4fb-42d9-a641-3101dd5c7a69,2014,Australia,Oceania,Lagos,NextGen Solutions,Enterprise,Healthcare,Systems Engineer,Junior,True,"deep learning, reinforcement learning, computer vision, MLOps",0.5,"SQL, Research, Communication, Business Analysis, Python, Statistics","deep learning, reinforcement learning, computer vision, MLOps",93614,0.99,0.14,True,Low,15,Emerging
e2d5127f-d80d-4dc9-b18d-c81681e3ab2c,2025,Sri Lanka,South Asia,Sydney,NextGen Solutions,Small,Retail,AI Researcher,Junior,False,,0.07,"Project Management, Research, Cloud Computing, Data Analysis, Communication",Not Specified,25782,-2.11,0.6,False,Low,3,Growing
5c9d990a-86a4-41f9-84bd-cd01acb14fce,2025,Japan,East Asia,Berlin,NextGen Analytics,Small,Tech,Operations Manager,Lead,True,"LLMs, MLOps, reinforcement learning",0.51,"Research, Data Analysis, SQL","LLMs, MLOps, reinforcement learning",100836,13.24,0.27,True,Low,5,Mature
c94c0a56-9d22-4a81-82b9-b9e4d5fb29eb,2016,Indonesia,Southeast Asia,New York,Future Technologies,Startup,Manufacturing,Data Scientist,Senior,False,,0.08,"Project Management, Research, SQL, Communication, Business Analysis, Cloud Computing",Not Specified,31661,-0.93,0.65,False,Low,15,Emerging
00fea908-86d2-482e-bdf6-fef27489b99c,2012,United States,North America,Sydney,Prime Analytics,Medium,Manufacturing,Operations Manager,Intern,False,,0.02,"Data Analysis, Statistics, Business Analysis, SQL",Not Specified,77312,4.48,0.73,False,High,4,Emerging
270ddf47-b86e-4a0d-bf01-6b53b1ac31f5,2022,New Zealand,Oceania,Sao Paulo,Prime Technologies,Enterprise,Tech,Research Scientist,Senior,True,"NLP, deep learning, generative AI",0.4,"Communication, Software Engineering, Statistics","NLP, deep learning, generative AI",138918,8.35,0.36,True,Low,11,Mature
99ecbb6c-f3c5-4058-a98a-4691f49c1806,2012,Pakistan,South Asia,Singapore,Global Systems,Small,Manufacturing,Operations Manager,Intern,False,,0.09,"Communication, Software Engineering, Data Analysis",Not Specified,24327,-1.33,0.88,False,High,8,Emerging
443653fe-046f-4329-b0e6-d83ae2a339c0,2018,New Zealand,Oceania,Tokyo,Global Solutions,Medium,Retail,Software Engineer,Executive,False,,0.16,"Data Analysis, Cloud Computing, Software Engineering",Not Specified,85554,2.68,0.82,False,High,17,Growing
8e0d9334-14f9-4e94-8900-85c8d5589d7a,2021,Malaysia,Southeast Asia,London,Global Systems,Large,Agriculture,Product Manager,Intern,False,,0.03,"Python, Business Analysis, Project Management, Data Analysis, Statistics",Not Specified,36347,0.28,0.63,False,Low,16,Growing
afd06e3f-b963-4862-aed5-065780affa5d,2023,Vietnam,Southeast Asia,Dubai,NextGen Technologies,Large,Agriculture,Research Scientist,Junior,True,"generative AI, deep learning, reinforcement learning, NLP",0.58,"Communication, Project Management, Business Analysis","generative AI, deep learning, reinforcement learning, NLP",64660,5.27,0.3,True,Medium,13,Growing
42615ef8-69bb-47b4-95a2-43f9be8d613d,2012,Australia,Oceania,London,Future Solutions,Startup,Healthcare,ML Engineer,Senior,False,,0.15,"Data Analysis, Business Analysis, SQL, Cloud Computing",Not Specified,75562,-0.94,0.86,False,Medium,2,Emerging
a45ff997-c2fe-4452-b434-520a9081345a,2010,Ghana,Africa,London,NextGen Technologies,Enterprise,Healthcare,Systems Engineer,Junior,False,,0.18,"Business Analysis, Statistics, Research",Not Specified,18948,-1.98,0.66,False,Medium,12,Emerging
4f4c3be8-4866-4e06-9f89-e8e1c0a4b81f,2018,Chile,South America,Sydney,NextGen Solutions,Small,Manufacturing,Business Analyst,Senior,False,,0.17,"Data Analysis, Project Management, Communication",Not Specified,43283,1.66,0.63,False,High,19,Growing
b93d147c-d90c-47fb-9d95-fc6047dee15a,2019,Australia,Oceania,Lagos,Future Systems,Small,Retail,Operations Manager,Senior,False,,0.06,"SQL, Statistics, Communication, Project Management, Python",Not Specified,72679,-1.05,0.88,False,Low,0,Growing
54a25bae-2615-4a12-a70c-f2046c30c685,2022,Vietnam,Southeast Asia,Berlin,Prime Systems,Large,Manufacturing,Product Manager,Senior,True,generative AI,0.74,"Data Analysis, Statistics, Cloud Computing, Project Management",generative AI,55178,15.86,0.19,True,Low,14,Growing
ad8ff684-6513-409c-b8bd-e0b96981caf5,2017,Nepal,South Asia,Berlin,Future Solutions,Small,Retail,Policy Analyst,Junior,False,,0.09,"Cloud Computing, Project Management, Python",Not Specified,24851,-0.97,0.8,False,High,13,Growing
133f16fd-a4a9-4bdf-b03a-f74b1851fa12,2014,Sri Lanka,South Asia,Dubai,Prime Technologies,Enterprise,Healthcare,Policy Analyst,Intern,False,,0.08,"SQL, Statistics, Communication, Project Management, Cloud Computing, Business Analysis",Not Specified,19578,4.0,0.86,False,Medium,3,Emerging
f74ec7c8-5704-4f7f-bf70-bb28def0f96c,2021,Netherlands,Europe,Seoul,NextGen Solutions,Small,Tech,Data Scientist,Mid,False,,0.01,"Statistics, SQL, Cloud Computing, Software Engineering",Not Specified,71460,1.3,0.78,False,Medium,8,Growing
62207f63-4474-4877-a695-a685201c157b,2016,Australia,Oceania,Bangalore,Prime Systems,Enterprise,Healthcare,Operations Manager,Mid,False,,0.18,"Software Engineering, Python, SQL, Cloud Computing, Project Management",Not Specified,73254,2.35,0.7,False,High,17,Emerging
8329dfa3-95c0-40d6-947e-a68228fd3077,2011,Brazil,South America,Toronto,Prime Technologies,Enterprise,Tech,Policy Analyst,Executive,True,"deep learning, reinforcement learning, computer vision",0.43,"SQL, Software Engineering, Cloud Computing, Project Management","deep learning, reinforcement learning, computer vision",48683,-4.27,0.28,True,Medium,19,Emerging
9b280e39-3de4-4779-ab8b-f9062cca7684,2014,Peru,South America,Toronto,Future Solutions,Startup,Tech,Product Manager,Lead,False,,0.17,"SQL, Python, Data Analysis, Communication, Project Management, Cloud Computing",Not Specified,39358,-2.66,0.7,False,Low,9,Emerging
634d1849-dae8-48a7-a67a-5fbf7f91d26b,2019,Taiwan,East Asia,Dubai,Prime Technologies,Enterprise,Agriculture,Software Engineer,Intern,True,"machine learning, deep learning, computer vision",0.52,"Software Engineering, Project Management, Statistics, Data Analysis, Business Analysis, Research","machine learning, deep learning, computer vision",109244,7.1,0.16,True,Low,12,Growing
ae13453c-6774-4804-bfb5-0f3482d497eb,2025,Kenya,Africa,Tokyo,Prime Analytics,Medium,Manufacturing,Software Engineer,Intern,True,"computer vision, deep learning",0.63,"Statistics, Data Analysis, Project Management, Communication","computer vision, deep learning",36031,7.2,0.13,True,Low,2,Growing
2f4e273c-174d-48fd-a25c-6bd050750c03,2023,Peru,South America,Lagos,Future Systems,Small,Healthcare,Policy Analyst,Senior,True,deep learning,0.79,"Business Analysis, Communication, Software Engineering, Data Analysis, Cloud Computing, Research",deep learning,64812,14.14,0.28,True,Low,6,Growing
17d8d87e-caf7-4a25-9b89-580aea6b146e,2020,Jordan,Middle East,Sao Paulo,NextGen Technologies,Small,Agriculture,Systems Engineer,Lead,False,,0.17,"Data Analysis, SQL, Cloud Computing, Project Management, Python, Statistics",Not Specified,59562,-2.92,0.73,False,Low,12,Growing
3fcf9052-c8a9-4f96-aa65-e793867854c1,2015,India,South Asia,Seoul,Prime Systems,Large,Retail,AI Researcher,Executive,True,"MLOps, computer vision, reinforcement learning, deep learning",0.56,"Statistics, Business Analysis, Project Management, Research","MLOps, computer vision, reinforcement learning, deep learning",31424,1.74,0.4,True,Medium,17,Emerging
37fdc041-fbea-42bc-96b7-701d01609913,2021,Egypt,Africa,Lagos,Global Analytics,Small,Healthcare,Operations Manager,Junior,True,"deep learning, computer vision, NLP, generative AI",0.4,"Business Analysis, SQL, Communication, Software Engineering, Data Analysis, Project Management","deep learning, computer vision, NLP, generative AI",30804,7.89,0.2,True,Low,5,Growing
f6558b42-8fe0-4593-afe3-83dc2fe06e66,2021,Vietnam,Southeast Asia,Dubai,Global Systems,Small,Agriculture,Policy Analyst,Executive,False,,0.07,"Python, Communication, Data Analysis, Business Analysis, Software Engineering",Not Specified,44411,-3.56,0.65,False,Low,1,Growing
7add3516-efef-4b9f-9a42-203b45643366,2016,Malaysia,Southeast Asia,Bangalore,NextGen Solutions,Large,Manufacturing,Systems Engineer,Junior,False,,0.16,"Communication, Software Engineering, Project Management, Cloud Computing, Business Analysis, Python",Not Specified,36980,0.04,0.82,False,Medium,5,Emerging
d6ffac0f-6441-4874-8acf-b05404ffe10b,2011,Vietnam,Southeast Asia,Sao Paulo,Future Systems,Medium,Agriculture,Product Manager,Senior,False,,0.12,"Data Analysis, SQL, Business Analysis, Cloud Computing",Not Specified,26747,2.94,0.61,False,Low,17,Emerging
690c08f2-518c-4f9d-97cb-be7e10bc578f,2020,Australia,Oceania,Singapore,NextGen Analytics,Large,Tech,AI Researcher,Mid,True,"NLP, machine learning",0.77,"SQL, Project Management, Research","NLP, machine learning",127822,17.65,0.26,True,Medium,14,Growing
f8bbbcf0-0205-4228-8a39-10b28b3d310d,2011,Spain,Europe,Berlin,Global Technologies,Enterprise,Retail,Policy Analyst,Senior,False,,0.09,"Python, Data Analysis, Statistics, Research",Not Specified,58384,-1.43,0.79,False,Low,1,Emerging
d00bc23b-ec6a-40e7-894e-8c834e843405,2012,United States,North America,Lagos,Future Systems,Startup,Retail,AI Researcher,Intern,False,,0.19,"Research, Python, Project Management, SQL, Cloud Computing",Not Specified,64998,-1.58,0.63,False,Low,3,Emerging
618f10d7-7721-4600-be96-b8e1a73e571e,2018,Israel,Middle East,Berlin,Prime Technologies,Medium,Retail,Systems Engineer,Intern,True,deep learning,0.84,"Data Analysis, Research, Cloud Computing, Statistics",deep learning,94166,9.8,0.19,True,High,18,Growing
11bb33e8-5c08-48b5-8e74-16ae536b4184,2017,Philippines,Southeast Asia,Seoul,Prime Solutions,Enterprise,Retail,Systems Engineer,Senior,False,,0.0,"Python, SQL, Software Engineering, Data Analysis, Communication, Cloud Computing",Not Specified,33865,3.92,0.78,False,Medium,12,Growing
ac6bc4d5-7695-40c4-a372-4b7b5caf32ff,2019,UAE,Middle East,Sydney,Future Analytics,Large,Retail,AI Researcher,Intern,True,"MLOps, machine learning, computer vision, deep learning",0.84,"Communication, Research, Statistics, Business Analysis, Python, Data Analysis","MLOps, machine learning, computer vision, deep learning",77363,13.21,0.29,True,Medium,13,Growing
86fb3a19-eed7-4e4b-b587-6f910a487752,2015,Germany,Europe,Sydney,Prime Systems,Enterprise,Healthcare,Software Engineer,Executive,False,,0.08,"Python, Business Analysis, Project Management, Software Engineering",Not Specified,79279,4.59,0.73,False,Low,6,Emerging
01312481-0e32-4ffc-8bf5-db87a4dd6225,2016,UAE,Middle East,Bangalore,NextGen Analytics,Large,Manufacturing,Data Scientist,Senior,False,,0.07,"Project Management, Research, Python, Cloud Computing, SQL",Not Specified,62256,0.07,0.63,False,Low,14,Emerging
65e7078b-3764-4d59-b4cc-fe966900a9e4,2021,Saudi Arabia,Middle East,New York,Future Systems,Enterprise,Tech,Research Scientist,Lead,True,machine learning,0.88,"Business Analysis, Data Analysis, Statistics, Communication, Cloud Computing",machine learning,85476,5.32,0.17,True,High,8,Growing
f185ad36-991b-445d-830c-55ae002a6782,2020,Israel,Middle East,Paris,Future Technologies,Small,Retail,Business Analyst,Mid,True,generative AI,0.59,"Research, Statistics, Python, Business Analysis, Software Engineering",generative AI,96043,13.05,0.12,True,Medium,4,Growing
bd684435-3127-44bf-ac3d-887e31a30793,2018,Philippines,Southeast Asia,New York,Prime Solutions,Enterprise,Retail,Data Scientist,Mid,True,"machine learning, MLOps, NLP, reinforcement learning",0.44,"Data Analysis, Statistics, Software Engineering, Business Analysis","machine learning, MLOps, NLP, reinforcement learning",56038,8.87,0.3,True,Low,11,Growing
3b67f78b-1961-4847-81be-6e8639762ab9,2010,Argentina,South America,Lagos,Future Solutions,Startup,Tech,Product Manager,Lead,False,,0.19,"Software Engineering, Statistics, Project Management, SQL",Not Specified,36657,-0.34,0.65,False,Medium,5,Emerging
35d03843-2414-4d77-ac9b-3eee101a3068,2012,Chile,South America,Nairobi,NextGen Systems,Enterprise,Tech,Operations Manager,Mid,True,deep learning,0.48,"Software Engineering, Communication, Business Analysis, Cloud Computing",deep learning,52855,4.24,0.27,True,Low,1,Emerging
82128a3f-afa6-4a87-9172-e53837e627a6,2024,China,East Asia,Dubai,Prime Systems,Enterprise,Manufacturing,ML Engineer,Mid,True,MLOps,0.6,"Data Analysis, Python, Project Management, Statistics",MLOps,121091,15.21,0.36,True,High,4,Growing
75a5015f-5297-431a-9bdc-0fd0ce8a7fcd,2023,Brazil,South America,Berlin,NextGen Solutions,Medium,Manufacturing,Software Engineer,Mid,True,reinforcement learning,0.75,"Business Analysis, SQL, Data Analysis",reinforcement learning,70548,15.74,0.26,True,High,6,Growing
6b40abee-c777-4e32-9078-68699b700c46,2014,Chile,South America,Toronto,Prime Technologies,Startup,Manufacturing,Software Engineer,Junior,False,,0.05,"Statistics, Python, Research, Project Management, Communication, Data Analysis",Not Specified,44378,4.37,0.75,False,Medium,1,Emerging
d3fd3964-9d53-4498-902c-a3a9a0509f3b,2013,Japan,East Asia,Toronto,NextGen Analytics,Small,Healthcare,AI Researcher,Intern,False,,0.13,"Data Analysis, Software Engineering, Communication, Python, Project Management, Research",Not Specified,68143,-4.03,0.87,False,High,11,Emerging
cc05c631-f01b-4956-9b30-6d6ea8dc8514,2019,Mexico,North America,Bangalore,Global Technologies,Startup,Retail,Business Analyst,Senior,False,,0.16,"Project Management, Communication, Cloud Computing, Research, Data Analysis, Software Engineering",Not Specified,88834,3.92,0.84,False,High,9,Growing
aa40f716-066e-406a-b40d-c579a219283b,2023,Saudi Arabia,Middle East,Seoul,Global Systems,Enterprise,Manufacturing,Data Scientist,Senior,False,,0.11,"SQL, Python, Statistics",Not Specified,65610,4.0,0.7,False,High,7,Growing
4e36c04a-f44e-44fe-ab44-2d58006fd755,2017,Canada,North America,Bangalore,NextGen Systems,Startup,Tech,Operations Manager,Mid,False,,0.12,"Research, Cloud Computing, Statistics, Communication, SQL",Not Specified,85179,2.43,0.74,False,High,6,Growing
49e77618-3aca-47ab-b48c-c5f52c7fec87,2024,Argentina,South America,Paris,Prime Systems,Medium,Tech,Research Scientist,Senior,False,,0.17,"Data Analysis, Communication, Project Management, Research, Cloud Computing, Statistics",Not Specified,47796,-3.75,0.87,False,Low,9,Mature
9cf9e825-9d78-4368-aed8-f955f3b478b2,2025,Sri Lanka,South Asia,New York,NextGen Analytics,Enterprise,Agriculture,ML Engineer,Senior,False,,0.07,"Business Analysis, Project Management, Software Engineering, Data Analysis, Cloud Computing, Statistics",Not Specified,28091,-4.89,0.88,False,High,9,Growing
e2b5acc9-2634-4d82-8c68-1a86bd6a5faf,2013,Mexico,North America,Berlin,NextGen Systems,Enterprise,Manufacturing,Data Scientist,Executive,True,"reinforcement learning, MLOps, computer vision, deep learning",0.74,"Cloud Computing, SQL, Business Analysis, Communication, Statistics","reinforcement learning, MLOps, computer vision, deep learning",104993,2.33,0.28,True,Medium,8,Emerging
272bff3f-c81d-4217-840e-e8f66fc67586,2025,New Zealand,Oceania,New York,NextGen Systems,Startup,Retail,Software Engineer,Lead,True,"LLMs, computer vision",0.91,"Data Analysis, Software Engineering, Communication, SQL","LLMs, computer vision",116507,9.34,0.24,True,Low,2,Growing
b1b7f92f-ce79-4a51-9a6f-73039ee4e3e3,2025,Kenya,Africa,Bangalore,NextGen Solutions,Enterprise,Tech,ML Engineer,Junior,True,"NLP, LLMs, MLOps",0.61,"Python, Statistics, Business Analysis, Cloud Computing","NLP, LLMs, MLOps",31562,5.45,0.17,True,High,4,Mature
97d5a283-b133-4f1c-8c60-c0d37f5e6842,2011,Brazil,South America,Paris,Prime Systems,Small,Healthcare,Research Scientist,Junior,False,,0.16,"Cloud Computing, SQL, Project Management, Business Analysis, Research, Software Engineering",Not Specified,33183,4.07,0.87,False,Medium,1,Emerging
7df8eeef-5793-4241-9463-2c0829c5b269,2011,France,Europe,Sydney,NextGen Technologies,Small,Agriculture,Software Engineer,Junior,False,,0.19,"Software Engineering, Statistics, Project Management, Communication, SQL, Data Analysis",Not Specified,63893,-4.56,0.79,False,High,14,Emerging
85ff334d-38c8-4a6a-872b-d5d26d7513a0,2016,Colombia,South America,Dubai,NextGen Systems,Enterprise,Agriculture,AI Researcher,Mid,False,,0.02,"Project Management, SQL, Statistics, Research",Not Specified,40241,-3.75,0.77,False,Low,13,Emerging
8ef58c83-3935-4f86-8d81-872778aa72ae,2013,Colombia,South America,Bangalore,Global Technologies,Small,Manufacturing,Product Manager,Senior,False,,0.03,"Python, SQL, Cloud Computing, Statistics",Not Specified,34298,3.62,0.71,False,High,11,Emerging
31cdd680-fa15-4d6f-a121-6fb048c0ab15,2018,Colombia,South America,Nairobi,NextGen Solutions,Large,Agriculture,Software Engineer,Mid,True,"computer vision, MLOps, NLP",0.65,"Communication, Project Management, Python, Cloud Computing, Software Engineering","computer vision, MLOps, NLP",63546,13.02,0.22,True,High,9,Growing
a15f355e-8981-4e71-9cc6-04cccf38cf5f,2018,Australia,Oceania,London,Future Analytics,Startup,Healthcare,AI Researcher,Junior,True,computer vision,0.94,"Cloud Computing, Statistics, Communication, Software Engineering, Data Analysis, Python",computer vision,100430,17.43,0.17,True,High,4,Growing
fa63e0de-cfb9-4ffc-83d9-750fd227b692,2013,Saudi Arabia,Middle East,Berlin,Prime Analytics,Enterprise,Manufacturing,Business Analyst,Intern,True,"NLP, reinforcement learning, machine learning, MLOps",0.62,"Cloud Computing, Python, Data Analysis, SQL, Research","NLP, reinforcement learning, machine learning, MLOps",73419,-4.71,0.12,True,Low,1,Emerging
a8b56cc4-0e41-428b-a7a8-5b6b93a9ab23,2015,Japan,East Asia,Singapore,Future Technologies,Large,Tech,Data Scientist,Lead,False,,0.12,"Data Analysis, Project Management, Business Analysis, Statistics, Communication, Cloud Computing",Not Specified,67425,4.94,0.74,False,Medium,17,Emerging
0feface0-2428-42c7-82d3-54b332a42826,2024,Qatar,Middle East,Berlin,Future Systems,Large,Agriculture,Data Scientist,Lead,False,,0.02,"Data Analysis, SQL, Research",Not Specified,65919,0.42,0.85,False,Low,13,Growing
4fb8c20a-a3da-4cad-93b1-94c0fe5890b3,2012,Malaysia,Southeast Asia,Bangalore,Prime Analytics,Large,Retail,AI Researcher,Junior,False,,0.02,"Data Analysis, Cloud Computing, Software Engineering, Communication, Research",Not Specified,28378,-2.37,0.76,False,Low,17,Emerging
4a183446-fffe-4aba-9209-40f40f9caa87,2021,Brazil,South America,Bangalore,NextGen Solutions,Medium,Retail,Policy Analyst,Senior,False,,0.01,"Communication, SQL, Project Management, Cloud Computing, Software Engineering, Research",Not Specified,50527,1.71,0.86,False,High,8,Growing
1f408581-4312-4a9a-90cd-cc190be563b6,2010,China,East Asia,New York,Global Technologies,Small,Retail,Policy Analyst,Junior,False,,0.13,"Statistics, Research, Business Analysis",Not Specified,56203,-3.04,0.66,False,Low,10,Emerging
b41fe712-714b-43f8-895d-a6b2d9329d2e,2014,Nepal,South Asia,New York,Global Analytics,Small,Healthcare,Software Engineer,Executive,False,,0.01,"SQL, Statistics, Research",Not Specified,25210,0.93,0.78,False,Medium,19,Emerging
b50898ad-5253-4b81-874b-772b5c7ba91f,2024,South Africa,Africa,Dubai,Prime Systems,Medium,Retail,Research Scientist,Lead,True,"generative AI, machine learning, reinforcement learning",0.93,"Communication, Statistics, SQL, Software Engineering, Data Analysis","generative AI, machine learning, reinforcement learning",35141,10.88,0.16,True,Low,7,Growing
b77c7189-5135-4720-aa27-f7c9ef1d9270,2011,Philippines,Southeast Asia,Berlin,Prime Analytics,Large,Healthcare,Software Engineer,Lead,False,,0.03,"Software Engineering, Cloud Computing, Business Analysis, Python, Statistics",Not Specified,28578,4.17,0.86,False,Low,14,Emerging
ab46eece-6697-48de-a60d-5cfde0e50e2d,2020,India,South Asia,Seoul,Global Technologies,Small,Tech,AI Researcher,Intern,False,,0.08,"Software Engineering, Business Analysis, Statistics",Not Specified,22542,4.44,0.66,False,Low,3,Growing
b62a4f4a-0023-4de8-aebc-2aa8b260fe3e,2014,Argentina,South America,Singapore,Prime Analytics,Large,Manufacturing,Systems Engineer,Intern,True,"reinforcement learning, computer vision, MLOps",0.66,"Cloud Computing, Business Analysis, Data Analysis, SQL, Communication","reinforcement learning, computer vision, MLOps",60078,-0.8,0.16,True,High,10,Emerging
0dbbe6d9-5f27-455d-b115-4901e95bf9aa,2013,Chile,South America,Seoul,Global Solutions,Enterprise,Healthcare,Policy Analyst,Senior,False,,0.09,"SQL, Project Management, Research",Not Specified,43842,-1.19,0.73,False,High,11,Emerging
28d762c4-0db6-4580-a393-691fa1650381,2025,Canada,North America,Sydney,Prime Analytics,Large,Agriculture,Operations Manager,Intern,True,"computer vision, MLOps",0.95,"Data Analysis, Software Engineering, Research, SQL, Python","computer vision, MLOps",135746,5.92,0.31,True,Medium,2,Growing
77abd343-5376-408d-a5f8-498d11d41989,2018,Sri Lanka,South Asia,Tokyo,Prime Systems,Large,Healthcare,Data Scientist,Mid,False,,0.08,"Project Management, Research, SQL",Not Specified,22560,-1.99,0.88,False,Low,3,Growing
a0a970d9-7923-44dc-acbd-85061ebf8f05,2019,New Zealand,Oceania,Dubai,NextGen Solutions,Large,Retail,Software Engineer,Senior,False,,0.17,"Statistics, Python, Research, Data Analysis, Business Analysis, Project Management",Not Specified,87678,-1.87,0.9,False,Low,12,Growing
022d9526-baef-425a-ae78-a276d080f638,2012,Taiwan,East Asia,Seoul,Global Analytics,Medium,Manufacturing,Operations Manager,Senior,False,,0.16,"Statistics, Python, Cloud Computing",Not Specified,58450,0.78,0.67,False,Low,13,Emerging
f39d0225-3e3a-43cb-98d6-57cf9ee2868b,2014,Sweden,Europe,London,Future Systems,Small,Healthcare,Data Scientist,Senior,False,,0.18,"Business Analysis, Project Management, SQL, Software Engineering, Python, Data Analysis",Not Specified,60912,1.1,0.67,False,Low,12,Emerging
585c4ba9-e7a0-4c12-a3e8-ecfddf83921d,2021,Kenya,Africa,Singapore,Global Analytics,Startup,Healthcare,Product Manager,Lead,False,,0.13,"Research, Statistics, Software Engineering",Not Specified,20845,-0.38,0.74,False,Low,11,Growing
dc1552e2-b7ab-4ccd-b5c7-71d548ea1830,2018,Australia,Oceania,Tokyo,Future Systems,Startup,Manufacturing,Product Manager,Junior,False,,0.15,"Software Engineering, Data Analysis, Research, Communication, Project Management",Not Specified,82778,3.86,0.81,False,Medium,4,Growing
d12dcf5f-17f5-47e6-aec2-a1d3aa92a134,2024,Egypt,Africa,Seoul,Future Systems,Enterprise,Retail,Research Scientist,Senior,False,,0.0,"Statistics, Software Engineering, Business Analysis, Python, Research, Communication",Not Specified,24178,-3.32,0.79,False,High,0,Growing
7c56d1c5-64a6-4d60-956f-3552715c1ab8,2014,New Zealand,Oceania,Berlin,Global Analytics,Startup,Agriculture,Software Engineer,Mid,False,,0.16,"Software Engineering, Python, SQL, Communication",Not Specified,70285,-1.84,0.69,False,Medium,12,Emerging
5affb70d-ae8c-46db-9401-27c9a1c76715,2011,Israel,Middle East,Bangalore,Prime Analytics,Small,Tech,Research Scientist,Mid,False,,0.12,"SQL, Cloud Computing, Software Engineering, Statistics, Project Management, Research",Not Specified,44422,1.24,0.85,False,Low,9,Emerging
faa1f98d-e04d-4413-a437-67dffabcfcb9,2022,United States,North America,Paris,Future Technologies,Enterprise,Retail,Research Scientist,Lead,True,reinforcement learning,0.57,"Business Analysis, Software Engineering, Data Analysis",reinforcement learning,135429,7.7,0.37,True,Medium,17,Growing
6189f183-e714-4e2f-ae6c-25a84c3c463c,2014,Australia,Oceania,Bangalore,Future Analytics,Medium,Tech,Business Analyst,Mid,False,,0.19,"Research, Business Analysis, Project Management, Communication, Cloud Computing, SQL",Not Specified,73141,4.99,0.66,False,High,4,Emerging
bfa238ea-98a7-44a0-80da-16cc4f598cf2,2016,Nepal,South Asia,Berlin,Future Solutions,Startup,Healthcare,ML Engineer,Junior,False,,0.03,"Data Analysis, Project Management, Statistics, Business Analysis",Not Specified,21211,2.19,0.62,False,High,19,Emerging
f0eb7fa5-9fef-4ba6-ad28-ebee23de1d0e,2010,United States,North America,Toronto,Global Analytics,Enterprise,Retail,ML Engineer,Mid,False,,0.19,"Communication, SQL, Software Engineering, Statistics",Not Specified,73924,2.62,0.9,False,Medium,6,Emerging
bff97917-cb66-4fa7-bad3-c8f84a94d12c,2014,Saudi Arabia,Middle East,Seoul,Global Analytics,Small,Tech,Systems Engineer,Senior,False,,0.15,"Statistics, Communication, Software Engineering, Project Management, Python, Data Analysis",Not Specified,51782,0.73,0.63,False,High,7,Emerging
a7bd5d57-4b8c-4266-83b3-8b483d4710cc,2020,Australia,Oceania,Sao Paulo,NextGen Technologies,Medium,Manufacturing,Operations Manager,Executive,False,,0.13,"Cloud Computing, Business Analysis, Project Management, Python, Communication, Statistics",Not Specified,78924,4.62,0.8,False,Medium,3,Growing
a8480edd-4625-4ee8-b68c-d0183d38af2b,2022,Israel,Middle East,Bangalore,Prime Systems,Small,Tech,Policy Analyst,Mid,True,"machine learning, NLP",0.69,"Cloud Computing, Research, Project Management, Data Analysis, Communication, Python","machine learning, NLP",85705,17.03,0.16,True,High,17,Mature
1d8fcbd7-f80f-41af-82bb-8b1a6aced056,2024,Malaysia,Southeast Asia,Paris,Future Systems,Large,Manufacturing,Product Manager,Senior,True,"MLOps, generative AI",0.65,"Research, Project Management, Cloud Computing","MLOps, generative AI",62168,8.16,0.29,True,Low,9,Growing
bcee7689-5cae-441b-b9d9-8ca24b137347,2011,Brazil,South America,Toronto,NextGen Solutions,Enterprise,Retail,Policy Analyst,Intern,False,,0.2,"Statistics, Business Analysis, Research, Project Management, Software Engineering, Cloud Computing",Not Specified,32564,0.1,0.77,False,Medium,0,Emerging
7865cf46-ae06-4fcf-99b1-2eb4b1e8f983,2021,Mexico,North America,Sao Paulo,Prime Systems,Small,Manufacturing,Research Scientist,Senior,True,machine learning,0.65,"Research, SQL, Python, Cloud Computing",machine learning,148141,8.42,0.13,True,Low,12,Growing
96f9abd6-fbe8-45c4-b10e-3aedbc09e02e,2017,United Kingdom,Europe,Nairobi,NextGen Systems,Large,Healthcare,AI Researcher,Executive,False,,0.2,"Research, SQL, Communication, Statistics, Python",Not Specified,66934,2.74,0.67,False,Low,18,Growing
73864694-a970-424e-a47c-71edc92f7cb0,2018,Thailand,Southeast Asia,Seoul,Global Solutions,Large,Tech,Business Analyst,Intern,True,reinforcement learning,0.59,"Cloud Computing, Business Analysis, SQL, Software Engineering, Python",reinforcement learning,59589,11.95,0.17,True,Low,0,Growing
4f490bbb-80ec-488e-8c41-1f20e6ccc55d,2017,Mexico,North America,Tokyo,Prime Systems,Enterprise,Tech,AI Researcher,Executive,False,,0.11,"SQL, Business Analysis, Data Analysis, Communication, Research, Software Engineering",Not Specified,88967,-4.45,0.67,False,High,7,Growing
afd546d3-b62b-4959-8b6d-fc326badfd65,2020,Nigeria,Africa,Tokyo,Prime Solutions,Enterprise,Retail,Research Scientist,Senior,False,,0.02,"SQL, Python, Software Engineering, Data Analysis, Project Management",Not Specified,22638,0.05,0.71,False,Low,12,Growing
2f1a85d3-c16a-4c37-b099-4a8078527838,2022,France,Europe,Sao Paulo,Prime Technologies,Medium,Agriculture,Operations Manager,Intern,True,"NLP, MLOps",0.93,"Project Management, Software Engineering, Data Analysis, Cloud Computing","NLP, MLOps",100159,10.57,0.2,True,Medium,6,Growing
c39a37d7-8b9c-410e-9a40-1d51e17cc919,2015,Saudi Arabia,Middle East,Berlin,NextGen Analytics,Startup,Healthcare,Software Engineer,Lead,False,,0.18,"Software Engineering, Business Analysis, Communication, Cloud Computing, SQL, Project Management",Not Specified,52681,-2.26,0.71,False,Low,11,Emerging
5e242285-6371-44d5-bca1-0cc51eedfb1a,2022,New Zealand,Oceania,Toronto,Future Systems,Startup,Tech,Policy Analyst,Lead,True,"generative AI, computer vision, deep learning",0.49,"Statistics, Python, Communication","generative AI, computer vision, deep learning",109796,10.79,0.19,True,High,6,Mature
f7b77bf7-62da-4924-ba23-12cfb652e84c,2021,Chile,South America,Berlin,Future Systems,Small,Agriculture,Business Analyst,Mid,False,,0.02,"Business Analysis, Python, Communication, Statistics, Research",Not Specified,52485,3.17,0.74,False,Medium,13,Growing
1ccf4176-c7e0-4a6c-a6df-5297b0ff0f59,2023,Brazil,South America,Dubai,Global Technologies,Medium,Healthcare,Product Manager,Intern,False,,0.12,"Data Analysis, Project Management, Communication, SQL",Not Specified,49258,-2.69,0.83,False,High,10,Growing
68276ffd-6c9a-45fb-947d-bd6311f46e99,2024,Sri Lanka,South Asia,Seoul,Future Analytics,Large,Tech,Data Scientist,Lead,True,MLOps,0.44,"Statistics, Business Analysis, Software Engineering, Data Analysis, Cloud Computing",MLOps,34286,17.87,0.26,True,Low,18,Mature
686ee8cd-8546-46fb-8a3b-8e8ab115dfc6,2016,Jordan,Middle East,London,Global Technologies,Startup,Tech,ML Engineer,Mid,True,"MLOps, machine learning, computer vision",0.77,"Python, Data Analysis, Cloud Computing","MLOps, machine learning, computer vision",77543,3.73,0.31,True,Medium,9,Emerging
3cd891cf-f81c-481f-aadf-1f9c8a25e4cf,2017,Canada,North America,London,Global Technologies,Enterprise,Manufacturing,Product Manager,Intern,False,,0.17,"Communication, Python, Data Analysis",Not Specified,88172,-4.48,0.68,False,Medium,8,Growing
89dfadd5-e012-4688-ab4b-03fc266374e8,2017,Indonesia,Southeast Asia,Toronto,NextGen Technologies,Large,Agriculture,ML Engineer,Senior,False,,0.02,"Business Analysis, Project Management, Software Engineering, Research, SQL, Python",Not Specified,32173,4.44,0.67,False,Medium,1,Growing
98d382d2-cf97-4d70-bb65-181efd66bb02,2024,Mexico,North America,Sao Paulo,Prime Systems,Enterprise,Manufacturing,Operations Manager,Lead,False,,0.14,"Communication, SQL, Statistics",Not Specified,84613,0.07,0.77,False,High,16,Growing
052019bd-ed39-4d0c-8f27-ff28c46d0fb7,2018,Australia,Oceania,Berlin,Global Systems,Small,Retail,Business Analyst,Junior,True,"NLP, computer vision, MLOps",0.78,"Data Analysis, Python, Business Analysis","NLP, computer vision, MLOps",107286,6.95,0.1,True,Medium,3,Growing
2f40c3c8-f62e-4d75-9592-0cb176273038,2013,Peru,South America,Singapore,Prime Technologies,Enterprise,Retail,Operations Manager,Mid,False,,0.1,"Software Engineering, Python, Research",Not Specified,38307,4.37,0.68,False,Medium,16,Emerging
a0bd4658-1ddc-4d28-997e-787f883e3003,2025,Germany,Europe,Tokyo,NextGen Systems,Enterprise,Retail,ML Engineer,Mid,True,"machine learning, NLP",0.63,"Python, Software Engineering, Data Analysis, Communication, Project Management, Cloud Computing","machine learning, NLP",136141,16.54,0.25,True,High,2,Growing
4ddd1ecc-cf85-4dc7-b888-8b8f81a8ac0b,2012,Chile,South America,London,Prime Technologies,Small,Retail,Software Engineer,Junior,True,"MLOps, reinforcement learning",0.48,"Cloud Computing, Communication, Python","MLOps, reinforcement learning",58730,-0.9,0.23,True,Medium,16,Emerging
373034f0-76ae-4df1-97e0-8acfa6523200,2014,Bangladesh,South Asia,Dubai,Global Analytics,Medium,Tech,Business Analyst,Senior,False,,0.11,"Cloud Computing, Python, Statistics, Communication, Research, Data Analysis",Not Specified,22126,2.79,0.69,False,Medium,0,Emerging
60bb5c2b-7792-4937-981b-49df628e75c6,2018,New Zealand,Oceania,Toronto,Global Technologies,Medium,Retail,Operations Manager,Junior,False,,0.03,"Research, Data Analysis, Python",Not Specified,78304,1.71,0.83,False,Low,3,Growing
4cbfa614-c129-4fc0-adff-a0dd92839c73,2016,Australia,Oceania,Nairobi,NextGen Systems,Medium,Retail,Research Scientist,Lead,False,,0.19,"Project Management, Data Analysis, Statistics",Not Specified,80204,-4.05,0.81,False,Medium,5,Emerging
77de5d9e-5c12-43e3-8e8b-c26dcc3e65be,2019,New Zealand,Oceania,Sydney,Prime Systems,Medium,Manufacturing,Business Analyst,Junior,False,,0.12,"Research, Statistics, Software Engineering, Cloud Computing, SQL",Not Specified,93170,-2.05,0.74,False,Medium,14,Growing
78ee9b89-d12e-45e0-b4bc-78ea65daf1c6,2024,Mexico,North America,Bangalore,NextGen Solutions,Startup,Retail,Product Manager,Intern,False,,0.05,"Python, Project Management, Communication, Software Engineering",Not Specified,103720,-0.58,0.83,False,High,11,Growing
9c99a20d-c508-4cb8-b1c4-b53af022c615,2020,France,Europe,Tokyo,Prime Analytics,Small,Tech,Policy Analyst,Senior,False,,0.09,"Communication, Research, Python",Not Specified,74790,-0.05,0.84,False,Medium,11,Growing
6dd11c7e-7eb4-481f-b370-a7e654e1145d,2016,Mexico,North America,Tokyo,Prime Technologies,Large,Manufacturing,ML Engineer,Junior,False,,0.01,"Research, Project Management, Data Analysis, Business Analysis, Communication, Cloud Computing",Not Specified,80631,-1.35,0.85,False,Medium,1,Emerging
a2526224-652f-4f4a-a8dc-d80d12b0fd27,2024,Egypt,Africa,Toronto,Prime Solutions,Enterprise,Retail,Research Scientist,Mid,True,"generative AI, deep learning",0.85,"Communication, Python, Research, Cloud Computing, Data Analysis","generative AI, deep learning",37666,9.56,0.11,True,Low,18,Growing
307053d3-3878-4a94-876d-1b521ca14e19,2025,New Zealand,Oceania,Singapore,NextGen Solutions,Medium,Tech,Software Engineer,Lead,False,,0.09,"Cloud Computing, Statistics, Data Analysis",Not Specified,81868,-2.79,0.68,False,High,14,Mature
287c21ff-41f7-47b9-bece-db53534ee203,2015,Mexico,North America,Tokyo,Prime Analytics,Large,Tech,ML Engineer,Executive,False,,0.11,"Project Management, SQL, Communication",Not Specified,80949,3.01,0.83,False,Low,14,Emerging
3280d7c4-5128-4939-b9ca-0404a62d5938,2021,Colombia,South America,Toronto,NextGen Solutions,Startup,Healthcare,ML Engineer,Senior,False,,0.14,"Communication, Python, SQL",Not Specified,52031,-1.49,0.77,False,Medium,16,Growing
ab2b18de-a3f7-4f6e-b54c-979f3077406e,2019,Malaysia,Southeast Asia,Toronto,NextGen Technologies,Medium,Agriculture,ML Engineer,Junior,True,"computer vision, NLP, reinforcement learning",0.9,"Business Analysis, SQL, Python, Project Management, Software Engineering","computer vision, NLP, reinforcement learning",56706,8.1,0.38,True,Low,15,Growing
204256ba-5901-4348-b90f-333d39c752db,2018,Sweden,Europe,London,Global Analytics,Large,Retail,Research Scientist,Mid,False,,0.12,"Software Engineering, Business Analysis, Data Analysis, Project Management",Not Specified,80111,-4.04,0.64,False,Low,8,Growing
14eef4a1-2827-426f-b3c8-3bb810516a06,2025,South Korea,East Asia,Tokyo,Prime Technologies,Small,Agriculture,Data Scientist,Senior,True,"computer vision, NLP, LLMs, reinforcement learning",0.95,"Software Engineering, Communication, Research, Business Analysis","computer vision, NLP, LLMs, reinforcement learning",106824,12.19,0.39,True,High,16,Growing
2aba5217-532a-409c-a8e3-2e329e99c427,2013,Spain,Europe,Singapore,Prime Solutions,Enterprise,Healthcare,Data Scientist,Junior,False,,0.06,"Business Analysis, Software Engineering, Communication, Research",Not Specified,58320,-4.01,0.62,False,High,18,Emerging
c4f14b95-7fc7-433a-b628-920eb99866f6,2021,South Korea,East Asia,Bangalore,Future Solutions,Startup,Retail,Software Engineer,Junior,False,,0.19,"Data Analysis, Cloud Computing, Project Management",Not Specified,64277,-0.67,0.77,False,Medium,4,Growing
1a7b5ce7-8605-44e3-a2f1-723c6e480df4,2015,China,East Asia,Berlin,Global Solutions,Enterprise,Agriculture,Systems Engineer,Lead,True,"NLP, deep learning, MLOps, reinforcement learning",0.77,"Software Engineering, Business Analysis, Cloud Computing","NLP, deep learning, MLOps, reinforcement learning",86256,-3.39,0.36,True,Medium,12,Emerging
2094eeb0-13b2-4fae-b086-f070ec494a45,2015,Indonesia,Southeast Asia,Tokyo,Global Systems,Medium,Manufacturing,AI Researcher,Junior,False,,0.06,"Cloud Computing, Data Analysis, Project Management",Not Specified,33729,-4.78,0.69,False,Low,8,Emerging
ff148884-e18a-4a5a-b899-241eebf32b99,2025,Pakistan,South Asia,Tokyo,NextGen Technologies,Startup,Retail,ML Engineer,Mid,True,machine learning,0.53,"Software Engineering, Communication, Project Management, SQL, Research",machine learning,37739,8.25,0.38,True,High,7,Growing
9f69f4ce-5fe9-44db-9541-478ebe28422b,2018,Chile,South America,Sydney,Future Analytics,Large,Healthcare,Policy Analyst,Senior,False,,0.07,"Software Engineering, Statistics, Business Analysis, Communication",Not Specified,37089,-4.26,0.79,False,Low,13,Growing
79d26161-8cc1-4d98-ab0d-3ebea91f2a1b,2024,India,South Asia,Tokyo,Future Analytics,Enterprise,Tech,Software Engineer,Executive,True,LLMs,0.56,"Software Engineering, Project Management, Business Analysis",LLMs,35755,11.0,0.1,True,Low,11,Mature
